Tweet_count,Username,Text,Created At,Retweets,Likes
1,Kyle Samani,"@0xGumshoe @multicoincap This is an unnecessary generalization

Ethereum never had a North Star. Solana does

That’s the difference",Fri Jan 31 01:36:04 +0000 2025,0,13
2,Ryan Selkis (d/acc) 🇺🇸,"""I was catastrophically wrong, so now I'll be 10x as catastrophically wrong, rather than revisit my priors.""

It's ok @evan_van_ness, ETH is still great.",Thu Jan 30 17:09:07 +0000 2025,0,22
3,toly 🇺🇸,@benafisch @gakonst Solana and ethereum could post data to each other ex-blobs to make it bi directional,Thu Jan 30 03:38:48 +0000 2025,0,8
4,raj 🖤,@GeormanZ too many words. just launch on solana,Thu Jan 30 02:11:57 +0000 2025,2,45
5,raj 🖤,@0xKawz @solana indeed,Thu Jan 30 01:51:22 +0000 2025,0,5
6,raj 🖤,"just got two separate pieces of news that tell me 2025 is going to be solana summer v3.

for two completely separate reasons. LFG",Wed Jan 29 22:33:23 +0000 2025,323,2767
7,Kyle Samani,"you can try to be ultrasound money

or you can try to compete with solana

but you can't be both. this proposal, while actually quite interesting, immediately destroys all credibility as ultrasound money",Wed Jan 29 16:24:28 +0000 2025,6,179
8,toly 🇺🇸,"@Kaleb0x @0xBreadguy How do you prove to the L1 bridge contract that alt-da data wasn’t withheld?  (Hint, if you could then you don’t need L2s, solana and ethereum can have fully trustless bridges between them)",Tue Jan 28 03:38:08 +0000 2025,0,9
9,toly 🇺🇸,It would be cool if each solana DEX flipped eth,Mon Jan 27 18:39:10 +0000 2025,65,685
10,raj 🖤,"had a problem with the solana labs @vestaboard and @dgp helped me instantly, directly, on a sunday. founder mode!",Mon Jan 27 00:40:12 +0000 2025,1,48
11,toly 🇺🇸,"@iampaulgrewal @coinbase @SECGov 💯💯💯 

The solana ecosystem is blessed to have @coinbase in our corner.",Sat Jan 25 16:58:52 +0000 2025,31,640
12,raj 🖤,"if you're in crypto, pivot to solana",Sat Jan 25 15:08:19 +0000 2025,641,4548
13,raj 🖤,"in q4 of 2024 I got asked a lot about whether solana could compete with better funded, centralized platforms that launched their own L2's and L1's. the main questions were about whether developers could count on solana for distribution.

I haven't heard that question in 2025.",Sat Jan 25 15:00:10 +0000 2025,30,475
14,raj 🖤,"@Brandon_M_Kumar what part of their broken solana infrastructure had to do with caution toward security / fraud, exactly?",Sat Jan 25 05:25:51 +0000 2025,1,56
15,Ryan Selkis (d/acc) 🇺🇸,"@BrantlyMillegan I think ETH and SOL are too similar, though. Which is why I'm in camps #1 or #2. Tiebreaker against ETH may have been the PoS switcheroo.",Fri Jan 24 21:20:10 +0000 2025,0,6
16,toly 🇺🇸,"@FigoETH &gt; Solana on the other side also doesn't have enough scalability (Trump crashed network, one single usecase; only 2k tps possible rn)

Bugs != lack of scalability. 

jito had a bug, and the scheduler had a bug.  engage the frontal cortex pls",Fri Jan 24 18:03:05 +0000 2025,0,12
17,Ryan Selkis (d/acc) 🇺🇸,"Frauds misinterpret my thoughts on the SBR and new crypto rules.

1. XRP isn't a security (Safe Harbor)
2. ETH Gud. SOL Gud. Not reserve assets, tho!
3. BTC is unique as a reserve.

If 47 disagrees, I won't be offended. But I'll also know I can't really be of much help anymore.",Fri Jan 24 17:02:46 +0000 2025,18,189
18,toly 🇺🇸,"@redacted_noah @portport255 @TrustlessState @bw_solana @AltcoinAssasin A single fee market saturating the chain causes an effective qos failure for all the other users.  So to a user that’s expecting 0.01 fees from their non defi app, it’s an effective liveness failure.  No good.  Isolation failed.",Fri Jan 24 16:11:07 +0000 2025,0,2
19,toly 🇺🇸,"@TrustlessState @bw_solana @AltcoinAssasin But in that state, the fee market became global instead of local. So a single app saturated the whole chain. That is the current state across all the L2s and ethereum L1.  So are they down 100% of the time then?",Fri Jan 24 15:52:38 +0000 2025,0,6
20,toly 🇺🇸,"@TrustlessState @bw_solana @AltcoinAssasin Sure.  Solana was down for the majority of users, fix incoming asap.",Fri Jan 24 15:47:35 +0000 2025,1,13
21,toly 🇺🇸,"@TrustlessState @bw_solana @AltcoinAssasin When they block all other txs, but on their own it’s ok.",Fri Jan 24 15:46:59 +0000 2025,0,2
22,toly 🇺🇸,@TrustlessState @bw_solana @AltcoinAssasin Yes!  It’s super high priority to fix asap.,Fri Jan 24 15:45:49 +0000 2025,0,6
23,toly 🇺🇸,"@bw_solana @TrustlessState @AltcoinAssasin High paying txs still landed without issues.  A bunch of wallets just weren’t setup to deal with fee spikes, they are now.",Fri Jan 24 15:44:12 +0000 2025,0,2
24,toly 🇺🇸,"@0xUsamaro @mdudas &gt; i was just pointing to the diverse successful financial apps building on ETH that shouldn’t be forgotten when it comes to its valuation

Why? If those apps do nothing for eth value capture, why do they matter?",Fri Jan 24 13:54:32 +0000 2025,0,1
25,toly 🇺🇸,@TrustlessState @ShivanshuMadan .@jito_sol bug causes fees to spike. Otherwise it mostly worked ok.,Fri Jan 24 13:44:31 +0000 2025,0,6
26,Ryan Selkis (d/acc) 🇺🇸,"In 16 years, BTC has grown to $2 trillion. It’s 60% of the market ex-USD.

Blockspace is commoditized, ETH isn’t special. Its share keeps ticking lower vs peers like SOL.

Adding non-BTC assets to a reserve would be grifty, amateurish, and hurt the USD. Better off with nothing.",Fri Jan 24 03:24:05 +0000 2025,35,645
27,Ryan Selkis (d/acc) 🇺🇸,"Buying BTC would be like adding digital gold to the US treasury and it could be bundled with new types of bonds.

Buying ETH would be like adding Samsung, SOL like Apple. Good assets maybe, but for a sovereign wealth fund, not a Treasury reserve.

Buying XRP would be fiscal AIDS.",Fri Jan 24 00:49:03 +0000 2025,168,2389
28,raj 🖤,"advice from YC, but 100% applies to teams building on solana as well https://t.co/tR2lCBoWrv",Thu Jan 23 23:41:18 +0000 2025,57,431
29,toly 🇺🇸,"@uriklarman @trentdotsol @MaxResnick1 @paladin_solana @0xMert_ Just an observation.  Slippage is application specific, not sure how to model it correctly to create a better scheduler. Maybe priority ordering + apps dynamic pricing could work like @MaxResnick1 suggested",Thu Jan 23 16:43:38 +0000 2025,0,3
30,toly 🇺🇸,@uriklarman @trentdotsol @MaxResnick1 @paladin_solana @0xMert_ DeFi priority fees have little to do with contention and everything to do with slippage and volatility,Thu Jan 23 16:37:26 +0000 2025,0,2
31,toly 🇺🇸,Solana is for everyone,Thu Jan 23 15:55:54 +0000 2025,72,711
32,toly 🇺🇸,"@uriklarman @trentdotsol @MaxResnick1 @paladin_solana Priority fees are basically paying only to get into the block before slippage is exceeded.  It’s not even write saturation on the state, it’s contention with how much the state changes.",Thu Jan 23 14:13:04 +0000 2025,0,1
33,Kyle Samani,"3/ Specifically, the post tackles TAM and value capture, and most importantly, describes how Solana DeFi can beat TradFi at its own game on core performance metrics such as latency and spreads

Cheers!

{fin}",Wed Jan 22 17:23:12 +0000 2025,2,99
34,Kyle Samani,"2/ Solana is now a $100B asset. Market cap is like gravity. The higher it is, the higher everyone's expectations should be

The essay shares how we underwrite holding SOL north of $100B",Wed Jan 22 17:23:11 +0000 2025,4,105
35,Kyle Samani,"0/ @multicoincap has been investing in SOL since May 2018

In that time, we have published 4 theses to share our views on how we think about Solana

Today I'm excited to share the 5th in that series:

The Solana Thesis: Internet Capital Markets

(link in next tweet) https://t.co/b0L9Y9qj6m",Wed Jan 22 17:23:11 +0000 2025,167,981
36,Kyle Samani,@0xMert_ Justin Drake coined the term monolithic in the context of solana with specific pejorative intention,Wed Jan 22 14:44:17 +0000 2025,0,10
37,Tushar Jain,This is a succinct explanation of why excessively high SOL inflation crowds out other forms of financing activity in Solana DeFi.,Wed Jan 22 03:01:47 +0000 2025,20,93
38,Kyle Samani,"Ethereum was my entry into crypto in 2016. I fell in love with the vision for permissionless finance and smart contracts. 

ETH was my first meaningful source of wealth

In 2017 Ethereum was the center of crypto. Up 100x in a year. ICOs. Future of finance. Gas fees spiking.",Tue Jan 21 23:09:07 +0000 2025,187,2147
39,toly 🇺🇸,@koeppelmann @svantetobias Solana is Monet! https://t.co/BiAxJrbNij,Tue Jan 21 19:59:48 +0000 2025,0,4
40,Kyle Samani,@zachxbt @Iam_Polycarp @MickiCrossChain What’s your solana address,Tue Jan 21 14:02:25 +0000 2025,0,12
41,toly 🇺🇸,Fixed before all the solana needs L2 posts,Mon Jan 20 01:57:44 +0000 2025,29,527
42,Ryan Selkis (d/acc) 🇺🇸,@nanye_eth You’re welcome. I’ve done more this year for Ethereum than anyone since Vitalik.,Mon Jan 20 00:01:22 +0000 2025,0,1
43,Tushar Jain,"@7LayerMagik @smyyguy It could be interesting to explore tranche commissions for validators. For example, the first 1% APY of fees+inflation go to the validator and the rest go to the staker.

I think that would need to be a separate proposal though. We don't want Solana governance to be like US",Sun Jan 19 16:21:29 +0000 2025,0,0
44,Tushar Jain,Solana is overpaying for security. We don't need SOL inflation to be this high. The current SOL inflation curve was set by fiat at the start of the network and it no longer makes sense. It's time to move to a market based mechanism to set (and lower) inflation.,Sun Jan 19 16:03:09 +0000 2025,12,183
45,Kyle Samani,"@balajis Very myopic view

First step to doing anything in the world is to garner attention

All eyes on solana now",Sun Jan 19 15:02:06 +0000 2025,0,13
46,Chris Burniske,"@pokerchessman Solana is going to be taken to its limit, Firedancer can't come fast enough",Sun Jan 19 06:12:09 +0000 2025,0,19
47,Tushar Jain,"Solana went from outages anytime there was a big spike in demand to handling the highest volume onchain trading day on any chain ever.

Memecoins are how we stress test the rails for more socially valuable capital markets.",Sun Jan 19 01:09:27 +0000 2025,89,815
48,Kyle Samani,@_ryanrconnor ETH people,Sat Jan 18 22:21:44 +0000 2025,0,3
49,Kyle Samani,@0x_ultra What can you do on Ethereum that you can’t do on Solana?,Sat Jan 18 22:21:25 +0000 2025,0,20
50,Kyle Samani,"@jarxiao Strongly disagree

Step one to value creation is garnering attention

All eyes on solana memecoins now",Sat Jan 18 16:23:40 +0000 2025,1,69
51,Chris Burniske,"The incoming President just gave everyone license to launch a memecoin - $SOL is getting the message, buckle up. https://t.co/ZURQfsh8QI",Sat Jan 18 06:39:44 +0000 2025,154,1614
52,toly 🇺🇸,I am the nCMO of @Solana,Fri Jan 17 17:58:14 +0000 2025,61,535
53,toly 🇺🇸,@mteamisloading @wagmiAlexander @smyyguy does lido rev include eth inflation rewards?  I don’t think jito’s does.,Fri Jan 17 16:37:49 +0000 2025,0,0
54,toly 🇺🇸,"@mteamisloading @wagmiAlexander Then 🤷‍♂️.  The internet is for cats.  The previous meme meta was NFTs, now it’s memecoins.  Hopefully solana will capture the next meme meta as well.",Fri Jan 17 16:20:30 +0000 2025,0,8
55,toly 🇺🇸,"Solana is the first blockchain to hit pi block9 🥧🥧🥧

https://t.co/NiKylcYIyk",Fri Jan 17 04:05:57 +0000 2025,114,1165
56,Ryan Selkis (d/acc) 🇺🇸,"@JackGavigan Could grandfather in ETH and apply on a forward looking basis only.

Or you could hold ETH to token rules, which only applies to major holders, so doesn’t matter.

I just think the commodity thing is confusing and misses the point.",Thu Jan 16 21:08:13 +0000 2025,0,1
57,Kyle Samani,"Step 1) reduce SOL inflation

Step 2) long term staking

LFG",Thu Jan 16 17:55:50 +0000 2025,18,303
58,Tushar Jain,"Today @kankanivishal and I released a Solana Improvement Proposal to reduce Solana inflation. 

As Solana matures, stakers increasingly earn SOL through mechanisms like MEV. This income stream reduces the network's historical exclusive reliance on token emissions to attract stake",Thu Jan 16 17:23:06 +0000 2025,46,427
59,Kyle Samani,Solana leading the pack,Thu Jan 16 02:22:40 +0000 2025,8,145
60,Chris Burniske,"@Youclidean @AriDavidPaul note that I'm specifically talking about the majors here, which only BTC, ETH and SOL qualify as imo - there is a lot of hot air that needs to be decompressed to reality, and when BTC pulls back 50% we could see those things go down 95%+",Wed Jan 15 18:34:07 +0000 2025,0,19
61,Chris Burniske,"@drjasper_eth If you can read you'll see I explicitly warn against an ""up only"" mentality",Wed Jan 15 18:32:19 +0000 2025,0,14
62,toly 🇺🇸,@llamaonthebrink @smyyguy You can push a message from eth to solana through wormhole. The same honest majority risk exists of it landing as the one using the OP stack today.,Wed Jan 15 05:37:28 +0000 2025,0,4
63,Kyle Samani,"@harveymizzle despite all of those things

solana is surpassing ethereum on most on-chain metrics",Wed Jan 15 05:37:21 +0000 2025,0,2
64,toly 🇺🇸,"@portport255 @alexz7371 You can’t use eth vote pipeline for apps.  🙄🙄🙄 this is the same kind of bs that ended up helping solana over the long term. People constantly under estimated solana and assumed ethereum would close the gap within a year, every year for like 5 years at this point.",Wed Jan 15 05:15:06 +0000 2025,0,1
65,Chris Burniske,"$BTC worth ~$2T.
$ETH worth ~$400B.
$SOL worth ~$100B. 

These are amazing numbers considering less than 10 years ago $BTC was worth ~$3B. 

Cheer up, future is bright.",Wed Jan 15 00:10:59 +0000 2025,77,1140
66,Chris Burniske,"@crypto_condom @celestia People said the TIA unlocks would send the asset to zero and they were wrong - it's consolidated since the big unlock in a choppy market. Is it treading water and digesting unlocks? Yes. 

Similarly, SOL may have to digest, but ignoring the demand-side, or failing to estimate",Tue Jan 14 22:23:22 +0000 2025,9,133
67,Santiago R Santos,@luishxyz @inversion_cap @daimo_eth Mobile makes $,Tue Jan 14 14:42:57 +0000 2025,0,0
68,toly 🇺🇸,@portport255 Safety third! Now do eth load without any multisigs.,Tue Jan 14 00:46:37 +0000 2025,0,105
69,toly 🇺🇸,"@colludingnode @drjasper_eth @joaomendoncaaaa @lil_hat_slayer Lmao, Jamie diamond has no idea what open source is.  He is still fudding bitcoin",Tue Jan 14 00:36:40 +0000 2025,0,7
70,toly 🇺🇸,"@materkel @arbitrum @fuel_network @Starknet @dankrad None of the features that would justify the security arguments made it to prod though.  Blobs are the same thing fundamentally as solana.  Design wise, solana basically only has blobs.",Tue Jan 14 00:09:41 +0000 2025,0,7
71,toly 🇺🇸,"@mteamisloading Disorganized != decentralized.  If you don’t tell your own story someone else will, and it nearly always backfires as a strategy.  

I was arguing with people who specifically fudded solana, because I didn’t want them to tell solana’s story for me.",Mon Jan 13 20:15:33 +0000 2025,1,42
72,toly 🇺🇸,"FWIW this ended up as a huge net positive for solana. Eth aligned projects AND funds discounted solana’s tech progress as something ethereum would close in a year (every year for like 4 years).  

So while it was harder to bootstrap home grown projects on solana, it ended up a",Mon Jan 13 19:02:03 +0000 2025,14,180
73,toly 🇺🇸,"@jarxiao I have a wondrous solution to the read problem in solana, but unfortunately there isn’t enough space in this post to describe it.",Mon Jan 13 18:23:37 +0000 2025,0,10
74,toly 🇺🇸,@wireframepit .@jito_sol and @paladin_solana and @DFlowProtocol are on it.  Afaik there are no L1 blockers for them to ship.,Mon Jan 13 18:00:31 +0000 2025,1,32
75,toly 🇺🇸,"@Evan_ss6 Solana’s marketing is code you can run today in production 

https://t.co/lbbKQrnOp7",Mon Jan 13 17:50:31 +0000 2025,2,44
76,toly 🇺🇸,"So my pov, ethereum is 95% roadmap marketing. 

The merge took forever (1 or 2 years delayed?)

The rollup roadmap took forever as well and over promised and under delivered.  So for about 4 years I was constantly arguing with .eth influencers on this website comparing existing",Mon Jan 13 16:46:18 +0000 2025,91,1292
77,toly 🇺🇸,@udiWertheimer I will make eth holders pay for the data validating bridge,Sat Jan 11 23:25:04 +0000 2025,0,16
78,toly 🇺🇸,I want government regulation to be small enough that solana can win against Xrp or cardano or whatever else in the free market.,Sat Jan 11 21:37:51 +0000 2025,20,288
79,toly 🇺🇸,The solution is right in front of your eyes. Take wETH on solana. Build that data validating bridge Mr Gorbachev. https://t.co/Vf8pFjkdS0,Sat Jan 11 19:56:28 +0000 2025,2,58
80,toly 🇺🇸,@mteamisloading @rachinkalakheti @BSturisky It’s the same as a data validating bridge between eth and solana.  If there is a censorship fault the remote chains hard fork with the view of the bridge.  You get a split.,Sat Jan 11 19:54:25 +0000 2025,1,18
81,toly 🇺🇸,"@nickwh8te Despite my best efforts, I’ve failed to imbue the code with its own agency.  

Users only care about the confirmation from the sequencer.  If there is demand for das light clients there is enough solana startups to make it happen. If there is demand for trust minimized wrapped",Sat Jan 11 19:34:09 +0000 2025,1,25
82,toly 🇺🇸,"Ethereum will be fine. DA roadmap will actually achieve trust minimized bridging into high tps  sequencers, one of which may eventually end up solana mainnet if the blob capacity will ever be high enough. Blob fees will pay a lot more than the cost to run all boxes on the",Sat Jan 11 19:08:21 +0000 2025,27,292
83,toly 🇺🇸,@chrisdotsol Hell yea! Solana ASIC Addition hopefully.,Sat Jan 11 17:01:00 +0000 2025,0,12
84,Chris Burniske,@Ape_31 Heard the same about ETH &amp; SOL once,Fri Jan 10 21:58:57 +0000 2025,0,58
85,Chris Burniske,"No one uses it!
Unlocks will kill everyone!
Protocol fees are near zero!
VCs and insiders own too much!

What people say of $TIA now, they once said of $SOL. 

Aside from unlocks, $ETH received echoes of similar criticisms from early $BTC folks.

Without fail, trolls think",Fri Jan 10 21:55:54 +0000 2025,58,752
86,toly 🇺🇸,@NFT_Shooter @jon_charb @JacobArluck The best eth is on solana,Fri Jan 10 20:08:47 +0000 2025,0,2
87,Kyle Samani,@fede_intern @solana I'll take the under on that with up to $100m of size,Fri Jan 10 17:37:07 +0000 2025,0,2
88,Kyle Samani,Solana ecosystem continues to build net-new user experiences,Fri Jan 10 15:57:08 +0000 2025,23,183
89,toly 🇺🇸,@drjasper_eth @0xMert_ The wallets and tg trading bot operators surely realize this and can differentiate on sandwich resistance features and fight for market share.,Fri Jan 10 02:06:13 +0000 2025,0,0
90,toly 🇺🇸,@0xMert_ @solreader It’s the sol @garrytan didn’t pass on.,Fri Jan 10 01:49:52 +0000 2025,0,31
91,toly 🇺🇸,@IanSNorden @drjasper_eth @0xMert_ That’s been kind of the average,Fri Jan 10 01:46:29 +0000 2025,0,1
92,toly 🇺🇸,"@drjasper_eth @IanSNorden @0xMert_ Then all the validators will start sandwiching.  Users even have the option to sign txs such that they abort when executed by DN.  So if the users don’t care, they must be getting some benefit from using the slippage effectively as a priority fee.",Fri Jan 10 01:45:14 +0000 2025,0,0
93,toly 🇺🇸,"@IanSNorden @drjasper_eth @0xMert_ The network doesn’t have a “target”. There is an Eng desire to make sure it works at 10k and 50k, but the rest is up to the market to decide.  There just shouldn’t be any Eng blockers from scaling up.",Fri Jan 10 01:43:37 +0000 2025,0,2
94,toly 🇺🇸,"@drjasper_eth @0xMert_ &gt; This is not a good outcome - the network has centralized. 

Zero additional fault risk for users that run their own full node.  If there is less rewards, there isn’t a need for as many boxes to synchronize.  

If the users aka the wallets and dapps that serve them, don’t change",Fri Jan 10 01:42:07 +0000 2025,0,1
95,toly 🇺🇸,@IanSNorden @drjasper_eth @0xMert_ Base fee is more block capacity related.  If block CUs double the base fee should be safe to drop 50%,Fri Jan 10 01:35:16 +0000 2025,0,2
96,toly 🇺🇸,"@drjasper_eth @0xMert_ Because they are.  If a voting validator leaves the quorum, there is now more rewards for everyone else all things being equal.",Fri Jan 10 01:23:44 +0000 2025,0,1
97,toly 🇺🇸,"@drjasper_eth @0xMert_ 2000 boxes * 350/mo * 12 months is what the network needs to earn to break even.  This happens daily at times.  

Vote fees and inflation is just numbers moving around a block box.  Hardware costs are inescapable.",Fri Jan 10 01:03:30 +0000 2025,0,1
98,toly 🇺🇸,@drjasper_eth @0xMert_ How would other validators become unprofitable?  Current non Jito boxes are profitable even.,Fri Jan 10 00:53:38 +0000 2025,0,1
99,toly 🇺🇸,"The biggest competitor OP_CAT can have isn’t Ethereum, it’s Solana.",Thu Jan 09 23:15:52 +0000 2025,19,107
100,toly 🇺🇸,@DoctorBlocks @0xMert_ @paladin_solana Every problem is a business opportunity,Thu Jan 09 20:40:34 +0000 2025,0,8
101,toly 🇺🇸,@joku_attacks Is it more marginally better then the n+1 solana release in the big unknown,Thu Jan 09 17:45:36 +0000 2025,0,1
102,Chris Burniske,"@Hurren_eth @RaoulGMI Network effects are strong with Celestia, if I had to guess it's market structure that would worry Raoul for a bit here, which I understand. Also, TIA is currently at a stage where it's of most interest to developers, not *yet* consumers.",Thu Jan 09 17:36:56 +0000 2025,3,57
103,Chris Burniske,"@Hurren_eth @RaoulGMI I can see $TIA not being for Raoul this cycle, but wouldn’t surprise me to see him giving it a closer look into the end of the decade.",Thu Jan 09 16:44:00 +0000 2025,0,14
104,toly 🇺🇸,Hell yea. Solana == flying cars 🦾🦾🦾,Thu Jan 09 08:05:59 +0000 2025,8,107
105,toly 🇺🇸,"Why do you need eth used deep in these frozen rollups? Because it would be catastrophic to hard fork out.   Imagine rollup A with a bunch of eth TVL, and rollup B purely with ape TVL.  The ape rollup could fork into its own L1 with relatively low impact.",Thu Jan 09 07:16:14 +0000 2025,1,7
106,toly 🇺🇸,"Ethereum blobspace market could ironically work if eth ends up being used as collateral in frozen/no multisig L2s even if they aren’t “based”. 

Eth running at high congestion could force L2s that cannot switch da layers to pay whatever price the L1 demands.  Now those L2s would",Thu Jan 09 05:24:27 +0000 2025,4,45
107,toly 🇺🇸,What are the best solana fuds? Lay it on me 🥊,Thu Jan 09 01:41:53 +0000 2025,13,345
108,Chris Burniske,"People tried to dunk when $BTC was sub $250 in 2015, when $ETH was sub $100 in 2018, when $SOL was sub $10 in 2022 and now the same with $TIA sub $5. 

All will share one thing in common:  wasting their breath, while blowing a generational opportunity. 

$BTC @ $250 = $5.3B FDV",Thu Jan 09 01:31:54 +0000 2025,92,1127
109,raj 🖤,@IrffanAsiff @solana everything I care to say is already being said by better people,Wed Jan 08 23:11:16 +0000 2025,0,26
110,toly 🇺🇸,I think the best CTA for @ethereum X posts would be to encourage developers to build data validating bridges to @solana.  Ethereum’s biggest competitor is wormhole. 🪱🪱🪱,Wed Jan 08 23:10:42 +0000 2025,15,118
111,raj 🖤,what they think @solana twitter account does https://t.co/ispc2Uot3I,Wed Jan 08 22:40:38 +0000 2025,22,207
112,toly 🇺🇸,@uriklarman @MaxResnick1 @paladin_solana Yes! Differentiate on product pls.,Wed Jan 08 20:11:33 +0000 2025,1,3
113,toly 🇺🇸,There is at least one Linux neck beard at every wedding that could run a solana box for every guest.,Wed Jan 08 17:32:57 +0000 2025,1,33
114,Tushar Jain,@GC_of_QC Everyone. Solana median transaction fees are extremely cheap,Wed Jan 08 17:22:12 +0000 2025,0,22
115,Tushar Jain,"Ethereum mindset - we have limited space on the road so let's charge people to drive. It's ok if only rich people can drive, everyone else can use the Layer 2 subway with worse security guarantees.

Solana mindset - let's build flying cars to increase bandwidth &amp; reduce latency.",Wed Jan 08 14:33:46 +0000 2025,80,651
116,toly 🇺🇸,It’s crazy that for nearly 8 years I’ve basically told the same explanation about how solana works and what the point is.,Wed Jan 08 02:14:24 +0000 2025,36,811
117,Tushar Jain,Coinbase Institutional is engaging with liquid staking on Solana through jitoSOL. Liquid staking is a natural institutional product that Coinbase can help distribute. Any future SOL ETF will probably need liquid staking in order to be able to handle redemptions intra-epoch.,Tue Jan 07 21:37:53 +0000 2025,21,88
118,toly 🇺🇸,"@0xBreadguy Adding capacity will go against everyone’s profit motives on ethereum, but is for everyone’s profit motives on solana.",Tue Jan 07 21:23:08 +0000 2025,0,24
119,toly 🇺🇸,"Soooo close, he nearly gets it.  

When eth L1 expands blobspace its revenue drops.  When solana L1 expands TPS capacity its revenue goes up. 

Blobs have no premium for state or time.  The only way to increase the fees &gt; cost of hardware is to limit capacity and force congestion",Tue Jan 07 20:40:41 +0000 2025,13,193
120,toly 🇺🇸,How much to name it gulf of solana?,Tue Jan 07 19:06:48 +0000 2025,22,428
121,Kyle Samani,@Nelis_sol his DMs are open,Tue Jan 07 18:50:59 +0000 2025,0,1
122,toly 🇺🇸,"@mteamisloading As soon as there demand for it why wouldn’t the best light client solution get rolled out to solana?  

Even the dumbest approach is good enough.  NYT is 15mb website, so a user can download the full block and skip das for the foreseeable future.",Tue Jan 07 17:37:21 +0000 2025,0,6
123,toly 🇺🇸,Solana is ethereum! 🫡,Tue Jan 07 15:19:07 +0000 2025,93,950
124,Kyle Samani,"Anyone building covered call yield protocol using Solana LSTs?

Prob easiest to just use oracle for setting pricing",Tue Jan 07 11:08:37 +0000 2025,20,62
125,Kyle Samani,@rajgokal Solana flip eth and tron on all major stablecoin related metrics,Tue Jan 07 10:38:08 +0000 2025,0,21
126,toly 🇺🇸,@colludingnode @ShivanshuMadan You got it.  L2s are drinking eth L1’s milkshake https://t.co/Bl9jHd1uIO,Tue Jan 07 04:27:57 +0000 2025,0,1
127,toly 🇺🇸,@colludingnode @ShivanshuMadan I think the Occam’s razor is that eth leadership believes in their heart of hearts that eth is better money then bitcoin and revenues don’t matter since bitcoins are astronomically negative due to mining costs.,Tue Jan 07 01:44:53 +0000 2025,0,2
128,toly 🇺🇸,@ShivanshuMadan @colludingnode And it would be brain dead for eth L1 maxis to pretend that uni chain isn’t competitive with eth L1.  Eth L1 needs to htfu and compete,Tue Jan 07 01:12:03 +0000 2025,0,1
129,toly 🇺🇸,"@colludingnode Moving to an isolated environment that’s not atomically composable will impact UX, and someone else will fill that role on the L1 if they do.  

That’s what despite being on 24 “cheaper and faster” chains uniswap hasn’t left eth L1.",Tue Jan 07 00:41:48 +0000 2025,0,1
130,toly 🇺🇸,@bw_solana @cavemanloverboy @MaxResnick1 Paging @DavidRhodus,Mon Jan 06 23:51:37 +0000 2025,0,5
131,toly 🇺🇸,@bw_solana @MaxResnick1 Async execution,Mon Jan 06 21:18:48 +0000 2025,0,4
132,toly 🇺🇸,@bw_solana Wen async :),Mon Jan 06 21:18:26 +0000 2025,0,3
133,Kyle Samani,@lemiscate SOL REV is consistently higher than ETH REV these days,Mon Jan 06 18:27:58 +0000 2025,0,5
134,toly 🇺🇸,@moo9000 @chainyoda @solana @base Doesn’t matter.  I think the stage crypto is in is scaling existing products and tech asap.,Mon Jan 06 17:31:04 +0000 2025,0,5
135,toly 🇺🇸,"@jessepollak I think you guys at base are awesome and coinbase is awesome and ethereum is awesome.  

A world where ethereum is 10x or 100x bigger is a world where all my wildest dreams about solana are 1000x more likely to come true.  It’s also a world where coinbase revenue is very likely",Mon Jan 06 06:31:07 +0000 2025,11,301
136,toly 🇺🇸,"@jessepollak Here they are.  Looks like $2.15m in base revenue to $59k fees paid to eth L1.  

https://t.co/koGZgwtp8y",Mon Jan 06 05:47:42 +0000 2025,9,292
137,toly 🇺🇸,🧠🪱 There isn’t a single accounting method used by any US Fortune 500 in 70 years that would attribute activity on base to eth L1 instead of coinbase inc.  Am I taking crazy pills?,Mon Jan 06 04:52:55 +0000 2025,31,770
138,Chris Burniske,$BTC $ETH $SOL all looking strong almost regardless of the time frame - gonna be go time again soon 👀,Mon Jan 06 04:02:33 +0000 2025,77,1090
139,toly 🇺🇸,"@TopoGigio_sol @svantetobias Lmao, I am just a dumb engineer.  I only learn when I am wrong.",Sun Jan 05 02:57:39 +0000 2025,0,7
140,toly 🇺🇸,"So sad that this is the current peak of Solana competition. 

Absolutely zero understanding of power law distribution.",Sun Jan 05 02:47:40 +0000 2025,9,317
141,Kyle Samani,"@jessepollak @solana @ethereum The vast majority of all economic and financial activity boils down to a few well known contracts

Payments
Spot trading
Futures / perps
Options
Borrow / lend

Everything else combined is a rounding error",Sat Jan 04 23:52:23 +0000 2025,1,32
142,toly 🇺🇸,"@jessepollak @solana @ethereum Nearly all smart contracts on Ethereum are open source.  

Nearly all smart contracts on Ethereum are erc20 implementations. 

Let’s per ourselves on the back for a job well done.",Sat Jan 04 23:27:53 +0000 2025,0,23
143,toly 🇺🇸,@jessepollak @solana @ethereum Um what?  How does power law distribution of useful things imply less open source or verification?  If anything it’s the opposite.  You want the most reusable pieces to be formally verified and open source. The whole point is reducing business risk.  Operating systems are defined,Sat Jan 04 22:45:38 +0000 2025,3,105
144,toly 🇺🇸,🔥🔥🔥 there is not enough historical ledger on solana.  If there was 10x as much we would have a whole ecosystem of startups as awesome as @Astralaneio,Sat Jan 04 19:38:37 +0000 2025,13,142
145,toly 🇺🇸,Will Ethereum need an L1 if all the eth ends up on solana 🤔,Sat Jan 04 05:07:38 +0000 2025,75,867
146,Kyle Samani,@pkxro @solana What do these words mean,Fri Jan 03 19:47:39 +0000 2025,0,4
147,Chris Burniske,"$SOL already showing it’s not content being the fastest major of 2024, it wants the crown in 2025 too.",Fri Jan 03 14:07:45 +0000 2025,158,2095
148,Kyle Samani,"What are the state channel implementations on EVM and SVM?

Graph did one. Celer. Maybe connext? Don’t think Raiden ever shipped?

Streamflow on Solana? Anything else?",Fri Jan 03 08:34:06 +0000 2025,16,46
149,toly 🇺🇸,@mteamisloading @toghrulmaharram Ethereum L1 is going to be a solana based rollup?,Fri Jan 03 03:08:18 +0000 2025,0,0
150,Kyle Samani,"My one prediction for 2025 is that by mid year, using Solana will rival CeFi for all major finance functions (limit orders, market orders, borrow lend, perps, native support for passkeys, etc) in terms of speed, liquidity, and UX

This will be the result of improvements at all",Wed Jan 01 07:04:40 +0000 2025,53,564
151,Kyle Samani,@drjasper_eth Insanity,Wed Jan 01 00:59:18 +0000 2025,1,1
152,Kyle Samani,"@jessepollak @base @CoinbaseWallet For CBW, first class treatment of solana",Wed Jan 01 00:58:36 +0000 2025,0,9
153,toly 🇺🇸,The best EVM is on solana!,Tue Dec 31 15:54:40 +0000 2024,20,204
154,toly 🇺🇸,@DBCrypt0 @smyyguy @pokerchessman @solana 🎯 go and hustle and prove those tradeoffs are more better than marginal improvements commercially.,Mon Dec 30 21:58:07 +0000 2024,0,2
155,toly 🇺🇸,"@DBCrypt0 @smyyguy @pokerchessman @solana If you have solved all the downsides of sharding and the database hotspot problem, you would be as happy and fulfilled as this man instead of talking to me on this website. https://t.co/BbZ9EvAfHf",Mon Dec 30 21:31:34 +0000 2024,0,10
156,toly 🇺🇸,@DBCrypt0 @smyyguy @pokerchessman @solana Mev is the database hotspot problem.  It’s impossible to eliminate.,Mon Dec 30 19:29:52 +0000 2024,1,6
157,toly 🇺🇸,"@chainyoda Sudden outbreak of rationality.  The world switches back to the French revolutionary calendar.  Not only do solana slots run on time, they run on metric time.",Mon Dec 30 16:38:52 +0000 2024,1,5
158,Kyle Samani,". @Helium @Hivemapper and @ionet combined are producing &gt;$50M in revenue today

Pretty sure these 3 will exceed $100m by EOY 2025

Plus the many other DEPINs on Solana

2025 will be looked back on as DEPIN’s breakout year",Sun Dec 29 11:34:19 +0000 2024,101,717
159,Kyle Samani,@rleshner You mean a solana and rust,Sat Dec 28 23:29:06 +0000 2024,0,20
160,Chris Burniske,"$SOLETH and $SOLBTC weeklies are 🤌 

Expect SOL to outperform after giving up some ground and consolidating, it's still the fastest horse of the 3 this cycle. 

Thx @2xdog https://t.co/SHSMU8u82U",Sat Dec 28 23:25:40 +0000 2024,88,979
161,toly 🇺🇸,"@drjasper_eth @_prestwich Shipping fast is just a risk parameter.  Can ethereum afford as many outages as solana? If so, it can ship changes as fast.  Multiple teams just means multiple teams shipping fast in parallel. Most of the time is spent on testing anyways.  Not implementing or designing.",Sat Dec 28 17:07:18 +0000 2024,0,1
162,toly 🇺🇸,@colludingnode @llamaonthebrink @mteamisloading Separate exit guarantees for eth holders and Tia holders.  Sync to every da layer.,Sat Dec 28 17:05:04 +0000 2024,0,2
163,Kyle Samani,@quantyboi @BuffetTheory @RyanWatkins_ I see a pretty clear path to 1M TPS on Solana mainnet,Sat Dec 28 11:33:59 +0000 2024,1,2
164,Ryan Selkis (d/acc) 🇺🇸,"The Bitcoin community earned political support or at least neutrality this year.

The Ethereum and Solana (and Ripple) ecosystems mostly despised Trump.

The Stablecoins operators cowered in the corner.

The Exchanges talked tough but helped the Democrats in the Senate.

🤷‍♂️",Sat Dec 28 02:50:17 +0000 2024,18,169
165,Kyle Samani,@crispheaney @solana I think you will get basically all of that,Sat Dec 28 01:13:14 +0000 2024,1,4
166,toly 🇺🇸,@crispheaney @solana Wdym by the last one?,Fri Dec 27 23:28:27 +0000 2024,0,1
167,Kyle Samani,"@BuffetTheory @RyanWatkins_ Permissionless vs permissioned is a binary designation

The engineering required to thrive in a permissionless environment is vastly more complex than a permissioned one

The teams that are actually trying to push the limits of performance in permissionless settings - solana,",Fri Dec 27 22:36:28 +0000 2024,0,14
168,toly 🇺🇸,@IanSNorden @donnoh_eth @tyneslol @drakefjustin @gakonst 2 provers where emergency upgrades require disagreement would be an improvement.  Or 3 provers with 2/3 + always delay.,Fri Dec 27 21:32:18 +0000 2024,0,3
169,toly 🇺🇸,@IanSNorden @donnoh_eth @tyneslol @drakefjustin @gakonst Arb has an emergency upgrade multisig for that reason,Fri Dec 27 21:29:53 +0000 2024,0,2
170,toly 🇺🇸,@IanSNorden @donnoh_eth @tyneslol @drakefjustin @gakonst Can’t guarantee the code is bug free.  Even formal proofs can have bugs.  The emergency upgrade multisig is necessary to deal with zero days.,Fri Dec 27 21:28:50 +0000 2024,0,3
171,toly 🇺🇸,"@IanSNorden @donnoh_eth @tyneslol @drakefjustin @gakonst Either forced exit is possible and attacker can exit, or forced exit is impossible and multisig delay is irrelevant.",Fri Dec 27 21:22:02 +0000 2024,0,2
172,toly 🇺🇸,"@IanSNorden @donnoh_eth @tyneslol @drakefjustin @gakonst either attacker can exit before the upgrade, or the upgrade multisig can yank all the funds.   The only way to do upgrades is 3 provers and 2/3 agreement between them and pray that there isn’t some fundamental protocol bug.",Fri Dec 27 21:17:54 +0000 2024,0,1
173,Kyle Samani,@plugrel @fusewallet @solana yes I had to KYC first,Fri Dec 27 14:17:28 +0000 2024,0,2
174,Kyle Samani,@sherlock_hodles Nah ETH gas fees will get you,Fri Dec 27 05:10:21 +0000 2024,0,1
175,Kyle Samani,@ryrzny @fusewallet @solana Yep works! https://t.co/ZUgt81JSL5,Fri Dec 27 04:13:48 +0000 2024,0,16
176,Kyle Samani,@larryfink_jr @fusewallet @solana I’ve got 8 figures on solana defi,Fri Dec 27 02:29:45 +0000 2024,0,15
177,Kyle Samani,@bonniefansss @aceddeca1 @fusewallet @solana Not sure. I did $10k to test,Fri Dec 27 02:28:47 +0000 2024,0,2
178,Kyle Samani,@aceddeca1 @fusewallet @solana Deposit to drift,Fri Dec 27 01:19:44 +0000 2024,0,5
179,Kyle Samani,"Used the @fusewallet virtual bank account feature today

Sent a wire from my bank. Received USDC in my self-custodial @solana wallet a few minutes later

Absolute butter. A+ experience

Now earning 16% APY on the deposit

9Hctt58FHoADjvWeMUSwizevXSxEMS72ZCZZYPcm3fnT https://t.co/QfaCecDIln",Fri Dec 27 01:09:56 +0000 2024,84,781
180,toly 🇺🇸,@MaxResnick1 @smyyguy @mteamisloading @joaomendoncaaaa Tx size limits and scheduler latency (soon fixed imho). @LightProtocol folks have built “private solana program” sdk for batchable zkp commitments that can atomically compose with the rest of the state.  Stuffing them into 1240 tx bytes is challenging.,Thu Dec 26 22:09:31 +0000 2024,0,6
181,toly 🇺🇸,@ShivanshuMadan The steelman for steelmanlets is that 4/5 solana founders are Ironman.  Waiting on @rajgokal,Thu Dec 26 21:24:07 +0000 2024,0,1
182,toly 🇺🇸,Anyone try native LP fees for desci coins as the donation? So the recipient is getting sol or usdc or whatever without needing to deal with the memecoin itself.,Thu Dec 26 16:59:09 +0000 2024,16,199
183,raj 🖤,solana's community will always outlast your weird demagogue founder's vesting schedule,Wed Dec 25 18:00:41 +0000 2024,65,820
184,Kyle Samani,"@safetyth1rd Please don’t compare apples-apples permissioned and permissionless systems

Comp HL to binance not Solana",Wed Dec 25 16:37:46 +0000 2024,1,34
185,toly 🇺🇸,"@ipopflop @safetyth1rd @cubexch Mcp is just an incremental update to shorter block times.  It’s more leaders per second, aka IBRL. 

MEV is a dynamic process. Is there more MEV on solana for highly liquid pairs vs ethereum?  

From what I can tell from @0xGhostLogs data, solana MEV is concentrated on low",Wed Dec 25 15:26:02 +0000 2024,0,1
186,toly 🇺🇸,@ipopflop @safetyth1rd Where is solana not providing fair reads and writes to all staked boxes?,Wed Dec 25 15:21:15 +0000 2024,0,5
187,toly 🇺🇸,@ipopflop @safetyth1rd How can solana compete with @cubexch which has sub 1ms matching already?,Wed Dec 25 15:19:12 +0000 2024,0,0
188,Kyle Samani,"@safetyth1rd @jon_charb Please don’t compare apples-apples permissioned and permissionless systems

HL should be comped against binance not Solana",Wed Dec 25 15:14:57 +0000 2024,0,10
189,Tushar Jain,"@kunalgoel This is an intellectually dishonest comparison. Hyperliquid is a permissioned system. Bitcoin, Ethereum, and Solana are permissionless systems. Totally different things",Wed Dec 25 10:20:00 +0000 2024,0,10
190,toly 🇺🇸,How I feel when I quote tweet a new solana project https://t.co/PUKMvU9xZs,Wed Dec 25 04:26:21 +0000 2024,82,1690
191,toly 🇺🇸,Is there a prediction market for how much prediction markets will impact eth supply in 2025?,Wed Dec 25 04:11:56 +0000 2024,6,150
192,toly 🇺🇸,@llamaonthebrink @smyyguy The main state issue in solana rn is that users don’t want to rebate their dust token accounts.  It’s like 700m accounts now.  The solution needs to be global and unobtrusive to the user.,Wed Dec 25 03:25:28 +0000 2024,0,4
193,toly 🇺🇸,@toghrulmaharram I thought you aren’t going to work for solana?,Tue Dec 24 05:55:55 +0000 2024,0,11
194,toly 🇺🇸,If you move over to solana I can intro you to @0xMert_,Mon Dec 23 23:51:40 +0000 2024,14,395
195,toly 🇺🇸,@ansel_sol Like anyone would know that. Sheesh,Mon Dec 23 23:34:55 +0000 2024,0,5
196,toly 🇺🇸,"Bonk is money, solana is Monet",Mon Dec 23 22:55:55 +0000 2024,202,1530
197,toly 🇺🇸,.@OREsupply is money solana is Monet,Mon Dec 23 20:46:14 +0000 2024,29,202
198,toly 🇺🇸,What would have the highest impact to your day to day solana development,Mon Dec 23 15:45:44 +0000 2024,6,50
199,toly 🇺🇸,I am the opposite. In fact if by some weird coincidence eth was the best money on solana id be ecstatic.,Mon Dec 23 00:42:45 +0000 2024,3,67
200,toly 🇺🇸,"@iamDCinvestor Nah, no hard cap.  Just the meme of ~21m eth.  The burn is going to keep the yield near zero.  So just do a reverse split.",Sun Dec 22 15:51:41 +0000 2024,0,5
201,toly 🇺🇸,"@iamDCinvestor It’s dumb but would totally work, do a 5.71:1 eth split, so ethereum also only has 21m eth.",Sun Dec 22 07:02:08 +0000 2024,0,18
202,toly 🇺🇸,Let’s make wormhole eth the best money on solana 🦾🦾🦾,Sat Dec 21 19:14:46 +0000 2024,8,103
203,Kyle Samani,"@NTmoney My last reply to you was challenging you to an ETHBTC bet… bc you were schilling ETH

You did not reply

Put your money where your mouth is",Sat Dec 21 04:08:52 +0000 2024,0,14
204,raj 🖤,"it’s really impossible to pin solana’s success (so far) on any one person or group.

the secondary goal for everybody in the ecosystem should be to avoid becoming the main character.

first goal is to achieve deeper pmf on the back of endless ibrl.",Sat Dec 21 00:05:17 +0000 2024,25,466
205,toly 🇺🇸,@CloakdDev @wedtm @prism_tec @solana In Soviet Russia the state serves you!,Fri Dec 20 21:53:28 +0000 2024,0,6
206,toly 🇺🇸,@llamaonthebrink @mteamisloading 2/3 of current eth stake has certainly been doxxed as well.  Lido/binance/cb/kraken is 50%,Fri Dec 20 18:51:11 +0000 2024,0,7
207,toly 🇺🇸,@only_eth @llamaonthebrink @mteamisloading Those validators can go get their own stake permissionlessly.,Fri Dec 20 18:47:23 +0000 2024,0,2
208,raj 🖤,"crypto is an incredibly noisy industry. many smart people have been waiting to see the signs of a standout winner before engaging more heavily.

I believe solana is showing those signs, and will continue to do so through 2025.",Fri Dec 20 17:36:16 +0000 2024,142,1096
209,raj 🖤,@voteforpedrito @calilyliu @solana @LucaNetz crazy that the list is so much longer and they're almost all ready to rumble now. life comes at you fast pedro,Fri Dec 20 00:53:46 +0000 2024,0,2
210,Kyle Samani,"hey Solana community

there is a SIMD in discussion around implementing slashing

feedback is welcome!

https://t.co/ATctPgEZ1l",Thu Dec 19 21:45:32 +0000 2024,18,112
211,toly 🇺🇸,@drjasper_eth @sreeramkannan Ethereum will need to add global t+2 settlement guarantees to facilitate institutional settlement. @sreeramkannan can update the Ethereum constitution with a new mechanism based on the methods established in the DAO hack and the robust performance of arbitrum security councils.,Thu Dec 19 18:22:07 +0000 2024,0,2
212,toly 🇺🇸,@drjasper_eth @sreeramkannan Global consensus starts with one honest node 🫵,Thu Dec 19 15:44:29 +0000 2024,0,1
213,toly 🇺🇸,"@ShivanshuMadan @sreeramkannan If all the CEXs changed the ticker of eth to eth legacy/ETL, and eth on solana as ETH you would continue calling ETL eth?",Thu Dec 19 08:41:49 +0000 2024,0,3
214,toly 🇺🇸,@ShivanshuMadan @sreeramkannan Then all you care about is what coinbase/binance calls btc/eth.,Thu Dec 19 08:34:07 +0000 2024,0,2
215,toly 🇺🇸,@sreeramkannan @ShivanshuMadan Whats a pre specified solana constitution? Why would I give up personal agency to some honest majority oracle?,Thu Dec 19 08:11:43 +0000 2024,0,3
216,toly 🇺🇸,@sgoldfed @josephbonneau @washingtonpost The ship of Theseus could be amended until its solana.,Thu Dec 19 07:12:11 +0000 2024,0,0
217,toly 🇺🇸,"@sassal0x @iamDCinvestor I am not done with this conversation because I can continue it from my own local pov.  

The social consensus of the vast majority could decide that the real Ethereum is really the current solana mainnet-beta fork.  Absolutely no way to guarantee they won’t.",Thu Dec 19 07:10:15 +0000 2024,0,15
218,toly 🇺🇸,@witconomist @sassal0x @iamDCinvestor Vast majority of ethereum social consensus could decide that ethereum is the current solana mainnet-beta fork.  There is no guarantee they won’t.,Thu Dec 19 07:07:43 +0000 2024,0,1
219,Tushar Jain,"This was a very thought provoking conversation where we covered:
-trauma bonding and culture 
-sustainability of memecoin MEV revenue for Solana
-competition with L2s like Base 

You can find the link to the whole video in the next tweet or on Multicoin's blog",Thu Dec 19 02:32:18 +0000 2024,1,40
220,Kyle Samani,@antoniogm @MorphoLabs @safe @ether_fi @gauntlet_xyz @gnosispay @base @circle Future of finance is on solana not Ethereum,Thu Dec 19 01:43:27 +0000 2024,1,2
221,toly 🇺🇸,@tamgros @colosseum @solana @artemis Failed txs are a net cost to users.,Wed Dec 18 19:56:32 +0000 2024,0,0
222,toly 🇺🇸,@mteamisloading Same TPS on solana as Ethereum,Wed Dec 18 18:44:46 +0000 2024,0,2
223,toly 🇺🇸,"@colosseum @solana 2021 it hit 70m+, and artemyz might only be counting successes here.",Wed Dec 18 17:24:10 +0000 2024,0,11
224,toly 🇺🇸,@metaproph3t I want to sell my house and the bank doesn’t have enough eth to create the mortgage would be a stupid reason for that sale not to happen.,Wed Dec 18 01:39:09 +0000 2024,0,4
225,toly 🇺🇸,"@mteamisloading @RyanSAdams If you only mint tokens then they have no value.  Because US citizens have to get enough dollars to cover 30% of their earnings regardless of the currency they earned in, euro, eth etc….  That’s makes it safe to mint right dollars to cover all productive assets.",Wed Dec 18 01:03:57 +0000 2024,0,1
226,toly 🇺🇸,@0xfoobar Is that the standard way to do it on eth or something?,Tue Dec 17 15:58:53 +0000 2024,1,5
227,toly 🇺🇸,"@mteamisloading I am already an Ethereum core dev via the Socratic method.  For @VitalikButerin to save solana, I had to commit to the best ethereum bad cop.",Tue Dec 17 05:04:57 +0000 2024,0,8
228,toly 🇺🇸,@mteamisloading work on solana counts towards time served,Tue Dec 17 03:22:56 +0000 2024,0,4
229,toly 🇺🇸,@0xBreadguy @mteamisloading @cobie Fwiw I am team eth is money. Data validating bridges for all eth users with exit guarantees are my jam,Mon Dec 16 19:34:26 +0000 2024,0,1
230,Chris Burniske,"What happens to $ETH &amp; $ETHBTC from here will help inform us on whether:

1) CT creates the market reality.
2) The market creates CT's reality.

And if you're honest, you already know the answer. https://t.co/Oo4dbHsbVf",Mon Dec 16 19:07:54 +0000 2024,89,1218
231,toly 🇺🇸,"@cobie What about mcap of eth + all its L2s + coin, is that at an ath?",Mon Dec 16 19:07:42 +0000 2024,0,26
232,toly 🇺🇸,@chainyoda @solana Only if esg requirements come back,Mon Dec 16 18:31:03 +0000 2024,0,3
233,toly 🇺🇸,@chainyoda @solana Bitcoiners have ascended.  They don’t fight with anyone and no one can fight them.  Bearish for ultrasound money,Mon Dec 16 18:26:50 +0000 2024,0,10
234,toly 🇺🇸,"@jacobvcreech @alessandrod @vidor_solflare @brianlong @solana @triton_one @LighthouseProto Sure, account the estimated CU per byte.  But it should be the same if it’s 4txs using 4kb or 1 tx using 4kb.  If anything it should be cheaper.",Sun Dec 15 23:03:28 +0000 2024,0,3
235,toly 🇺🇸,@scupytrooples Every Ethereum discussion mentions solana though. https://t.co/myebcpH2DW,Sun Dec 15 22:47:17 +0000 2024,1,23
236,toly 🇺🇸,@jacobvcreech @alessandrod @vidor_solflare @brianlong @solana @triton_one @LighthouseProto It’s just priority fees/tips and static block limits. It’s up to the validator to figure out economics.,Sun Dec 15 22:21:55 +0000 2024,0,4
237,toly 🇺🇸,@vidor_solflare @brianlong @solana @triton_one @LighthouseProto Wen 3xTx @alessandrod,Sun Dec 15 16:58:00 +0000 2024,0,7
238,toly 🇺🇸,@brianlong @solana @triton_one Would be cool if this was integrated with @LighthouseProto,Sun Dec 15 16:03:32 +0000 2024,1,26
239,toly 🇺🇸,@JasonYanowitz So bridging via wormhole to ethereum L2s using solana wallets is easier than ethereum wallets and native bridges?,Sun Dec 15 05:19:13 +0000 2024,8,58
240,Chris Burniske,"@Mooster0 ETHBTC is in reference to BTC, not in reference to SOL",Sun Dec 15 04:59:26 +0000 2024,0,7
241,Chris Burniske,"High odds this getting priced in is why $SOL has been underperforming for the last ~month. But as with all unlocks, we'll get through it.",Sun Dec 15 04:50:43 +0000 2024,86,1156
242,toly 🇺🇸,"@llamaonthebrink Solana was built in 24 months with ~$23m if I recall correctly. Still had some left over by launch. 

Tbh, if I had more runway I would have prioritized the wrong things and made more mistakes.",Sat Dec 14 21:13:34 +0000 2024,5,170
243,toly 🇺🇸,@chainyoda @iamDCinvestor @econoar I am an open source maximalist first.  I owe everything I’ve accomplished to the giants that came before me.  Competition will only make solana teams hustle harder.,Sat Dec 14 05:26:13 +0000 2024,2,10
244,toly 🇺🇸,@chainyoda @iamDCinvestor @econoar What is even eth maximalism? An eth L1 rev maximalist should have purged the weak minded long ago.,Sat Dec 14 05:19:26 +0000 2024,0,2
245,Kyle Samani,"@tamgros gave a great presentation on the Technical State of the Union of Solana, looking at the work that has been accomplished and what's left to do. We continue to believe that Solana's shipping culture is best in class. https://t.co/bkRV4PKt9G",Fri Dec 13 22:40:29 +0000 2024,1,21
246,Kyle Samani,"@TusharJain_ 's fireside chat with @rajgokal was phenomenal! It was a thoughtful reflection on @solana's ascent this year, and an important reminder of the intangible strength of vision-aligned communities. https://t.co/x8UnPsnoTh",Fri Dec 13 22:40:29 +0000 2024,0,22
247,Kyle Samani,Following @TusharJain_'s presentation he sat down with @buffalu__ @niteshnath and @jayantkrish to discuss the value capture design space for MEV in Solana. This conversation is going to become more relevant as crypto matures and moves up the stack. https://t.co/Vqa9Enoakr,Fri Dec 13 22:40:27 +0000 2024,2,32
248,Kyle Samani,"In my opening remarks I covered the five most consequential trends of the year: the rise of Solana, stablecoins, DePIN, regulation, and the arrival of Wall Street. https://t.co/g483vWelU0",Fri Dec 13 22:40:25 +0000 2024,86,745
249,toly 🇺🇸,@0xMert_ @Calhoun2rob @chainyoda Everything that isn’t solana is technically ethereum,Fri Dec 13 19:17:47 +0000 2024,0,29
250,Kyle Samani,@0xMert_ Actually ETH would be at 10k if you stopped posting lol,Fri Dec 13 17:52:14 +0000 2024,0,10
251,toly 🇺🇸,"@optimizoor Solana is the ethereum under dog.  Since ethereum is also the under dog that makes solana the (under (under dog)) or top dog.  

QED 🎤",Fri Dec 13 17:47:05 +0000 2024,0,15
252,toly 🇺🇸,@YupiG_Crypto @0xMert_ @jito_sol @buffalu__ If tx reliably lands in 1 slot then the slippage at implied 100x in 24h should be ~0.002%.  Would any memecoin trader object to 0.002% slippage per trade?,Thu Dec 12 18:42:37 +0000 2024,0,3
253,toly 🇺🇸,@YupiG_Crypto @0xMert_ @jito_sol @buffalu__ The only way is to have a closed market.  The current LP with an offer at X is prevented of changing their price before the trader executed.,Thu Dec 12 18:06:55 +0000 2024,0,1
254,toly 🇺🇸,"@0xMert_ Imho, it would be dope if @jito_sol @buffalu__ could implement a rebate system that can converge at the market implied volatility price.  So a trader that sets slippage to 50% while the market implied is 15%, gets a rebate and protocol earns the 15%",Thu Dec 12 17:44:37 +0000 2024,0,7
255,toly 🇺🇸,@ryanberckmans @Branche_SC @bacon_wassie @0xbraunguy Coin is Eth unburdened by what has been 🫡,Thu Dec 12 17:36:20 +0000 2024,0,1
256,toly 🇺🇸,@bw_solana @apfitzge Not a terrible idea.,Thu Dec 12 06:12:41 +0000 2024,0,2
257,toly 🇺🇸,"@bw_solana @apfitzge If blocks aren’t dropped, then what’s the problem pushing the limit?",Thu Dec 12 06:07:30 +0000 2024,0,0
258,toly 🇺🇸,@bw_solana @apfitzge Nah.  Sub 4% skip rate atm.,Thu Dec 12 06:04:19 +0000 2024,0,1
259,toly 🇺🇸,@HypoNyms @ShivanshuMadan @0xGhostLogs @jito_sol @0xMert_ Seems like the easiest fix is pools setting a dynamic fee == last minute measures volatility,Thu Dec 12 05:12:41 +0000 2024,0,1
260,toly 🇺🇸,"@ShivanshuMadan @HypoNyms @0xGhostLogs @jito_sol @0xMert_ Instead of getting smacked 3% is the time, dapp devs would get smacked 100% of the time, and the smacking would make them hustle and ship the fixes faster.",Thu Dec 12 04:32:37 +0000 2024,0,2
261,toly 🇺🇸,@ShivanshuMadan @HypoNyms @0xGhostLogs @jito_sol @0xMert_’s Helius validator hand caries your txs into the blockchain,Thu Dec 12 04:18:30 +0000 2024,0,6
262,toly 🇺🇸,@niteshnath @HypoNyms @0xGhostLogs Sol/usdc markets have lower volatility and higher fees.  The new problems stem from the 40k new coins created per day.  If a user expects a 10x in 24h my gut math check is that slippage has to be at least 6% (or fees in that market).  Basically 1 minute of implied volatility.,Thu Dec 12 04:17:15 +0000 2024,0,1
263,toly 🇺🇸,"@HypoNyms @0xGhostLogs If it’s really $22b per year, capture all of it 🤷‍♂️ @jito_sol can turn on the mempool back, which would just accelerate development of p2p lanes.",Thu Dec 12 04:07:08 +0000 2024,0,3
264,Chris Burniske,"@SolanaLegend As someone who initially advocated for Solana to express its metrics in terms of capital efficiency to showcase its strengths I'm a believer. But nonetheless, volume and liquidity remain very different things.

Ethereum remains dominant in liquidity (for now).",Wed Dec 11 22:04:47 +0000 2024,0,31
265,toly 🇺🇸,Where does all that state go that’s compressed by the boffins at @LightProtocol? It lives rent free in .eth heads.,Wed Dec 11 19:44:51 +0000 2024,2,45
266,toly 🇺🇸,"@mteamisloading That statement is true for apps and users that don’t send their txs to validators that sandwich.  Solana is built for always letting the user pick who includes their txs.  

A bunch of memecoin bots have been built that don’t care and want the tx to trade even with 30% slippage.",Wed Dec 11 02:51:36 +0000 2024,1,7
267,toly 🇺🇸,@colludingnode Base is totally fine.  100% of eth activity should move to base.,Tue Dec 10 15:45:12 +0000 2024,0,7
268,Chris Burniske,@tokenterminal @solana @base @trondao @Uniswap @Ronin_Network @Aptos punching above its age,Tue Dec 10 06:28:34 +0000 2024,1,14
269,raj 🖤,"""I'm taking my talents to solana""

get used to hearing these words",Tue Dec 10 06:01:22 +0000 2024,108,1250
270,Santiago R Santos,@Lomashuk Polkadot has more ETH than the EF,Tue Dec 10 04:33:05 +0000 2024,0,19
271,toly 🇺🇸,I am really excited for @MaxResnick1 to actually bring the best of ethereum r&amp;d rigor to solana.  This cross pollination is going to accelerate the space for everyone.,Tue Dec 10 01:45:44 +0000 2024,60,824
272,toly 🇺🇸,@robplust @smyyguy @ratedw3b @solana @SolanaFndn How much chain rev is reflexive of chain price? @smyyguy?,Mon Dec 09 20:27:24 +0000 2024,0,1
273,toly 🇺🇸,"@0xMert_ If someone builds a general purpose quantum computer to crack solana, then solana has created tremendous value for the world.",Mon Dec 09 19:46:00 +0000 2024,1,41
274,toly 🇺🇸,@malleshpai @mteamisloading Ship mcl first on solana and drag ethereum forward kicking and screaming.,Mon Dec 09 17:44:11 +0000 2024,0,5
275,toly 🇺🇸,@toghrulmaharram @portport255 @zen_llama @0xMert_ @dankrad Still on eth classic I take it?,Mon Dec 09 17:01:57 +0000 2024,0,4
276,toly 🇺🇸,"@portport255 @zen_llama @0xMert_ @dankrad The argument isn’t about the details, it’s philosophical.  Solana should scale as fast as possible regardless of hardware costs, because demand is a sigmoid, and hardware is an exponential.  Verification costs will drop simply because population growth can’t keep up with hardware",Mon Dec 09 16:04:19 +0000 2024,0,10
277,toly 🇺🇸,@dankrad @Crypt0Panda But I get so much benefit out of my solana node that $80/mo for sonic fiber pays for itself! https://t.co/n1H5wKCjlV,Mon Dec 09 06:17:51 +0000 2024,1,9
278,toly 🇺🇸,"@dankrad There is nothing solana needs to do for wormhole to push solana blocks to eth da with a proof of the state root and a way to change the sequencer so assets can exit in case solana validators censor.  It’s all purely external to solana mainnet validators.  

So as soon as it’s",Mon Dec 09 05:05:04 +0000 2024,1,14
279,toly 🇺🇸,@dankrad Solana is already an Ethereum L2 via the wormhole eigenlayer.,Mon Dec 09 04:58:54 +0000 2024,1,15
280,toly 🇺🇸,"How far the mighty have fallen. Solana is built for raspberry pi version N+10, where N is the Ethereum version. https://t.co/GeVl1BxQHX",Mon Dec 09 04:37:44 +0000 2024,4,71
281,Kyle Samani,@NTmoney Happy to structure a prop bet here. Let’s say $100k that ETH flips BTC by EOY 2026,Sun Dec 08 20:25:44 +0000 2024,1,42
282,toly 🇺🇸,@ledgerstatus You didn’t get married in your solana swag?,Sun Dec 08 17:40:01 +0000 2024,0,11
283,toly 🇺🇸,"@portport255 @tofushit888 @TrustlessState A single giant L2 with N atomically composable markets will have to deal with all the same challenges as solana L1.  Uniswap chain will be 1 chain for N markets, not N chains with 1 market each.",Sun Dec 08 16:59:14 +0000 2024,0,4
284,toly 🇺🇸,@mteamisloading Solana is also scaling ethereum apps.,Sun Dec 08 05:47:15 +0000 2024,0,4
285,toly 🇺🇸,@connan_james @hosseeb @solana lol. Pray that all our enemies are podcasters.,Sun Dec 08 04:38:23 +0000 2024,0,3
286,Kyle Samani,"@jessepollak @CryptoGarga @base Base is not any more connected to Ethereum than Solana is

Both base and Solana have a bridge to move assets. Base and Solana compete directly with Ethereum for liquidity and state

The primary difference between base and Solana for the purposes of this conversation is the trust",Sat Dec 07 23:48:16 +0000 2024,0,14
287,toly 🇺🇸,@CryptoGarga @jessepollak @base Bridge more eth to solana!  Same honest majority assumptions as any other L2.  I have absolutely no objections to eth being the best money on solana.,Sat Dec 07 18:45:49 +0000 2024,12,232
288,Chris Burniske,"And if they do, it would make sense for SOL to run with ETH next.",Sat Dec 07 18:09:14 +0000 2024,12,304
289,toly 🇺🇸,@joaomendoncaaaa Confirmation of what on a single box?  A centralized system that wants fault tolerant consistency has the same CAP issues as solana.,Sat Dec 07 17:03:37 +0000 2024,0,2
290,toly 🇺🇸,@mteamisloading The difference between eth and solana launch is that I am a US citizen based in the US with kids.,Sat Dec 07 15:40:57 +0000 2024,0,4
291,toly 🇺🇸,@mteamisloading Ironically a ton of the solana VCs were eth ico investors.  That’s how they made their fund.  So the distribution isn’t all that different.,Sat Dec 07 15:31:21 +0000 2024,0,2
292,toly 🇺🇸,@mteamisloading Why didn’t you run a box for Tour De Sol?  It was easier to do that then get eth pre launch.,Sat Dec 07 03:12:24 +0000 2024,0,5
293,toly 🇺🇸,@jchaskin22 🙄🙄🙄 All you had to do to be a solana “insider” is run a box for TDS. It was easier to get sol pre launch then eth.,Sat Dec 07 03:10:56 +0000 2024,2,22
294,toly 🇺🇸,@mteamisloading @trentdotsol 🙄🙄🙄 solana was actually created by Satoshi.  She just did a better job covering up her tracks the second time around.,Sat Dec 07 01:45:04 +0000 2024,0,6
295,toly 🇺🇸,@bw_solana The first 32 to arrive take the shortest route.,Sat Dec 07 01:16:53 +0000 2024,0,7
296,Chris Burniske,"@brian_armstrong @coinbase @solana Thanks, Brian - as a long-time user and shareholder, I'm confident Coinbase will get it right re: Solana.",Sat Dec 07 01:01:44 +0000 2024,0,316
297,raj 🖤,"solana mfers will temporarily take a job at a company they don't want / need to work for just to fix some issues with solana support.

you can't compete with this. https://t.co/rIkE4yJgsm",Fri Dec 06 22:48:45 +0000 2024,50,667
298,raj 🖤,"@emiliemc @cburniske @coinbase @brian_armstrong @solana here to help however possible, DM's open",Fri Dec 06 22:46:11 +0000 2024,0,8
299,toly 🇺🇸,@ann_droo @KaeJhee @joemccann @coinbase @circle @solana @jerallaire @brian_armstrong @willums_ @rajgokal @Austin_Federa Happy too.  Not sure if it’s kosher with @brian_armstrong and corp rules.  Infra engineers always get slammed during the holidays. 🫡,Fri Dec 06 20:07:24 +0000 2024,0,22
300,Santiago R Santos,"@0xGabriel_eth Suggest you compress that to 2 days. 
PTSD is useless",Fri Dec 06 19:36:15 +0000 2024,0,1
301,Chris Burniske,"@ann_droo @coinbase @brian_armstrong @solana Thank you - I've seen some of your responses on X and they're appreciated. Back in the day, I remember Coinbase was slow to support ETH, with Kraken supporting ETH for trading ~1 yr before Coinbase did iirc. I'm going to write this off as a similar situation, but I do think it's",Fri Dec 06 18:18:34 +0000 2024,0,141
302,Chris Burniske,"I love @coinbase, and am super appreciative of the company's work to protect crypto at large, but @brian_armstrong you guys need to improve your @solana support. 

Reading balances, withdrawals, and deposits are painfully slow, if not buggy - not up to par w/ Coinbase quality.",Fri Dec 06 17:19:08 +0000 2024,137,2201
303,toly 🇺🇸,eTh iS MonEy,Fri Dec 06 17:17:30 +0000 2024,8,110
304,toly 🇺🇸,@breadstackr @NTmoney eTh iS MonEY,Fri Dec 06 17:00:46 +0000 2024,1,11
305,toly 🇺🇸,@NFTtaylor @coinbase @ann_droo .@ViktorBunin the message should say “solana is too fast right now”,Fri Dec 06 16:19:15 +0000 2024,1,8
306,toly 🇺🇸,@7LayerMagik @bw_solana @PressieMoonBoy @0xMert_ Depends 🤷‍♂️,Fri Dec 06 00:53:03 +0000 2024,0,5
307,toly 🇺🇸,@7LayerMagik @bw_solana @PressieMoonBoy @0xMert_ They just want to see what breaks if anything with a small change.  Then they can double it.,Fri Dec 06 00:32:19 +0000 2024,0,7
308,toly 🇺🇸,"@bw_solana @7LayerMagik @PressieMoonBoy @0xMert_ It can’t be in the path of fork choice. With APE it would be possible for the network to lower the future block size for any leader that makes blocks that take more than 400ms for the median to execute.  Thats because local variable execution won’t cause forks, since it’s async",Fri Dec 06 00:23:15 +0000 2024,0,4
309,toly 🇺🇸,@colludingnode @MateuszAtCC Solana’s purpose is to max decentralize the sequencer.  It’s real time censorship resistance.  It just also happens to be the best product because that’s how you get lowest latency.,Thu Dec 05 21:19:11 +0000 2024,0,2
310,Ryan Selkis (d/acc) 🇺🇸,"The election results created $1 trillion in wealth in 30 days.

Time to buyback my company?

BTC: 3PkG2ierChCr1SFTJRJpeCtzZ7DTmuPpzm

ETH: TBI.eth

Thinking of Constitution DAO…",Thu Dec 05 03:24:40 +0000 2024,7,126
311,toly 🇺🇸,@bw_solana Must fix all the bugs,Thu Dec 05 00:05:47 +0000 2024,0,6
312,toly 🇺🇸,"Solana is like electromagnetic spectrum, it’s competing with the 🌞",Wed Dec 04 19:42:03 +0000 2024,13,214
313,toly 🇺🇸,@dj_d_sol Lighthouse your trades!,Wed Dec 04 16:38:13 +0000 2024,0,0
314,toly 🇺🇸,@mrink0 @metaproph3t @PhoenixTrade It’s not wash trading.  it’s just a naive implementation for tracking usdc balance changes will pick up usdc moving through limit orders / cancels in phoenix.   DeFi is so slow on ethereum that it doesn’t distort the data as much. But technically LP changes in a eth/usdc pool are,Wed Dec 04 05:33:09 +0000 2024,0,6
315,toly 🇺🇸,@mteamisloading .@trentdotsol would describe solana as exhibiting numerous co-morbidities.,Wed Dec 04 00:49:39 +0000 2024,0,3
316,toly 🇺🇸,@IgMosqueira @solana I also call it tech debt.,Tue Dec 03 22:55:24 +0000 2024,0,0
317,toly 🇺🇸,@IgMosqueira @solana How is that different from any other performance bottleneck?,Tue Dec 03 21:25:42 +0000 2024,0,2
318,Tushar Jain,Defi superapp thesis playing out on Solana,Tue Dec 03 20:05:12 +0000 2024,15,126
319,toly 🇺🇸,@IgMosqueira @solana the data structure is exactly the same in both.  it has to be unless sha256 is broken.  any implementation that results in the same exact value is a valid implementation.,Tue Dec 03 19:58:46 +0000 2024,0,1
320,toly 🇺🇸,@IgMosqueira @solana what needs to be clarified?  how to implement a lock free version?,Tue Dec 03 19:55:57 +0000 2024,0,0
321,toly 🇺🇸,"@IgMosqueira @solana we ""could"" remove poh, but so far core time &lt;&lt;&lt;&lt; vote size",Tue Dec 03 19:53:53 +0000 2024,0,0
322,toly 🇺🇸,@IgMosqueira @solana There isn't anything to clarify.  The data format is unambiguous. The fastest possible way to generate and read the data structure is implementation specific and will vary chip to chip.,Tue Dec 03 19:52:24 +0000 2024,0,0
323,toly 🇺🇸,"@IgMosqueira @solana you can just fix that lock though.  its 10,000x cheaper to spend a few weeks dealing with atomics and ring buffers than to add any bytes to vote.",Tue Dec 03 19:49:30 +0000 2024,0,2
324,toly 🇺🇸,"@IgMosqueira @solana &gt; When bank does its parallel execution it may happen that it violates the 400 ms slot time and then it will be wasted effort.

this doesn't make any sense

&gt; firedancer redefines the meaning of time to avoid this issue. there are also loops that are resulting in performance cost",Tue Dec 03 19:41:29 +0000 2024,0,0
325,toly 🇺🇸,@IgMosqueira @solana performance cost where?  gotta be specific,Tue Dec 03 19:36:36 +0000 2024,0,1
326,toly 🇺🇸,@IgMosqueira @solana why would we rip it out?  it doesn't cost anything,Tue Dec 03 19:32:37 +0000 2024,0,1
327,toly 🇺🇸,"@IgMosqueira @solana 4) P50 is 1.6s

5) why would institutions care?

6) standard where? I don’t understand where the ambiguity could be.  The hashes can only hash one way.",Tue Dec 03 19:29:07 +0000 2024,0,1
328,toly 🇺🇸,"@IgMosqueira @solana PoH could be ripped out I think with some extra bytes per vote that track the leader drift, but if that message isn’t bounded in size it could cause a subtle liveness issue down the line.

All this stuff if kind of minor to doubling blockspace in the near term and then landing",Tue Dec 03 19:25:51 +0000 2024,0,0
329,toly 🇺🇸,"@IgMosqueira @solana Swqos capacity &gt; scheduler capacity atm, I think scheduler is the bigger bottleneck. 

Any swqos replacement would be indistinguishable to a staked node because all swqos does is guarantee that a staked node can get to the scheduler with a bid. Not that the bid will win.",Tue Dec 03 19:15:54 +0000 2024,0,9
330,toly 🇺🇸,@bw_solana @trentdotsol Help wen ship async,Tue Dec 03 00:10:42 +0000 2024,0,3
331,toly 🇺🇸,whoa!!!  this has to be the most fun solana project for the holidays,Mon Dec 02 21:42:57 +0000 2024,3,73
332,Chris Burniske,Shows me how much room $SOL still has to run,Sun Dec 01 23:24:56 +0000 2024,53,1039
333,toly 🇺🇸,@TrustlessTooth @mteamisloading Solana isn’t money.  Time is money.,Sun Dec 01 16:50:53 +0000 2024,0,3
334,Chris Burniske,Dear $ETH https://t.co/Q554vcPJqd,Sun Dec 01 15:35:53 +0000 2024,25,550
335,toly 🇺🇸,Are there more bundles than eth + L2 txs?,Sun Dec 01 05:05:22 +0000 2024,2,33
336,toly 🇺🇸,@mteamisloading So what’s the one killer difference that makes eth better money?,Sun Dec 01 03:17:44 +0000 2024,0,1
337,toly 🇺🇸,"@mteamisloading What’s your point? The common property across all of them is that it’s transferable.  You can argue that eth has more pmf as money right now, but that doesn’t make Xrp any less money or stop it from getting more pmf, as it’s clearly doing.",Sun Dec 01 03:11:21 +0000 2024,0,4
338,toly 🇺🇸,"@mteamisloading Based rollups will need to overcome the network effects of eth L1 and base, and etc….  If users have to bridge and switch networks and have separate account balances and address space, it’s the same pia, even with account abstraction.",Sun Dec 01 00:21:59 +0000 2024,0,5
339,raj 🖤,"people have no idea how many incredible use cases are building in the shadows on @solana. product-centric grizzled builders who couldn’t care less if toly or I retweet their announcements.

accelerate.",Sat Nov 30 23:23:05 +0000 2024,51,434
340,toly 🇺🇸,@AdrianoFeria Getting more stablecoins natively issued and used on solana has been a tough nut to crack.,Sat Nov 30 06:59:12 +0000 2024,1,4
341,toly 🇺🇸,"@AdrianoFeria Eth isn’t money on ethereum, usd is money /🦆🦆🦆",Sat Nov 30 06:51:44 +0000 2024,0,3
342,Chris Burniske,"@starchild_eth Eventually, $10T will be low",Sat Nov 30 05:58:35 +0000 2024,0,9
343,toly 🇺🇸,"Unfortunately it’s not true.  Assuming similar distribution, if the median tx fee on solana was $0.2, solana’s rev run rate would be &gt; $60b a year. Even if the average was $0.2 consistently the run rate would be ~$10b. Sadly this is just fud :(",Sat Nov 30 05:55:53 +0000 2024,24,304
344,toly 🇺🇸,"@mteamisloading Solana Mainnet competes for fees with every other execution environment, like pythnet.  But the price that pythnet wants to pay for 5ktps makes it a low priority usecase, and pythnet adds more value to the rest of solana than the potential fees.",Sat Nov 30 05:20:24 +0000 2024,3,22
345,Kyle Samani,"@kunalgoel This statement assumes both Solana and drift are static. They are not. Both are improving very quickly

Also, drift is objectively better UX in a lot of obvious ways. Like collateral options. And prediction markets",Fri Nov 29 20:12:38 +0000 2024,0,84
346,toly 🇺🇸,@colludingnode @Austin_Federa all the ethereum L2s have the security of an LP in a solana upgradable DeFi program.,Fri Nov 29 18:24:28 +0000 2024,0,1
347,toly 🇺🇸,@SolanaFloor @solana Eat it @udiWertheimer.  Your wizards mean nothing to me.,Fri Nov 29 05:55:17 +0000 2024,1,62
348,toly 🇺🇸,"The golden age of solana is over, the time of the multisig has come. https://t.co/Z96dFEtdwx",Fri Nov 29 05:32:45 +0000 2024,74,1308
349,Chris Burniske,"@CryptoSywl SOL December 2020 a classic case of this, and TIA October 2024 shaping up to be the same -- JTO next.",Thu Nov 28 23:31:18 +0000 2024,2,18
350,Kyle Samani,Solana ecosystem flipping Ethereum ecosystem on most major on chain metrics,Thu Nov 28 19:36:08 +0000 2024,26,376
351,toly 🇺🇸,@swen_sjn @solana Do you even p-value hack bro,Thu Nov 28 19:32:22 +0000 2024,0,2
352,toly 🇺🇸,@swen_sjn @solana Those spot measurements are super jittery.,Thu Nov 28 19:29:46 +0000 2024,0,0
353,Kyle Samani,Solana leading on trading for fungible and non fungible tokens,Thu Nov 28 18:36:49 +0000 2024,4,93
354,Kyle Samani,"@joemccann @RaydiumProtocol @jito_sol Uniswap has earned $0 for UNI holders

No fee switch",Thu Nov 28 04:25:41 +0000 2024,0,10
355,Chris Burniske,"16/ To expand on the last point, lots of inexperienced investors think more in $’s than they do in X’s or %’s.  

Just as an example, if you say $SOL could go to $1,000, they’ll think, “Wow! That would add $760 in value to each SOL!”   

Whereas, the move from $8 to $240 “only”",Wed Nov 27 22:36:00 +0000 2024,19,595
356,Chris Burniske,"15/ No one is getting rich or crazy multiples from these prices (SOL is already up &gt; 30x from the lows), but they’re gonna see people making good money so it’s hard to resist — if you tell them not to buy and instead wait, bc of an ""eventual crash"" that’ll take prices lower than",Wed Nov 27 22:35:00 +0000 2024,7,277
357,Chris Burniske,"14/ So SOL going from $8 to $800 this cycle could then mean it bottoms in the future (like 2027) at $80-160. So if they buy and strictly hold @ $240, they’ll have lost money by the next bear. 

It’s hard for people to realize that from the mania of the bull, but since you’ve",Wed Nov 27 22:34:59 +0000 2024,24,399
358,Chris Burniske,"6/ Keep it simple: personally, I lean towards some proportion of BTC ETH &amp; SOL if they’re a noobie (50/25/25%), everything else at their own risk. 

At least if they screw up entry/exit they’re holding quality. If they go long tail, encourage them to learn, but making it &lt; 10% of",Wed Nov 27 22:34:56 +0000 2024,16,393
359,Chris Burniske,"3/ Try to give them context on where we are currently in the cycle. To me, we're 2 years into this bull market (bottom in the chart below is Nov/Dec 2022). 

From the bottom 2 years ago, $BTC is up &gt; 6x, $ETH is up &gt; 4x, and $SOL is up &gt; 30x. https://t.co/JjI4HP1pVW",Wed Nov 27 22:34:54 +0000 2024,18,521
360,toly 🇺🇸,Solana congestion spam was at an ATH in may 2021. Thanks @DegenApeAcademy,Wed Nov 27 19:41:02 +0000 2024,34,340
361,toly 🇺🇸,@bw_solana Never block writes 🫡,Wed Nov 27 18:00:32 +0000 2024,0,4
362,toly 🇺🇸,@toghrulmaharram @stonecoldpat0 Solana core devs are already churlish and insubordinate,Wed Nov 27 17:52:19 +0000 2024,0,35
363,toly 🇺🇸,Solana is Monet!,Wed Nov 27 02:14:37 +0000 2024,3,102
364,toly 🇺🇸,@ryanberckmans Absolutely.  Base is a solana L2 through the phantom eigenlayer.  Base + solana is like 10x of ethereum now.  Hannibal level strategy.,Tue Nov 26 21:39:16 +0000 2024,11,216
365,toly 🇺🇸,@knox_trades @fedeadrogue @solana @0xMert_ @Austin_Federa @rajgokal Ironically crypto apps is the space with the least need for VCs because cost of revenue is so low.,Tue Nov 26 18:42:50 +0000 2024,0,3
366,toly 🇺🇸,@fedeadrogue @solana @0xMert_ @Austin_Federa @rajgokal 1000 pitches.  Best way to get started is probably @colosseum,Tue Nov 26 18:25:05 +0000 2024,2,60
367,toly 🇺🇸,@TrustlessState Wormhole generated more fees for eth L1 than base.,Tue Nov 26 17:57:26 +0000 2024,16,133
368,raj 🖤,"in 2023 it was hard to talk about solana without talking about ftx, its collapse, and how we’d recover. yet here we are, and I rarely hear about it.

in 2025 I expect we’ll begin to talk about solana without talking about ethereum or nasdaq.",Tue Nov 26 14:45:56 +0000 2024,50,571
369,raj 🖤,@shizudio @Perena__ @solana well done! loved the branding,Tue Nov 26 12:38:00 +0000 2024,0,4
370,Santiago R Santos,@Dadinho_del_SOL enlighten this lizard brain of mine,Tue Nov 26 03:06:10 +0000 2024,1,3
371,Santiago R Santos,"@bharat_eth ah right, greater fool theory. how could i forget",Tue Nov 26 02:33:02 +0000 2024,0,4
372,toly 🇺🇸,@obiexyz @solana What’s stopping you?,Tue Nov 26 02:10:15 +0000 2024,0,2
373,Kyle Samani,"@ivoentchev Solana is a single asset ledger and so none of these problems exist

The UX is what you would expect",Mon Nov 25 23:31:23 +0000 2024,0,4
374,Kyle Samani,"@teddywoodward You don't see 6 different TSLAs in your brokerage account

you don't face slippage when you move TSLA from Robinhood to eTrade

You do when you move ETH from optimism to arbitrum",Mon Nov 25 23:30:48 +0000 2024,0,2
375,Kyle Samani,"@EvgenyGaevoy Having multiple networks is confusing 

How do you explain to normies that there are 6 different assets called ETH but that they are not the same?",Mon Nov 25 22:05:19 +0000 2024,1,41
376,Kyle Samani,"@deww400 @family That’s what normies would expect

How do you explain to normies “hey look there are 6 assets all called ETH but they are not the same”",Mon Nov 25 21:22:59 +0000 2024,0,7
377,Kyle Samani,"5/ fifth is Avara's new wallet, Family

Family deviates from the others! note the circle with multiple colors for ETH. I clicked ETH, and then got the breakout by chain

It's a nice way to hide the complexity, but doesn't actually change the UX paradigm https://t.co/Rs7B2w8IY4",Mon Nov 25 21:15:48 +0000 2024,0,49
378,toly 🇺🇸,@youssefea_ Tag @Tristan0x afaik the sequencer is separate from the solana block producer.  So not atomic wrt the rest of the chain. Like @getcode,Mon Nov 25 17:08:05 +0000 2024,0,9
379,toly 🇺🇸,@garypalmerjr @Web3iam @domain_sol @chrisdotsol @sns Ens needs to do the work to capture market share. If a local team hustles faster then they will build their own.,Mon Nov 25 16:16:58 +0000 2024,0,2
380,raj 🖤,"noticed that we're at the stage where many contract / wallet addresses no longer specify they're a ""solana address"" or ""SPL"". it's just assumed they're on solana.

we used to debate about whether every address should have prefix ""SOL"" like eth has ""0x"". maybe it doesn't matter.",Mon Nov 25 08:10:52 +0000 2024,22,456
381,toly 🇺🇸,"@colludingnode @KyleSamani So base can provide users 100% of the value of using ethereum, while eth L1 captures 0.002% of the fees.  Eth L1 is truly on track to disrupt DTCC.",Mon Nov 25 03:38:48 +0000 2024,0,5
382,toly 🇺🇸,"@mteamisloading As soon as it does, someone in solana will ship it (see @LightProtocol)  It’s just code.  As soon as someone legitimately wanted some rando zk precompile the syscall magically appeared in the next release.",Sun Nov 24 21:51:40 +0000 2024,0,2
383,toly 🇺🇸,"@mteamisloading Solana has ~100m blocks per year, zero rollbacks on optimistically confirms blocks.  So it’s ~12 9s of reliability.  I am not sure it could sell OC if ~100 blocks rolled back per year, which would be six 9s.  

There is nothing wrong with zkp. It’s a great technology. It’s just",Sun Nov 24 21:38:58 +0000 2024,7,29
384,toly 🇺🇸,Solana is strong due to its phone launching ability.  Other ecosystems can’t even launch an android phone.  Sheesh. 🙄🙄🙄,Sun Nov 24 20:45:57 +0000 2024,42,509
385,toly 🇺🇸,"@_weidai Why wouldn’t a bridge pay for it? Charge users bips on volume, pay backend per byte.  It’s trivially profitable once eth da blobs scale up.",Sun Nov 24 17:51:39 +0000 2024,0,4
386,toly 🇺🇸,@_weidai I am all for sending solana blocks to eth da,Sun Nov 24 17:28:29 +0000 2024,1,16
387,Kyle Samani,@MikeSilagadze They already stopped using ETH for gas. Big announcement of USDC gas a few months ago,Sun Nov 24 17:17:03 +0000 2024,0,12
388,toly 🇺🇸,"@IgMosqueira lol. The argument I have is with “ZK is infinte scale and makes solana irrelevant” people.  Bearish on general purpose zk, bullish on app specific zk.  General purpose zk can save costs to validators but if the value of that is &lt; 5m per year for a chain with solana’s load what is",Sun Nov 24 16:19:31 +0000 2024,0,3
389,toly 🇺🇸,"@_bfarmer Yea. A prover with super high throughput that’s no more than 1 day behind tip would work on solana once async goes live.  

Boxes serving users will still need some way to get the state reliably in real time though.  So it won’t solve the end user problems, but could make bridges",Sun Nov 24 15:13:10 +0000 2024,0,13
390,toly 🇺🇸,@mteamisloading @joaomendoncaaaa @0xBreadguy It’s negligible in cost to compute at the da layer. All solana’s boxes are 10m a year. Thats 1 day of rev.  Why would they ever not pay for the cores?,Sun Nov 24 15:08:45 +0000 2024,0,2
391,toly 🇺🇸,@mteamisloading @0xNIC0 @solana The only reason that it’s better is that it’s used to solve a user problem before launching a token.,Sun Nov 24 15:01:04 +0000 2024,0,2
392,toly 🇺🇸,"@fede_intern @LightProtocol Those zk usecase are b2b backend usecases.  

Wormhole will build a data validating bridge between both eth and solana that syncs both ledgers ex-blobs between each chain, with zkps for state roots… if it makes them more money.  

ethereum ))&lt;&gt;(( solana",Sun Nov 24 04:21:39 +0000 2024,0,4
393,toly 🇺🇸,@mteamisloading @0xBreadguy ZK is slower than classical computation. So solana will always be faster than zk since there is no religious reasons to limit full node capacity,Sun Nov 24 01:43:05 +0000 2024,5,74
394,toly 🇺🇸,@CloakdDev @bw_solana @Austin_Federa Pick a specific usecase and it’s achievable,Sat Nov 23 21:20:33 +0000 2024,0,1
395,toly 🇺🇸,@CyberpunkCity @streamflow_fi @solana Wen can I stream?,Sat Nov 23 21:14:26 +0000 2024,0,2
396,raj 🖤,"@jon_charb @calilyliu criticism doesn’t equate to “shoot to kill”. blasting L2’s with questionable claims doesn’t mean we’re trying to kill eth. I think we’d rather see it scale the L1 or do L2 scaling well (solve frag issues / decentralize sequencers).

it’d be better for everyone.",Sat Nov 23 13:43:08 +0000 2024,0,14
397,toly 🇺🇸,".@shayne_coplan if you were on solana, the whole ecosystem would be going full @0xMert_ on kalshi.  That’s part of the perks of our mutual self defense pact.",Sat Nov 23 03:11:03 +0000 2024,10,279
398,toly 🇺🇸,@josephdelong Must be an eth tradition.  #dontdie Joseph,Sat Nov 23 02:34:03 +0000 2024,0,4
399,toly 🇺🇸,"Citizens of Solana, hear my plea. Now, as the barbarians press upon our gates, threatening to reduce our city to ashes and consign our children to chains, we must unite in purpose and action. Just as our forefathers fortified Solana’s walls to withstand the NFT mint enjoyers, we",Fri Nov 22 20:37:56 +0000 2024,61,613
400,Tushar Jain,"This is a powerful example of composability between depin and defi.

The fact that Solana is dominant in depin is great for Solana defi.",Fri Nov 22 19:44:53 +0000 2024,2,35
401,raj 🖤,"@SolanaLegend the same vc’s are now making intros to all their portco’s looking to “expand” to solana.

most vc’s are utter useless garbage. the very few exceptions are massive outliers.",Fri Nov 22 17:19:04 +0000 2024,1,13
402,toly 🇺🇸,"@A2KDeFi @ansel_sol If people are terrified of zero, it could float between the future min of 1.5 and current curve as the max.  It would obviously converge to 1.5 only in the future.  So if a floating curve is useful it can be adjusted later. 

My gut is that inflation should equal block rewards",Fri Nov 22 16:04:00 +0000 2024,0,0
403,toly 🇺🇸,@A2KDeFi @ansel_sol .@tarunchitra is zero inflation bad? Anyone have strong opinions on this?,Fri Nov 22 15:52:58 +0000 2024,0,2
404,toly 🇺🇸,"@A2KDeFi @ansel_sol Yes. Make it strictly lower than the current curve in all cases and let it float up to the current curve. 

If stake is sticky it will probably drop to 0% while rev is high.",Fri Nov 22 15:49:28 +0000 2024,0,2
405,toly 🇺🇸,@ansel_sol @A2KDeFi How fast should it adjust per epoch? 0.01?,Fri Nov 22 15:44:33 +0000 2024,0,6
406,toly 🇺🇸,@ansel_sol @A2KDeFi Wdyt of making it strictly less than the current curve.  So have the max follow the reduction curve to 1.5 with min as 0.  I think people may be afraid of it going back up ever for some reason. 🤷‍♂️,Fri Nov 22 15:42:36 +0000 2024,0,5
407,Ryan Selkis (d/acc) 🇺🇸,"Respond below with receipts of every time Ripple execs slammed BTC or ETH in the media or to politicians in DC.

Like desperate drowning victims fighting only for themselves.

That would have been their political strategy if Kamala won after Cucked Chris Larsen’s $50mm donation.",Fri Nov 22 13:35:41 +0000 2024,14,172
408,Kyle Samani,"7 years ago when @TusharJain_ and I founded
@multicoincap, we selected the logo to be a Phoenix

The Phoenix represents the new financial system, rising from the ashes of the old

SOL is a Phoenix https://t.co/bIS5SvViBT",Fri Nov 22 03:36:45 +0000 2024,32,692
409,Santiago R Santos,@QwQiao who are the eth talking heads?,Thu Nov 21 22:45:08 +0000 2024,0,3
410,Ryan Selkis (d/acc) 🇺🇸,"I was onto Ripple's shenanigans seven years ago, that's why they tanked vs. ETH. Not because of ""the SEC.""

https://t.co/fBo3skQsLa https://t.co/XRxK7vGnh0",Thu Nov 21 21:57:37 +0000 2024,1,42
411,toly 🇺🇸,"Arguing with FD folks has been a source of awesome ideas.  

Post APE solana can run at relativistic speed.   

Instead of painstaking metering all the infinite set of block limits validators can instead keep track of how long each block took to replay.  If 33% took &gt; 400ms, they https://t.co/g6RkbiW605",Thu Nov 21 20:14:49 +0000 2024,8,94
412,toly 🇺🇸,@_weidai Solana isn’t globally saturated. Hence the 10x difference in median and average fees. No amount of zkp or L2 magic can solve the database hotspot problem.  Vast majority of the fees are collected at the top because the economic opportunity to access that hotspot goes up with,Thu Nov 21 16:07:48 +0000 2024,1,31
413,toly 🇺🇸,@_weidai Why wouldn’t solana L1 validators double capacity? https://t.co/T8OjeEmyDV,Thu Nov 21 15:56:12 +0000 2024,0,37
414,toly 🇺🇸,@MCFvalidator @solana ZK doesn’t solve anything that is perceptible to a user,Thu Nov 21 15:03:23 +0000 2024,0,0
415,toly 🇺🇸,@adrianbrink Ethereum is solana’s most decentralized settlement service!,Thu Nov 21 14:07:02 +0000 2024,0,10
416,Ryan Selkis (d/acc) 🇺🇸,ETH really is ultrasound money because even when prices are doubling elsewhere it stays flat. Impressive. Very nice.,Thu Nov 21 12:44:20 +0000 2024,7,239
417,raj 🖤,"@BanklessHQ @ercwl hey @ercwl let me know if you wanna do solana orbs, I’d bet you see more adoption than in v1 or I’ll flush my hair down the toilet",Thu Nov 21 12:30:27 +0000 2024,0,6
418,Ryan Selkis (d/acc) 🇺🇸,"One of the reasons the BTC &lt;&gt; crypto gap widened is people actually believe in it as a future store of value.

It doesn't need to invent narratives (""triple threat ETH"") and no one wants to ""dump it.""

When you ""sell"" BTC to sovereigns, it's recruiting, not a wily exit plan.",Thu Nov 21 12:16:34 +0000 2024,0,22
419,toly 🇺🇸,@mmdhrumil @solana FD is orthogonal to block size increases.  A normal agave box can catch up at 30ktps.  Doubling CUs is just testing and making sure that everything is stable under adverse conditions.,Thu Nov 21 05:22:05 +0000 2024,0,6
420,toly 🇺🇸,"The plan for @solana’s scalability … IBRL.   

But seriously, it’s to just not think about ♾️. That’s all. Just focus on a 2x.  Nothing fancy. 

Double it maybe in 2.1 or 2.2. Then figure out what you need to do to double it again. 

At any given time a 2x increase is totally",Thu Nov 21 05:10:50 +0000 2024,8,94
421,toly 🇺🇸,"Bitcoin: Nietzsche, no explanation needed 

Ethereum: Hegel, the infinite thesis / anti-thesis / synthesis circle jerk 

Solana: Kant, If it’s not a measurable benchmark or metric in graphana, I dgaf",Thu Nov 21 01:50:36 +0000 2024,43,385
422,Kyle Samani,@6942_eth Broken clock is right 2x / day,Thu Nov 21 01:46:34 +0000 2024,0,4
423,toly 🇺🇸,"All the bug fixes would have made solana more reliable for everything else.  Blessed are the 100gbps bot nets, for those who can overcome their spam traffic will inherit the metaverse.",Wed Nov 20 23:23:38 +0000 2024,24,254
424,toly 🇺🇸,@mteamisloading So in this moment solana is 8x more measurably decentralized than ethereum?,Wed Nov 20 23:05:21 +0000 2024,0,2
425,toly 🇺🇸,"@mteamisloading Solana has 8x more leaders per second than ethereum.  So “good” block producers need 1/8th the economic ownership to get the same SLA, all other things being equal.   

It’s a problem that is fixed with just more hardware.  IBRL",Wed Nov 20 22:58:25 +0000 2024,0,1
426,toly 🇺🇸,"@mteamisloading to which one?  NC is what matters for real time cr.  everything else is minor implementation details.  if NC is bad, no matter what you do you are f'd.  if NC is good, a buggy fee market is good enough (aka last 2 years of solana)",Wed Nov 20 22:42:14 +0000 2024,0,1
427,toly 🇺🇸,"@mteamisloading @OREsupply That’s all great, but not part of a succinct definition of decentralization, and isn’t protocol enforceable.  Over time if solana’s quorum sucks the next ore will launch somewhere else.",Wed Nov 20 19:56:22 +0000 2024,0,2
428,toly 🇺🇸,"@mteamisloading You don’t need to enforce it.  @OREsupply is money. Solana is just a dumb message bus.  If it sucks as a message bus, ore can find another one.",Wed Nov 20 18:43:56 +0000 2024,14,58
429,toly 🇺🇸,"@mteamisloading I’ve been saying for years that solana is only decentralized by all objectively measurable parameters, because eth folks refuse to objectively define decentralization. Once you define it, someone can beat you at it.",Wed Nov 20 18:23:21 +0000 2024,0,6
430,raj 🖤,"@llamaonthebrink no grants. the teams learned about this activity the same way as everyone else did—through onchain activity and twitter.

not sure what shill or post you’re referring to. I posted about nfts when they were huge on solana too. I’m excited when people are using the network.",Wed Nov 20 17:23:55 +0000 2024,2,67
431,Kyle Samani,"@QwQiao What are long term debt contracts denominated in ETH?

Almost no ETH borrow demand on DeFi",Wed Nov 20 16:58:50 +0000 2024,0,5
432,Tushar Jain,@MikeIppolito_ Too many ETH holders in your feed,Wed Nov 20 15:10:27 +0000 2024,0,24
433,Kyle Samani,"@0xBeyondFreedom @aeyakovenko Blockchains are stateful asset ledgers. They are only for finance

They are not general purpose development platforms

Solana is a superset of Nasdaq. It expands TAM. Just like uber expanded TAM for taxis",Wed Nov 20 12:43:29 +0000 2024,0,4
434,Kyle Samani,I believe that solana can surpass Nasdaq in global importance,Wed Nov 20 09:10:18 +0000 2024,16,283
435,raj 🖤,"@nickfrosty @solana will match 1,000x",Wed Nov 20 00:52:49 +0000 2024,1,30
436,toly 🇺🇸,"@0xZeno__ @0xMert_ no, solana is just competing for priority fees.  that is all.  dgaf about anything else.  increase bandwidth reduce latency",Tue Nov 19 21:25:01 +0000 2024,0,0
437,toly 🇺🇸,"@ShivanshuMadan how does it ""stay"" an L1.  it is up to social consensus, a property that is local to each user.  each user will follow what the majority of their peers will do.  

So if there was a bunch of solana users on the other side of the great firewall of china and they all picked eth L1",Tue Nov 19 20:50:00 +0000 2024,0,0
438,toly 🇺🇸,"@ShivanshuMadan yes, he can do that instantly.  As instantly as solana validators can convince the asset issuers to follow them instead of the state root on eth L1 🤷‍♂️",Tue Nov 19 20:42:11 +0000 2024,0,0
439,toly 🇺🇸,"@ShivanshuMadan that doesn't change the fact that any natively issued assets in the L2 can fork off at any time with the L2 into their own L1.  Just like the the ""solana wormhole L2"".  The failure cases are exactly the same.",Tue Nov 19 20:25:48 +0000 2024,0,1
440,Kyle Samani,"@rabb1dfly All instos on Ethereum are launching on Solana

Literally had a slide on this from my presentation this morning at Multicoin Summit",Tue Nov 19 18:41:35 +0000 2024,0,4
441,Kyle Samani,@0xdavidhan Intellectual capital and technical architecture on Solana are meaningfully differentiated. Solana has achieved escape velocity in a way that no one else has since Ethereum,Tue Nov 19 18:40:18 +0000 2024,1,7
442,toly 🇺🇸,@TrustlessState @base You can use wETH on solana. Make wETH money!,Tue Nov 19 18:29:19 +0000 2024,3,57
443,toly 🇺🇸,@0xZeno__ I was a consul of solana! https://t.co/qD0TnTdoR1,Tue Nov 19 17:03:21 +0000 2024,0,4
444,toly 🇺🇸,@0xZeno__ I don’t think sol is money 🤷‍♂️. I’ve said this a million times already. https://t.co/34eUIMklA6,Tue Nov 19 17:00:36 +0000 2024,0,2
445,toly 🇺🇸,@0xZeno__ Solana mainnet validators don’t earn bips on TVL.  So it’s not a business priority for them.,Tue Nov 19 16:37:43 +0000 2024,0,2
446,Kyle Samani,"Multicoin Summit 2024 is today in NYC

Would be poetic if SOL breaks ATH today https://t.co/lV9VplrE8y",Tue Nov 19 16:14:50 +0000 2024,6,257
447,toly 🇺🇸,"@0xZeno__ Wormhole is sufficient to get those assets into solana. Solana isn’t the one selling eth as money or eth settlement guarantees.  If users don’t care about them, then who cares?",Tue Nov 19 14:14:37 +0000 2024,0,15
448,toly 🇺🇸,"I honestly don’t get why the ethereum focus isn’t to add a data validating bridge to solana.  If the roadmap is rollup and settlement focused, then reduce all risks for users to use whatever execution environment people want.",Tue Nov 19 12:58:52 +0000 2024,30,576
449,Kyle Samani,"Ethereum leads the market on backwards facing metrics like total stablecoins issued and TVL

Solana leads the market on forwards facing metrics like trading volume and REV

Could not be clearer which is the past and which is the future. Just have to understand the nature of",Tue Nov 19 12:01:09 +0000 2024,17,323
450,toly 🇺🇸,"@0xBreadguy @mteamisloading While true, it’s not commercially necessary.  Any token can be used instead of eth to achieve the same thing.  So something has to make eth required.",Tue Nov 19 05:01:58 +0000 2024,0,4
451,toly 🇺🇸,"@mteamisloading @0xBreadguy afaik, based sequencer just uses normal eth L1 block builders. So all the based rollups in that block are sequenced by a staked eth builder.  That builder can capture all the mev.",Tue Nov 19 04:59:56 +0000 2024,0,1
452,toly 🇺🇸,"@mteamisloading @0xBreadguy Sure. It’s net zero.  But that’s all it is, net zero.  The only way this works is if sequencer is based and making blocks requires staked eth, it’s proportional to staked eth.  No clue if that setup will be competitive with op/arb/base.",Tue Nov 19 04:55:48 +0000 2024,0,0
453,toly 🇺🇸,"@0xBreadguy L2 that uses eth is as gas earns eth for the sequencer, which then sells the eth to pay taxes and salaries and health insurance.  It doesn’t capture any value for eth.  It does for usd, because 1/3+ goes to taxes.",Tue Nov 19 04:50:16 +0000 2024,0,9
454,Ryan Selkis (d/acc) 🇺🇸,Waiting for the bankless guys to beg like morning Joe for a strategic ETH reserve.,Tue Nov 19 03:18:21 +0000 2024,0,97
455,raj 🖤,"@AltcoinDailyio the next solana is solana.

always has been.",Mon Nov 18 22:30:49 +0000 2024,6,171
456,raj 🖤,@solana based tbh,Mon Nov 18 22:28:44 +0000 2024,0,22
457,raj 🖤,"@_soulninja @aeyakovenko @jnwng just visited @jump_pit, the vibes are immaculate. also check out @cubexch. chicago is mega solana-coded",Mon Nov 18 21:41:38 +0000 2024,0,22
458,raj 🖤,"🇺🇸 SOLANAMERICA 🇺🇸

solana was born in america. it’s now a global phenomenon, but 2025 will be a turning of the page in USA.

@aeyakovenko is leading an agentic finance revolution in san francisco.

@jnwng is leading a legion of stablecoin / payments / consumer founders in nyc.",Mon Nov 18 21:35:39 +0000 2024,208,1426
459,toly 🇺🇸,"@redacted_noah Im solana land, the 3 sat problem solver is you!",Mon Nov 18 21:03:51 +0000 2024,0,6
460,toly 🇺🇸,@colludingnode @0xMert_ 🎯🎯🎯 that’s basically the difference between solana and ethereum.  Solana just ships the mvp faster.  🤌🤌🤌,Mon Nov 18 20:12:40 +0000 2024,2,14
461,raj 🖤,@Milimalism @TheOnlyNom @solana @SolanaMBS he’s a legend,Mon Nov 18 18:46:50 +0000 2024,0,3
462,toly 🇺🇸,"@rexstjohn Solana isn’t money, it’s Monet!!! https://t.co/2VvbypExsG",Mon Nov 18 14:53:23 +0000 2024,0,13
463,Kyle Samani,"@Ceazor7 Correct. Almost 0 SC exploits on Solana mainnet last 12 months. I cannot recall a single one

EVM contracts get drained every 1-2 weeks",Mon Nov 18 04:22:47 +0000 2024,1,14
464,Kyle Samani,@drjasper_eth I think half is on tron lol,Mon Nov 18 02:59:31 +0000 2024,0,2
465,toly 🇺🇸,"@Foobazzler @kfue_crypto @llamaonthebrink 🤷‍♂️ dunno, the meat of the claims against eth are consistent across all the non eth ecosystem enjoyers:

* L2s are parasitic to L1 revenue 
* blobs are a poor value accrual mechanism 
* the burn/ultrasound money is irrelevant in the context of actual revenue 
* economic security",Sun Nov 17 23:10:37 +0000 2024,0,6
466,toly 🇺🇸,@colludingnode Solana testnet cannot be centrally captured by design.,Sun Nov 17 18:44:53 +0000 2024,0,2
467,toly 🇺🇸,@llamaonthebrink At some point isn’t he mostly proven correct by the growth rate difference between solana and ethereum?,Sun Nov 17 17:56:23 +0000 2024,0,6
468,Ryan Selkis (d/acc) 🇺🇸,*Except for ETH,Sun Nov 17 16:42:51 +0000 2024,0,73
469,toly 🇺🇸,"Stuff that still sucks on solana:

* priority fee reliability is order seconds instead of tens of milliseconds
* wen f’ing firedancer voting full node already 
* state rent is to high! (design is good, need to ship the implementation)
* 1 leader per slot 
* not enough bandwidth",Sun Nov 17 14:28:29 +0000 2024,75,922
470,toly 🇺🇸,@drjasper_eth 🗣️State rent is reclaimable.,Sun Nov 17 14:23:20 +0000 2024,0,3
471,raj 🖤,every conference is now a solana conference,Sun Nov 17 12:04:34 +0000 2024,34,497
472,Chris Burniske,"$SOL running while $BTC stays put, beautiful.",Sun Nov 17 08:26:58 +0000 2024,36,980
473,Chris Burniske,"@EmeryRothschild BTC, ETH, SOL to start.",Sun Nov 17 06:15:57 +0000 2024,0,2
474,Chris Burniske,"@anon_t_money Though should add, there are real reasons to consider for why BTC and ETH may not sell off as much in a “bear,” and hence this is the period where we break from extreme boom/bust every 4 yrs.",Sun Nov 17 06:15:20 +0000 2024,3,35
475,raj 🖤,"solana is so far ahead on fundamentals. it's going to be very difficult for anyone to catch up.

but it's way behind where it could be. super frustrating for all involved.",Sun Nov 17 02:55:44 +0000 2024,97,1277
476,Chris Burniske,@0xiamnico @kpcrypt @placeholdervc @solana @ethereum Doesn't sound literal to me.,Sun Nov 17 00:49:48 +0000 2024,0,1
477,Chris Burniske,"@twitconomics @DisperseControl @placeholdervc @solana @ethereum No, $ZEC has better privacy and supply schedule for “dark gold” than $XMR.",Sat Nov 16 23:54:53 +0000 2024,29,105
478,Chris Burniske,@0xiamnico @kpcrypt @placeholdervc @solana @ethereum your loss,Sat Nov 16 23:45:46 +0000 2024,0,8
479,Chris Burniske,@kpcrypt @placeholdervc @solana @ethereum Chances are we were there before you https://t.co/URF2eAszCI https://t.co/svd7BV8dy4,Sat Nov 16 23:32:19 +0000 2024,0,25
480,Chris Burniske,"@DisperseControl @placeholdervc @solana @ethereum I agree nothing will challenge $BTC as digital gold, though there is still a window of opportunity for $ZEC to complement it as ""dark gold.""",Sat Nov 16 23:31:07 +0000 2024,46,174
481,Chris Burniske,"The evolution of the major blockchains is an extremely long game -- anyone assuming they won the war too early will become complacent, and ultimately lose. Looking forward to seeing where $BTC, $ETH, and $SOL all stand in 2030 and beyond.",Sat Nov 16 23:23:28 +0000 2024,15,332
482,Chris Burniske,".@solana &amp; others will come for the IFS too (already are), but @ethereum has a solid foundation as it's over a decade old, with brand awareness 2nd only to #Bitcoin, deep liquidity, and implementations like @base drawing corporate eyes.",Sat Nov 16 23:23:25 +0000 2024,4,120
483,Chris Burniske,"This cycle, though @ethereum may lose ""normie-share"" to @solana (already is), the community should continue leaning into cementing the network @ the center of the Internet Financial System (IFS). The IFS will grow in relevance into the back half of this decade, onboarding even",Sat Nov 16 23:23:25 +0000 2024,6,161
484,Chris Burniske,"In the last bear, one of the reasons @placeholdervc focused on @solana  was a belief that it would be the normie-chain w/ its speed, low fees &amp; smooth UX. That's playing out with memecoins &amp; more.

But we've been @ethereum supporters since inception, and that hasn't changed... 🧵",Sat Nov 16 23:23:24 +0000 2024,128,1031
485,toly 🇺🇸,"@dumbcontract2 @redacted_noah @TheSoftwareJedi Yea. It’s just a dumb wallet drainer.  User signs a tx that looks benign, but later the program drains the accounts sol.",Sat Nov 16 22:42:17 +0000 2024,0,7
486,Chris Burniske,@alpinestar17 Who said holding BTC ETH SOL and a few others is spraying and praying,Sat Nov 16 20:07:15 +0000 2024,0,22
487,toly 🇺🇸,"Solana is Monet!

https://t.co/CJxXP5IOjn",Sat Nov 16 16:13:28 +0000 2024,34,154
488,Kyle Samani,"@lurkaroundfind For the lived experience of normies, solana is more decentralized than Ethereum",Sat Nov 16 07:31:19 +0000 2024,0,4
489,toly 🇺🇸,@AminCad @apolynya What about what I predicted in 2021? That in 2024 solana will still process more transactions per day than all the rollups combined.,Fri Nov 15 20:17:55 +0000 2024,0,33
490,toly 🇺🇸,@wireframepit @0xMert_ @solana The program is open the everyone below the 33% mark. More accurate measurement is % that would still be profitable in the absence of sfdp,Fri Nov 15 16:41:17 +0000 2024,0,4
491,toly 🇺🇸,"@CarryWorm @dj_d_sol @trentdotsol What’s wealth? It’s safety, health, a big ass house, cars, and leisure time.  In 20 years, if US sticks to capitalism, the bottom half will have 
* less crime
* ozempic
* bigger houses
* cheaper and newer cars
* DoorDash, aka more house chores out sourced so people have more",Fri Nov 15 15:21:12 +0000 2024,0,2
492,toly 🇺🇸,"@CarryWorm @dj_d_sol @trentdotsol Those other places started much lower, especially Eastern Europe which was communist in the 80s, and I have clear personal memories of that.  

US today vs US 1980, clearly better for the bottom half of earners across the board.",Fri Nov 15 15:10:07 +0000 2024,0,2
493,toly 🇺🇸,"🎯🎯🎯

Scale to so many blobs that solana has no choice but to build a full data validating bridge with a proof system and exit guarantees. Every time someone slaps an alt da together with a multisig, the marginal difference between that and wormhole becomes smaller and smaller.",Fri Nov 15 12:37:20 +0000 2024,0,54
494,toly 🇺🇸,"@CarryWorm @dj_d_sol @trentdotsol Median income growth doesn’t matter.  You are looking at numbers in a computer instead of people’s actual lives.  

What matters is actual standard of living, and it’s completely better across the board now than in 1980.  

A p20 earner with a phone today has better access to",Fri Nov 15 12:18:42 +0000 2024,0,2
495,toly 🇺🇸,@CarryWorm @dj_d_sol @trentdotsol p20 earner today has access to better education and healthcare and abundance of calories then the p99.9 earned in 1980. The standard of living is dramatically higher across the board for everyone.,Fri Nov 15 12:00:01 +0000 2024,0,1
496,toly 🇺🇸,@CarryWorm @dj_d_sol @trentdotsol Inequality is irrelevant though.  What matters is the standard of living.,Fri Nov 15 11:40:47 +0000 2024,0,0
497,toly 🇺🇸,"@smyyguy @SolanaFloor @solana It just reduces some of the inflation basically. Otherwise it’s all inflation induced, if that was the only a activity on the network it would look like a perpetual motion machine",Thu Nov 14 15:46:26 +0000 2024,0,1
498,toly 🇺🇸,"@smyyguy @SolanaFloor @solana @smyyguy imho, vote fees are inflation induced and shouldn’t count towards rev.",Thu Nov 14 15:42:23 +0000 2024,0,2
499,toly 🇺🇸,"@smyyguy @SolanaFloor @solana @DefiLlama you guys should standardize on rev to be non inflationary revenue captured by the protocol and stakers, since it’s permissionless to stake and stakers are also hodlers.",Thu Nov 14 15:41:10 +0000 2024,0,4
500,toly 🇺🇸,@SolanaFloor @solana Is that just priority fees or “rev” @smyyguy?,Thu Nov 14 15:11:47 +0000 2024,0,10
501,Kyle Samani,"@0fcounsel @sina_eth_ agreed

glad that MCC is largest holder of JTO in the world (I think)",Thu Nov 14 13:08:57 +0000 2024,0,2
502,Kyle Samani,@sompiUp @sina_eth_ No it doesn’t,Thu Nov 14 11:10:42 +0000 2024,0,0
503,toly 🇺🇸,@durdenwannabe @DefiLlama @solana Maybe they want you to go to @artemis__xyz,Thu Nov 14 04:07:04 +0000 2024,1,57
504,Kyle Samani,@sina_eth_ L2s are parasitic to L1,Thu Nov 14 04:00:54 +0000 2024,1,17
505,toly 🇺🇸,@drjasper_eth @0x_Osprey I think we honestly got lucky with how the design landed.  Priority fees by state create an opportunity to segment the market by reliability and priority with dedicated lanes.  Any protocols competing for flow still depend on stake.  And they clearly add value since median fees,Thu Nov 14 03:07:21 +0000 2024,1,5
506,toly 🇺🇸,Its psyops. Eth maxis are trying to get our guard down.  IBRL or die,Thu Nov 14 01:23:01 +0000 2024,7,116
507,Kyle Samani,@jdorman81 @mrjasonchoi SOL is trading at like 20-30x earnings rn,Wed Nov 13 23:31:27 +0000 2024,0,4
508,toly 🇺🇸,@malekanoms Increase Modularization further!  Solana fees aren’t affected by eth blob prices even.,Wed Nov 13 20:11:48 +0000 2024,0,8
509,toly 🇺🇸,"Every smart solana founder has 36 months of runway in t-bills on https://t.co/2IuFw2BgTS.  So even if the downturn causes over leveraged entities to collapse, their runway is safe with the US gov.",Wed Nov 13 18:28:11 +0000 2024,5,59
510,toly 🇺🇸,@Evan_ss6 If US government hard forks solana they can have 100% of the supply in the reserve.,Wed Nov 13 16:14:54 +0000 2024,1,8
511,toly 🇺🇸,@mikemaccana @joemccann @ValidatedPod Oof.  Solana is tolerant to only a Byzantine number of jinx.,Wed Nov 13 15:15:49 +0000 2024,0,5
512,Chris Burniske,"And yet the @jito_sol team doesn't rest on their laurels, they continue to ship and innovate relentlessly.",Wed Nov 13 02:30:27 +0000 2024,1,48
513,Chris Burniske,"JitoSOL sitting pretty: ""Ethereum LST market penetration is currently at ~35%. Solana is at ~7%, having roughly doubled YoY. While the UI/UX barrier to native staking is arguably lower on Solana than on Ethereum, there is no other compelling reason why the LST percentage gap https://t.co/UTS31upogv",Wed Nov 13 02:29:40 +0000 2024,14,125
514,Chris Burniske,"@AscentBtc Holding SOL is prob your best risk/reward choice. 

I was speaking strictly of a memecoin rotation, though I do think people overly rotate in bulls, incurring massive tax liabilities, and not letting their winners win enough.",Wed Nov 13 01:48:11 +0000 2024,0,7
515,toly 🇺🇸,The phone has solana,Wed Nov 13 01:35:00 +0000 2024,10,169
516,raj 🖤,"in the last 2 years, solana went from untouchable toxic sludge to the default venue for launching digital assets on the internet.

still just the very beginning.",Tue Nov 12 23:31:03 +0000 2024,147,1272
517,toly 🇺🇸,@lex_node @holdyourwinners Use solana through the wormhole eigenlayer bridge :),Tue Nov 12 21:06:35 +0000 2024,0,7
518,Kyle Samani,"@AdrianoFeria @RyanWatkins_ @solana ethereum chose not to scale, and L2s took the growth that ethereum otherwise would have had if it chose to scale",Tue Nov 12 18:45:15 +0000 2024,0,1
519,toly 🇺🇸,.@drakefjustin 4 year timeline is psyops.  Don’t slow down @solana.  IBRL asap.,Tue Nov 12 16:35:32 +0000 2024,20,204
520,toly 🇺🇸,"Ethereum is going to be fine.  There is a ton of low hanging fruit to improve L1 performance. If and when it becomes absolutely obvious that it’s necessary it’s one release away.  

It’s solana that needs to execute at a breakneck speed without major fuckups.",Tue Nov 12 15:29:34 +0000 2024,65,994
521,raj 🖤,@7omCrypto @aeyakovenko @solana @SolanaFndn this is sick,Tue Nov 12 15:22:21 +0000 2024,0,0
522,Larry Cermak,@JaEsf @brian_armstrong I think long term you are right. But short term why would anyone trade this when BTC/ETH markets will always be 100x more liquid and 98% correlated in price,Tue Nov 12 15:08:48 +0000 2024,0,3
523,Larry Cermak,@JaEsf @brian_armstrong What you should do cap top assets by 20 or 25% max so that it could actually perform differently to BTC. What you should want with a broad market index is something different than BTC or ETH because it will always be less liquid,Tue Nov 12 15:03:55 +0000 2024,0,1
524,Santiago R Santos,Solana is 30% of Ethereum’s market cap and I can’t think of a compelling reason why it shouldn’t be worth at least 100%,Tue Nov 12 06:53:22 +0000 2024,108,1650
525,toly 🇺🇸,"@KryptoLingo @ShivanshuMadan Is eclipse so much better that it has a pmf killer that would cause user behavior?

Solana had to compete with ethereum, all the new chains have to compete with themselves and solana.  Is the improvement &gt; marginal to the point to drive behavior change faster than solana",Tue Nov 12 04:56:02 +0000 2024,0,1
526,toly 🇺🇸,@KryptoLingo @ShivanshuMadan In what sense? It’s competitive with solana’s mainnet execution environment for fees.  Otherwise they chose the best software to compete with.,Tue Nov 12 04:50:42 +0000 2024,0,1
527,toly 🇺🇸,Solana rule #5 - validators and the devs need to HTFU to increase bandwidth and reduce latency for users.,Tue Nov 12 04:22:09 +0000 2024,2,43
528,toly 🇺🇸,"Other ecosystems dapp devs focus on TVL
Solana ecosystem devs focus on revenue 

They are not the same.",Tue Nov 12 00:43:07 +0000 2024,19,184
529,toly 🇺🇸,@colludingnode @joaomendoncaaaa This is the alignment that solana people like me care about:,Mon Nov 11 22:49:09 +0000 2024,0,1
530,toly 🇺🇸,"@colludingnode @joaomendoncaaaa Maybe from bitcoiners? I don’t think anyone on the solana side gives af about how the eth open source process is run.  If you want a change, implement it and convince people to upgrade.",Mon Nov 11 22:43:39 +0000 2024,0,2
531,toly 🇺🇸,"@colludingnode @joaomendoncaaaa You set up a strawman. The criticism about eth alignment is not due to EIPs, but due to L2s claiming eth alignment while stealing eth revenues.",Mon Nov 11 22:38:15 +0000 2024,0,6
532,Chris Burniske,TradFi gonna lose it when they see $BTC &amp; $ETH didn't take the weekend off.,Mon Nov 11 03:59:10 +0000 2024,38,720
533,Chris Burniske,"And no, $ETH is not a dinocoin. It’s a major.",Sun Nov 10 17:41:26 +0000 2024,2,102
534,Kyle Samani,@fozzydiablo MCC is not short ETH,Sun Nov 10 13:19:21 +0000 2024,0,18
535,toly 🇺🇸,The best part about solana fud is @0xMert_,Sun Nov 10 04:07:21 +0000 2024,4,175
536,toly 🇺🇸,@josephdelong @brian_armstrong Eth is money,Sun Nov 10 04:00:48 +0000 2024,0,4
537,toly 🇺🇸,"@mteamisloading @TrustlessState @joemccann wormhole validators wait for eth L1 finality, same exact property technically",Sun Nov 10 01:03:39 +0000 2024,0,1
538,toly 🇺🇸,@mteamisloading @TrustlessState @joemccann Why not WormholeDA? That token is just as money as eth.,Sun Nov 10 01:01:20 +0000 2024,0,0
539,toly 🇺🇸,"@mteamisloading @TrustlessState @joemccann If data isn’t synced to the L1, then solana is an Ethereum L2 via the wormhole eigenlayer",Sun Nov 10 00:37:32 +0000 2024,0,2
540,toly 🇺🇸,@CarryWorm @0xMert_ Eth L1,Sat Nov 09 20:17:53 +0000 2024,0,2
541,toly 🇺🇸,"The best future outcome is that solana ecosystem builds a bunch of awesome things that make the future better, and ethereum builds even more.  The charts are only there to keep that fire in your belly.",Sat Nov 09 19:28:13 +0000 2024,29,215
542,raj 🖤,"there is a class of founders whose instincts are screaming at them to build on solana, but their VC associates in brooklyn are giving them funny looks.

legends are born ignoring the “wisdom” of people who aren’t in the arena.",Sat Nov 09 18:40:13 +0000 2024,53,535
543,raj 🖤,"@B0r1ngD4d @solana legends were born ignoring conventional wisdom when VC’s were making those calls.

I remember VC’s calling us pleading that we cancel the mainnet launch as lockdowns commenced in 2020.

as a founder, nobody knows your business better than you.

follow your instincts.",Sat Nov 09 18:38:32 +0000 2024,0,28
544,raj 🖤,Gritty founders are the lifeblood of solana,Sat Nov 09 03:57:54 +0000 2024,30,470
545,Kyle Samani,@yashhsm @kaiynne @cobie yea he is basically betting that ETH will pull an NVDA,Fri Nov 08 23:32:35 +0000 2024,0,2
546,Kyle Samani,"@ercwl @kaiynne @cobie I own ~0 ETH. just enough to post screenshots of how broken ethereum wallets are (next screenshots coming after devcon)

I am not hedging

0x867db38C83F4287A71ffd0Cdfba6fFAE93150Ff7",Fri Nov 08 23:31:18 +0000 2024,0,16
547,Kyle Samani,"@Jesseeckel @arbitrum @base @0xPolygon @Optimism @EclipseFND @zksync ETH is not money

The most common quote asset in DeFi is USD not ETH",Fri Nov 08 21:02:31 +0000 2024,0,5
548,Tushar Jain,"If you're curious about Drift after the market re-rated the asset today, check out the report @SpencerApplebau and I published a few weeks ago.

Drift has the best market structure design for a derivatives dex. Drift benefits from being on Solana L1 vs a siloed L2 or appchain.",Fri Nov 08 20:03:46 +0000 2024,5,91
549,Ryan Selkis (d/acc) 🇺🇸,"@brian_armstrong @standwithcrypto @cmsholdings @pythianism 19/ The GOP + crypto lobby beat the shit out of  Democrats over crypto for all of Q2.

We got FIT21 passed in the House, forced a veto on SAB121 repeal, and got the ETH ETF approved out of nowhere. (You're welcome @trustlessstate @RyanSAdams.)

Trump smoked Boden in the debate.",Fri Nov 08 19:26:05 +0000 2024,0,50
550,Chris Burniske,"Much better imo to build a balanced portfolio where you cut losers when you realize they're losers, but then firmly hold winners and let them compound. Big winners are relatively easy to spot, and best to buy in a bear. Hence why I tell newcomers to start w/ $BTC $ETH &amp; $SOL, and",Fri Nov 08 18:15:45 +0000 2024,4,134
551,Chris Burniske,"People on CT showcase far too ""mutually exclusive"" an attitude when they approach investing -- perhaps it's a product of how social media rewards sensationalism. First it was either $BTC or $ETH. Now it's either $ETH or $SOL. Next year it will be something different 🧵",Fri Nov 08 18:15:45 +0000 2024,30,441
552,toly 🇺🇸,@Mister_Agent_K @LibertySquareHQ @JosipVolarevic2 @solana @vrabbac @dReaderApp Only hellboy level quality comics,Fri Nov 08 15:34:39 +0000 2024,0,16
553,Tushar Jain,"@marcPelosi The market was able to absorb the massive selling from the FTX estate and Solana's market position has only improved since then.

FWIW SOL is a very liquid asset with plentiful opportunities to hedge via derivatives. I think anyone who wanted to hedge did so already.",Fri Nov 08 15:17:17 +0000 2024,0,6
554,toly 🇺🇸,@JosipVolarevic2 @solana @vrabbac I am in,Fri Nov 08 14:03:38 +0000 2024,2,68
555,raj 🖤,@Cointelegraph https://t.co/ECICDDwEXx for latest solana logo please!,Thu Nov 07 22:54:49 +0000 2024,2,18
556,Kyle Samani,"@innerly_ai No

It’s just going to flip ETH",Thu Nov 07 22:54:46 +0000 2024,0,3
557,Chris Burniske,$BTC $ETH $SOL remains undefeated.,Thu Nov 07 21:07:05 +0000 2024,40,851
558,Kyle Samani,@hilmarxo @conduitxyz actual the real solution to this problem is solana,Thu Nov 07 18:12:00 +0000 2024,0,2
559,raj 🖤,@degentokenbase @conduitxyz have you heard the good news about solana,Thu Nov 07 16:46:16 +0000 2024,4,58
560,Chris Burniske,"$ETH on the move here 👀 

It's gone through more regulatory de-risking than $BTC due to the US election, is being forced into war-mode to compete w/ $SOL, and is not the ""bad asset"" that CT thinks it is.",Thu Nov 07 03:05:26 +0000 2024,163,1621
561,Chris Burniske,"@AntoICP TIA up 20%+ while BTC, ETH and SOL are all up ~half that doesn't look like being a laggard to me https://t.co/6KcFbBXmxZ",Wed Nov 06 19:33:03 +0000 2024,3,26
562,toly 🇺🇸,.@LightProtocol Zk compression and @metaplex cNFTs aren’t L2s and @solana isn’t the biggest DA layer.  Glad we could sort this out.,Wed Nov 06 18:17:50 +0000 2024,0,19
563,toly 🇺🇸,Solana is going to pay of the US national debt 🦾🦾🦾🇺🇸🇺🇸🇺🇸,Wed Nov 06 17:15:05 +0000 2024,112,1222
564,toly 🇺🇸,@dolandtremp_sol Please forgive all our technical debt Mr Prosident,Wed Nov 06 11:31:51 +0000 2024,54,191
565,toly 🇺🇸,Someone actually should design a decentralized indexer for solana.,Wed Nov 06 10:46:29 +0000 2024,18,161
566,toly 🇺🇸,@ansel_sol Not with that attitude,Wed Nov 06 06:24:51 +0000 2024,0,5
567,toly 🇺🇸,"@Mr_Burns_Sol Don’t complicate my life any more dude.  There are two teams at the World Series, the Super Bowl, the nba finals and even the Canadian right of center Stanley cup.",Wed Nov 06 00:40:14 +0000 2024,0,3
568,toly 🇺🇸,@Mr_Burns_Sol A Super Bowl with 3 teams would be dumb though.,Wed Nov 06 00:29:45 +0000 2024,0,6
569,Kyle Samani,"@4484 foundation doesn't subsidize inflation. please read tweet again and learn how solana inflation works

https://t.co/Pd99xQji37",Tue Nov 05 23:12:43 +0000 2024,0,0
570,Kyle Samani,"@4484 Solana validators are *wildly* profitable

Solana is producing more priority fees than Ethereum",Tue Nov 05 21:48:20 +0000 2024,0,0
571,Chris Burniske,@MOGAURAS @trenchesvillain yeah buying SOL sub $10 worked out horribly https://t.co/ApK3fueI21,Tue Nov 05 17:51:55 +0000 2024,0,12
572,Kyle Samani,"@EvgenyGaevoy drift is bigger than any ethereum deriv product (HL has nothing to do with ethereum), and growing faster

kamino is ~1/6th of aave in terms of borrows

basically all of depin in on solana

don't really understand how you can discredit coins launched via pump vs rest of market",Tue Nov 05 12:02:09 +0000 2024,0,18
573,Kyle Samani,"@EvgenyGaevoy Empirically, it seems to me like being a VC chain is better than not being one

Solana kicking ethereums ass every which way these days",Tue Nov 05 11:01:01 +0000 2024,1,22
574,Santiago R Santos,@calilyliu @innerly_ai 👀 I’d go work for Solana if I weren’t busy raising for _______,Tue Nov 05 00:31:05 +0000 2024,0,5
575,Kyle Samani,"@0x_Osprey ethereum offers far less stability (aka digital certainty) than solana, simply as a function of its roadmap, which has far more open questions (interop, execution on L1, etc)",Mon Nov 04 19:58:16 +0000 2024,0,0
576,toly 🇺🇸,@Ryeguy94138733 @Myrethedog @solanamobile @0xMert_ @heliuslabs @solana @rajgokal @SolanaFndn @CloudKingTV @Sagaxyz__ @solana_daily @solflare_wallet With compression pioneered by @0xMert_ airdrops could be worth even less than a penny.,Mon Nov 04 19:15:58 +0000 2024,0,5
577,Kyle Samani,"@0x_Osprey predictability of supply schedule is a property of these systems

it is not that important though

bitcoin offers 9 9s of certainty (to be generous)

ethereum offers maybe 3 9s
solana offers somewhere between 2-3 9s (and is quickly converging on eth)

after 3 9s though, just",Mon Nov 04 17:46:22 +0000 2024,0,0
578,Kyle Samani,@NateGeraci ETH ETFs are net negative outflows (bc of ETHE),Mon Nov 04 02:34:02 +0000 2024,0,2
579,Kyle Samani,"@jarxiao liveness - ethereum L1 is just objectively not designed to deal with scale. fees skyrocket at a fraction the global demand load of solana

CR - don't think you have any credible claim that ethereum's CR is meaningfully higher than solana's",Sat Nov 02 00:02:09 +0000 2024,0,0
580,toly 🇺🇸,"Imho, Solana isn’t a credible competitor.  Solana is an incredible competitor",Fri Nov 01 19:10:09 +0000 2024,25,367
581,toly 🇺🇸,@FigoETH @EclipseFND Ethereum is a solana L2. Called @Neon_EVM,Fri Nov 01 18:32:19 +0000 2024,2,22
582,toly 🇺🇸,@NareshKx @0xMert_ @TrustlessState @atlasxyz @yashhsm There isn’t a xVM tam.  There is a crypto tam.  It would be worse for solana mainnet if all the alt VMs were EVM or Move or wasm than SVM,Fri Nov 01 17:07:29 +0000 2024,0,5
583,toly 🇺🇸,@0xrwu @redacted_noah @getcode Yep.  Async execution is equivalent to one giant solana rollup.,Fri Nov 01 15:51:49 +0000 2024,1,3
584,toly 🇺🇸,A secret solana roadmap was leaked in a telegram channel by insiders 👇👇👇,Thu Oct 31 21:47:47 +0000 2024,36,611
585,Chris Burniske,"@Youclidean So I’m not allowed to talk about a high conviction ecosystem, just as I have historically w Bitcoin, Ethereum &amp; Solana? 

Meanwhile, if we take a 90% drawdown, I lose more in $ terms (unrealized, yes, but still large) than almost anyone else on this cursed app. 

Skin in the",Thu Oct 31 21:46:24 +0000 2024,0,94
586,Kyle Samani,"@metaproph3t surprised you aren't using your solana pub key as an address for inbound messages

email is for boomers man",Thu Oct 31 19:37:53 +0000 2024,0,5
587,toly 🇺🇸,"How to turn ethereum into a solana L2:

1. Make a validating bridge between eth and solana, so eth state root is checked on solana and all the data as synced into the bridge program

2. Pay all the major eth client teams to add a comandline flag option to check the solana state",Thu Oct 31 18:40:27 +0000 2024,37,451
588,toly 🇺🇸,"@ryanberckmans @jon_charb &gt; then hard fork Sol to remove its consensus and obey the validating bridge.

This isn’t a testable property by the bridge contract.  That’s the point!  Your personal solana full node could only check the eth L1 state, or use it as the canonical path to boot from, but there is",Thu Oct 31 18:27:01 +0000 2024,0,0
589,toly 🇺🇸,"@ryanberckmans @jon_charb @jon_charb whole point is that the weight of social consensus is out of the hands is the sequencer quorum.  If all solana users end up wETH holders, the social consensus will follow the eth L1.",Thu Oct 31 18:06:45 +0000 2024,0,1
590,toly 🇺🇸,@GiulioRebuffo @solana @0xMert_ Make ethereum a solana L2,Thu Oct 31 00:57:17 +0000 2024,4,62
591,Kyle Samani,More tradfi asset managers launching assets natively on Solana,Wed Oct 30 23:24:55 +0000 2024,3,40
592,toly 🇺🇸,@irvinxyz @RobinsonBurkey Bitcoin is a solana pow mining project @OREsupply 🦾🦾🦾,Wed Oct 30 19:55:53 +0000 2024,13,58
593,toly 🇺🇸,"@RobinsonBurkey If ethereum and solana send each others ledgers ex-blobs to each others blobs then they are both L2s back and forth, forever. 

Solana ))&lt;&gt;(( Ethereum",Wed Oct 30 18:15:50 +0000 2024,5,45
594,toly 🇺🇸,@0xBetMore @Arthur_0x There is not two network states.  There isn’t a base network state and a solana network state.  There is a single united atomic Network State machine!,Wed Oct 30 17:07:38 +0000 2024,0,5
595,Kyle Samani,the BTC and SOL barbell is real,Wed Oct 30 16:18:23 +0000 2024,3,86
596,toly 🇺🇸,@Arthur_0x When people saw the same chart for solana they said something different.,Wed Oct 30 16:09:29 +0000 2024,0,67
597,raj 🖤,stablecoins belong on solana,Wed Oct 30 15:23:43 +0000 2024,19,165
598,toly 🇺🇸,Solana validators will go APE 🦧🦧🦧,Wed Oct 30 14:58:59 +0000 2024,2,43
599,toly 🇺🇸,@donnoh_eth @kelvinfichter @toghrulmaharram @_bfarmer Just have the majority resolve it,Wed Oct 30 14:51:17 +0000 2024,0,0
600,toly 🇺🇸,@kelvinfichter @donnoh_eth @toghrulmaharram @_bfarmer Sounds like there is no majority view,Wed Oct 30 14:47:37 +0000 2024,0,1
601,toly 🇺🇸,"Congrats @StarkWareLtd folks!   

If it can sustain peak level of load for 48 hours, there is no reason not to prove all of solana’s execution once an epoch once APE goes live.  

https://t.co/02dD3uAURH",Wed Oct 30 14:39:14 +0000 2024,11,103
602,toly 🇺🇸,@donnoh_eth @_bfarmer @toghrulmaharram Social consensus can choose both.,Wed Oct 30 14:24:44 +0000 2024,0,0
603,toly 🇺🇸,@safetyth1rd @chainyoda @0xNLYFANS Eth is money and social consensus is the majority view.,Wed Oct 30 14:23:26 +0000 2024,0,2
604,toly 🇺🇸,@donnoh_eth @chainyoda @badcryptobitch So you agree with @toghrulmaharram? That social consensus is the majority view?,Wed Oct 30 14:20:59 +0000 2024,0,1
605,toly 🇺🇸,@rachinkalakheti @toghrulmaharram @_bfarmer @donnoh_eth @sreeramkannan @gluk64 It’s a voluntary mutual self defense agreement between neighbors and a system of representation of different neighborhoods in an assembly.,Wed Oct 30 13:57:52 +0000 2024,0,1
606,toly 🇺🇸,@toghrulmaharram @rachinkalakheti @_bfarmer @donnoh_eth @sreeramkannan @gluk64 And also agree.,Wed Oct 30 13:37:44 +0000 2024,0,2
607,toly 🇺🇸,@toghrulmaharram @rachinkalakheti @_bfarmer @donnoh_eth @sreeramkannan @gluk64 Eth classic is the real Eth,Wed Oct 30 13:36:33 +0000 2024,0,2
608,toly 🇺🇸,@toghrulmaharram @rachinkalakheti @_bfarmer @donnoh_eth @sreeramkannan @gluk64 You keep saying “social consensus does X” when that’s also a local property.  Social consensus can do all the options at the same time.,Wed Oct 30 13:18:25 +0000 2024,0,1
609,toly 🇺🇸,@toghrulmaharram @_bfarmer @donnoh_eth @sreeramkannan @gluk64 Each full node is its own fork and its own local view and != social consensus.  Just like the bridge.,Wed Oct 30 07:06:01 +0000 2024,0,1
610,toly 🇺🇸,@toghrulmaharram @_bfarmer @donnoh_eth @sreeramkannan @gluk64 The bridge can’t make that change.  So local to the view of the bridge and users those properties hold.  The bridge client checks the cryptographic sigs.  It’s not aware if the other clients don’t and everyone is just getting lucky and signing correctly.,Wed Oct 30 07:01:54 +0000 2024,0,1
611,toly 🇺🇸,@toghrulmaharram @sreeramkannan @gluk64 @donnoh_eth @_bfarmer All L2 users have to wait for the their own L1 to finalize.  So local to those users it’s an L2.  They are not even aware of the other users or validators who use a different rule.,Wed Oct 30 06:44:59 +0000 2024,0,1
612,toly 🇺🇸,@toghrulmaharram @sreeramkannan @gluk64 @donnoh_eth @_bfarmer Same.  No one told the L2 users about the other users or validators.,Wed Oct 30 06:40:30 +0000 2024,0,0
613,toly 🇺🇸,@gluk64 @_bfarmer @donnoh_eth @hdevalence L2 is local to each L1 user holding assets the local L2 fork.  Finality to them is the finality of the L1 of the asset.,Wed Oct 30 06:39:36 +0000 2024,0,0
614,toly 🇺🇸,"@sreeramkannan @gluk64 @donnoh_eth @_bfarmer Protocol rule #5 - In case of a Byzantine fault, don’t do the Byzantine thing.",Wed Oct 30 06:35:10 +0000 2024,0,0
615,toly 🇺🇸,"@sreeramkannan @gluk64 @donnoh_eth @_bfarmer It’s not though.  Divergence would only occur if there is an L1 fault or double spend attack. It’s outside the formal definition of the protocol. What the users do is up to them at that moment, and they can do both!",Wed Oct 30 06:32:48 +0000 2024,0,1
616,toly 🇺🇸,@gluk64 @_bfarmer @donnoh_eth @hdevalence is right.  The definition is local to the user.,Wed Oct 30 06:26:17 +0000 2024,0,0
617,toly 🇺🇸,"@donnoh_eth @_bfarmer Each layer is a monoid in the category of endofunctors, so it would fold into the original semi group - L2",Wed Oct 30 06:04:38 +0000 2024,0,1
618,toly 🇺🇸,"@donnoh_eth @_bfarmer If each L1, A and B, commits DA to each others L1 ex-blobs then each L1 is each others L2. https://t.co/iPcY7SUEkd",Wed Oct 30 05:52:35 +0000 2024,2,13
619,toly 🇺🇸,@donnoh_eth @_bfarmer It’s up to the users.  Solana already makes a fork every 400ms.,Wed Oct 30 05:46:55 +0000 2024,0,0
620,toly 🇺🇸,@donnoh_eth @_bfarmer It’s an L2 for users that wait for their respective L1 to finalize.  (As they should for any L2),Wed Oct 30 05:43:30 +0000 2024,0,3
621,toly 🇺🇸,"@_bfarmer @donnoh_eth What’s fun is that the same chain, like solana, can be an L2 across multiple DA layers.  TIA and Ethereum.",Wed Oct 30 05:42:00 +0000 2024,0,1
622,toly 🇺🇸,@donnoh_eth @_bfarmer Eth L1 root will only see one block and will follow down its own path with its own users.  Just like if Brian decided to diverge the base sequencer from the eth L1 root.,Wed Oct 30 05:39:25 +0000 2024,0,0
623,Kyle Samani,@SizeChad No it’s just a bet that Solana is better,Wed Oct 30 05:14:16 +0000 2024,0,5
624,toly 🇺🇸,@sreeramkannan @toghrulmaharram @lex_node @gluk64 So which command line flag would you pick? Eth L1 or @0xMert_’s validator?,Wed Oct 30 05:06:35 +0000 2024,0,3
625,toly 🇺🇸,@_bfarmer Then solana is an L2 (on your roadmap).  Since it’s just technology it’s inevitable.,Wed Oct 30 05:05:33 +0000 2024,0,13
626,Larry Cermak,@starchild_eth @inversebrah I only have a picture with big JSun. Met Sergey a few times but no pic https://t.co/GztIr4LOW6,Wed Oct 30 04:43:20 +0000 2024,0,17
627,toly 🇺🇸,@sreeramkannan @toghrulmaharram @lex_node @gluk64 It’s a command line flag.  Your node can pick the eth L1 as the cannonical path if it wants.,Wed Oct 30 02:16:48 +0000 2024,0,1
628,Ryan Selkis (d/acc) 🇺🇸,"I sat next to @JenaGriswold at a lunch at ETH Denver a couple of years ago before the market collapsed in 2022. She was like a caricatured Harry Potter villain, who didn't realize she was an authoritarian leftist.

It was jarring to me to know she was in public office.",Wed Oct 30 00:32:50 +0000 2024,0,15
629,Kyle Samani,"@AndrewY_SX @litocoen started ethereum only, added solana",Tue Oct 29 23:20:13 +0000 2024,0,0
630,Kyle Samani,@stakooor ETH people been saying this for months,Tue Oct 29 22:44:07 +0000 2024,0,6
631,Kyle Samani,"@litocoen 1) buidl announced at breakpoint for solana

2) other than dimo, any others? geodnet just left for solana

3) lol ok. still nothing to do with ETH

4) all solana DEXs are driving usage of base layer",Tue Oct 29 21:49:32 +0000 2024,0,1
632,toly 🇺🇸,"@0xMert_ @odysseas_eth @garious14 Ebpf is designed to run inside ring-0 which is about as close as you can get to a smart contract VM.  It’s far from perfect, but there is zero chance the Linux kernel will rug us with some inane bs in the spec.",Tue Oct 29 18:27:52 +0000 2024,0,3
633,toly 🇺🇸,@IgMosqueira @toghrulmaharram @dytfin @ryanberckmans @lex_node @gluk64 @sreeramkannan @EdFelten @EliBenSasson Bridge contract can only enforce so much.  And it’s the same if it’s a bridge to a socially aligned L2 or corpo L2 or solana.,Tue Oct 29 18:26:04 +0000 2024,0,0
634,toly 🇺🇸,@colludingnode @ShivanshuMadan @mteamisloading @0xBreadguy @toghrulmaharram It’s like ESG. Just buy the equivalent of eth that your blobs would burn and burn the eth.,Tue Oct 29 18:07:25 +0000 2024,0,0
635,Kyle Samani,"@Lubow2 @contro11edchaos render is the only one to migrate from ethereum

the scale of their ambition is far greater on solana bc they are less constrained",Tue Oct 29 16:21:29 +0000 2024,0,2
636,Kyle Samani,@karsenthil SOL-USDC is the most liquid pair on solana,Tue Oct 29 16:19:03 +0000 2024,0,0
637,Kyle Samani,@CatfishFishy @lui1of1 SOL-USDC is by far the most liquid pair on solana,Tue Oct 29 16:18:40 +0000 2024,0,0
638,Kyle Samani,"@Lubow2 1) helium started on its own chain, moved to solana
2) render started on ethereum, left, now on solana

also 

dvin
parcl
zar
double zero",Tue Oct 29 14:57:45 +0000 2024,0,0
639,toly 🇺🇸,"@keoneHD If at least 1 user calls it an L2 and follows the eth L1 canonical path for the root, is it an L2?",Tue Oct 29 14:55:44 +0000 2024,0,3
640,toly 🇺🇸,"If solana validators bought and burned as much eth as base pays in blob fees, would that make solana ethereum aligned?",Tue Oct 29 14:24:46 +0000 2024,0,21
641,toly 🇺🇸,"@mteamisloading @chainyoda Price improvement over solana is marginal.  Users aren’t sensitive to $0.005, that’s the huge difference vs ethereum and when it started getting forked.",Tue Oct 29 14:19:46 +0000 2024,0,0
642,Kyle Samani,"if you voted no here, you are probably fairly ignorant of everything going on in solana land

memecoins produce too much PR given that they do nothing. don't let yourself get fooled

there is tons of substance when you look deeper",Tue Oct 29 14:19:22 +0000 2024,1,20
643,Kyle Samani,"if you voted no here, you are probably fairly ignorant of everything going on in solana land

memecoins produce too much PR given that they do nothing. don't let yourself get fooled

there is tons of substance when you look deeper",Tue Oct 29 14:18:55 +0000 2024,1,61
644,toly 🇺🇸,@mteamisloading @chainyoda That’s because eth L1 is slow and fees are high by orders of magnitude.,Tue Oct 29 14:17:05 +0000 2024,0,2
645,toly 🇺🇸,@mteamisloading @chainyoda lol why?  SVM ethereum rollups split eth liquidity even more.  They are chasing ethereum users and eth assets.,Tue Oct 29 13:47:55 +0000 2024,0,4
646,toly 🇺🇸,@chainyoda Solana mainnet is completing with every execution environment. Don’t let anyone else tell you otherwise.  It’s ok though. Steel sharpens steel.,Tue Oct 29 13:43:37 +0000 2024,1,16
647,toly 🇺🇸,@rachinkalakheti @toghrulmaharram @gluk64 @lex_node If it’s up to social consensus then solana is an L2.  There is at least 1 user that will follow the state root that’s on the eth L1 as the canonical one.,Tue Oct 29 13:33:14 +0000 2024,0,2
648,Kyle Samani,"@litocoen Buidl on solana

No depin on eth

Poly market on polygon

CEX L2s are just competing with each other",Tue Oct 29 12:34:12 +0000 2024,0,5
649,Kyle Samani,@Shaughnessy119 No the ETH people have been saying that for months,Tue Oct 29 03:44:07 +0000 2024,0,5
650,Chris Burniske,"ETH’s not a bad asset, tho it has stiff competition in BTC &amp; SOL — if you prefer the latter two, you have every right to.

If you’ve staked your ETH, as I have personally, you’re happy w stable income related to an established &amp; still booming economy, and if you’re TradFi, it’s 1",Tue Oct 29 03:29:40 +0000 2024,27,621
651,toly 🇺🇸,@connan_james @solana It’s tolerant up to a Byzantine number of jinx,Tue Oct 29 01:13:11 +0000 2024,0,7
652,toly 🇺🇸,@lex_node @gluk64 Can still force inclusion. Both STF correctness and forced inclusion can be preserved. What can’t be preserved is that the eth L1 root will match what Mert calls the solana state root.,Tue Oct 29 01:04:36 +0000 2024,0,1
653,toly 🇺🇸,@gluk64 @lex_node Solana is somewhat easier because all the txs has a full inclusion list of all the accounts they touch.  So you can compute the set of read accounts and set of write accounts produced by the block just from the txs.  All you need are paths for all the input accounts to a previous,Tue Oct 29 00:47:24 +0000 2024,0,5
654,toly 🇺🇸,"@centauridoteth @aidan0x @chrisliambender @gluk64 @lex_node Solana downtime doesn’t matter. It’s just longer wallclock time between blocks.  Similarly Eth downtime will just look like longer wallclock time between state root updates. 

If ethereum hard fork breaks L2s same as what happens to all the other L2s.",Tue Oct 29 00:33:13 +0000 2024,0,2
655,toly 🇺🇸,@naanproph3t Wait what? A solana tx is ~= google search.  Who would have it as an esg concern?,Tue Oct 29 00:24:57 +0000 2024,0,7
656,Kyle Samani,"@0xfoobar Yes your new L2 is 

1) not Ethereum
2) parasitic to ETH",Tue Oct 29 00:19:01 +0000 2024,0,9
657,toly 🇺🇸,DAOs just have more fun on solana,Tue Oct 29 00:10:57 +0000 2024,26,229
658,Kyle Samani,"@lex_node @abhi_pingle 1) solana is not “leaning into” network extensions. People are welcome to do stuff - it’s permissionless - but core L1 plan remains unchanged. Firedancer, scheduler optimizations, wire dancer, double zero, etc are all direct L1 optimizations

2) apps are not running validators.",Tue Oct 29 00:05:59 +0000 2024,0,1
659,toly 🇺🇸,"@0xCleon @AdrianoFeria Solana is exploited by capital and labor to create value for users, all the time!",Mon Oct 28 23:39:09 +0000 2024,0,13
660,toly 🇺🇸,ETH is money,Mon Oct 28 23:37:46 +0000 2024,4,112
661,toly 🇺🇸,@IgMosqueira @toghrulmaharram @dytfin @ryanberckmans @lex_node @gluk64 @sreeramkannan @EdFelten @EliBenSasson The canonical path is what defines the true solana state root vs Mertchain,Mon Oct 28 22:59:03 +0000 2024,0,0
662,toly 🇺🇸,"@chrisliambender @aidan0x @gluk64 @lex_node ""solana"" doesn't.  from the L1's bridge contract PoV the L1 bridge contract defines the sequencer and if they diverge the L1 bridge contract can switch sequencers.

Just like one bald man can without notice change the base sequencer box he controls to point to his own fork.  The",Mon Oct 28 20:51:08 +0000 2024,0,3
663,toly 🇺🇸,"@IgMosqueira @toghrulmaharram @dytfin @ryanberckmans @lex_node @gluk64 @sreeramkannan @EdFelten @EliBenSasson the bridge contract for the ""solana"" state root on the L1 can run its own ""mempool"".  

1. user posts a tx on the L1 to be included by the sequencer
2. if the sequencer fails to prove the tx was included in an epoch the sequencer is considered ""faulty""
3. the bridge contract then",Mon Oct 28 19:57:17 +0000 2024,0,3
664,toly 🇺🇸,Pretty wild to see solana marketing terms becoming standard.,Mon Oct 28 17:43:40 +0000 2024,1,126
665,toly 🇺🇸,@lex_node It would absolutely satisfy all of @gluk64’s properties.  The cannonical STF for eth L1 users is defined by the bridge contract.  It can compute the whole snapshot tree every block of it wants.,Mon Oct 28 17:02:42 +0000 2024,0,1
666,toly 🇺🇸,"@toghrulmaharram @dytfin @ryanberckmans @lex_node @gluk64 @sreeramkannan @EdFelten @EliBenSasson He moves all native usdc, and Coinbase wallet and coinbase dot com link to base-L1.  

The same thing as if solana validators and circle diverge from the eth L1 bridge contract’s state root.",Mon Oct 28 16:52:25 +0000 2024,0,4
667,toly 🇺🇸,"@gluk64 @lex_node Does that make sense? As long as the prover’s STF does the right thing, once an epoch the solana validators will match the whole snapshot, but on every block the updated outputs will always match.   

To an L1 eth user, the bridge contract prover is the canonical definition of",Mon Oct 28 16:49:15 +0000 2024,0,5
668,toly 🇺🇸,"@gluk64 @lex_node The proover can if it wants to, compute the entire snapshot on every block. Or every root update it wants.  It’s the same STF.  How often the snapshot is printed by solana validators doesn’t matter.",Mon Oct 28 16:42:08 +0000 2024,0,7
669,toly 🇺🇸,@gluk64 @lex_node You can rollup the snapshot once an epoch. That’s what solana validators do.,Mon Oct 28 16:32:36 +0000 2024,0,0
670,toly 🇺🇸,@dytfin @ryanberckmans @lex_node @gluk64 @sreeramkannan @EdFelten @EliBenSasson @toghrulmaharram Yes!  everything that is not enforced by the eth L1 bridge contract on base is under control of one bald man.,Mon Oct 28 16:23:31 +0000 2024,0,4
671,toly 🇺🇸,"LF: seed stage team, all engineers. 
Product: data validating bridge between solana and ethereum with better than honest majority exit guarantees 🫂🫂🫂",Mon Oct 28 16:19:27 +0000 2024,2,31
672,toly 🇺🇸,@toghrulmaharram @lex_node @gluk64 In both cases the eth L1 bridge contract remains intact managing the L2 state root.,Mon Oct 28 16:04:07 +0000 2024,0,1
673,toly 🇺🇸,@toghrulmaharram @lex_node @gluk64 Same in the solana hypothetical.,Mon Oct 28 16:01:01 +0000 2024,0,2
674,toly 🇺🇸,@toghrulmaharram @lex_node @gluk64 Sure. How is this different for base vs solana?  Same decision is made by each asset.,Mon Oct 28 15:58:25 +0000 2024,0,2
675,toly 🇺🇸,@toghrulmaharram @gluk64 @lex_node I am not.  The eth L1 bridge contract for base has the same guarantees as the hypothetical bridge contract for solana.  Everything external to the contract is not concrete.,Mon Oct 28 15:55:01 +0000 2024,0,0
676,toly 🇺🇸,"@toghrulmaharram @gluk64 @lex_node A bald man can move everything in base that is not concretely encoded by the eth L1 bridge contract to a new chain.

Same failure mode as solana validators canonical path diverging from eth L1 bridge contract.  In both cases the bridge contract is all the users have to rely on.",Mon Oct 28 15:42:10 +0000 2024,0,1
677,toly 🇺🇸,@drjasper_eth @toghrulmaharram @gluk64 @lex_node That’s true about current L2s.  That’s my point.  A bald man can move everything except what is enforced by the eth L1 bridge contract to a new chain.,Mon Oct 28 15:37:38 +0000 2024,0,2
678,toly 🇺🇸,"@ryanberckmans @lex_node @gluk64 @sreeramkannan @EdFelten @EliBenSasson @toghrulmaharram Imagine solana validator had a flag to boot off either from eth L1 state root version of solana or one from the local file system.  

There is no way for you to know how all the current consensus validators boot up.  It’s only detectable if they diverge from the eth L1 state",Mon Oct 28 15:05:29 +0000 2024,1,8
679,toly 🇺🇸,"@ryanberckmans @lex_node @gluk64 Solana consensus == L2 sequencer pre confirmation.  

I don’t see you asking L2 users to wait for eth L1 to settle their txs first.  It’s literally the same thing.  🤷‍♂️",Mon Oct 28 14:40:30 +0000 2024,0,10
680,toly 🇺🇸,"@lex_node @gluk64 “Bridged asset as a gas token” is paying the sequencer in eth.  It doesn’t accrue value to eth stakers.  

For eth users, I am sure Jito can come up with a special way to use wETH to pay for the tx inclusion.  So they can feel better.",Mon Oct 28 13:46:04 +0000 2024,1,9
681,toly 🇺🇸,"@lex_node @gluk64 It’s a bridge that charges bips on transfers and pays a data rate for blobs.  Trivially profitable business. 

Reorg == solana or ethereum hard fork breaks the bridge.  That’s what all the security councils are for.",Mon Oct 28 13:39:26 +0000 2024,0,8
682,toly 🇺🇸,"@lex_node Why not just build a data validating bridge to
Solana and call it an L2?  

There will be no practical difference to eth L1 users to use solana’s execution layer or base or arbs.",Mon Oct 28 13:32:53 +0000 2024,1,87
683,toly 🇺🇸,@IgMosqueira @Austin_Federa I think it just comes down to experience. Solana code team was ex-qcom OS folks.  So we literally went through a decade of seeing academic provable OS’s on arm make the wrong assumptions about memory or caches or context switching costs and end up in the dustbin. Until it’s,Mon Oct 28 02:00:38 +0000 2024,0,0
684,toly 🇺🇸,You’ve heard of bitcoin killers and Ethereum killers and now solana killers.  Well there is a hot new trend that’s going viral right now that is gonna kill the entire killer narrative.  👇🧵1/42,Sun Oct 27 21:47:01 +0000 2024,6,145
685,toly 🇺🇸,"@IgMosqueira &gt; Also convex optimization is hardly a crypto thing.

My point is that no one in solana needs to write a four page letter on the roadmap.  It’s literally just do your job.  Optimize all the little nooks and crannies and queues and the system will naturally IBRL with hardware.",Sun Oct 27 20:31:01 +0000 2024,0,8
686,toly 🇺🇸,"It’s both!  Overhyped and under hyped.  

Basically, bus factor improvement in safety cannot be under hyped. This is what in my mind removes the beta tag from solana mainnet. 

Showing that the current existing protocol, with all its inefficiencies can hit 1m tps globally on",Sun Oct 27 19:21:52 +0000 2024,8,67
687,Kyle Samani,"@wagmifam @BTCorGems @stonecoldpat0 Uber is a better taxi and ended up being worth far more than all local taxi monopolies combined

Agree solana can be worth much more than $50b!",Sun Oct 27 12:47:08 +0000 2024,0,1
688,Kyle Samani,This most succinctly captures the ethos delta between Ethereum and Solana,Sun Oct 27 07:12:55 +0000 2024,0,71
689,Kyle Samani,Classic ETH response,Sun Oct 27 00:17:59 +0000 2024,0,132
690,toly 🇺🇸,"@_4lex_4 @smyyguy Why?  Zero of the L2 fees accrue to L1 stakers.  Thats the magic of solana.  It can do both, capture value and isolate usecases.",Fri Oct 25 22:57:05 +0000 2024,0,2
691,Kyle Samani,@LogicalBTC Blackrock launching buidl on solana. Announced at breakpoint,Fri Oct 25 20:06:06 +0000 2024,0,5
692,Kyle Samani,"Forget about stacking sats

I’m stacking SOL using jitoSOL",Fri Oct 25 20:04:44 +0000 2024,0,62
693,Kyle Samani,"@basedkarbon @0xMikeThree $300b is a massive number. ETH is one of the largest assets in the world

No one has a god given right to number go up",Fri Oct 25 13:33:59 +0000 2024,0,2
694,Kyle Samani,@ByzGeneral Still $300b of market cap that could otherwise be in SOL,Fri Oct 25 13:30:35 +0000 2024,0,0
695,toly 🇺🇸,@adamscochran I build cell phones on the solana sea shore.  We would move production.  Maybe even to US 🤷‍♂️,Thu Oct 24 23:37:18 +0000 2024,0,32
696,toly 🇺🇸,@IgMosqueira @BanklessHQ @apolynya @gakonst @solana @base its the same security if its synced once day or once every 10 minutes,Thu Oct 24 23:00:21 +0000 2024,0,0
697,toly 🇺🇸,"@IgMosqueira @BanklessHQ @apolynya @gakonst @solana @base why?  L2 can submit its root once a day, or once an hour or every 10 minutes.  Not sure customers would care outside of bridges, and bridges like wormhole can warehouse the risk for a day.",Thu Oct 24 22:38:01 +0000 2024,0,1
698,toly 🇺🇸,"@yogurt_eth i appreciate the quick community feedback, lol 🤦‍♂️",Thu Oct 24 22:12:57 +0000 2024,0,15
699,toly 🇺🇸,"@yogurt_eth ugh, no.  just honestly curious about all these dumb AI thingies. i hate this place sometimes",Thu Oct 24 22:12:00 +0000 2024,0,21
700,toly 🇺🇸,"@IgMosqueira @BanklessHQ @apolynya @gakonst @solana @base Not sure it’s economically different from blobs. most L2s delay all the L1 synchronization and give users instant pre confs.  So there is no time/state premium there.  

Ethereum could enshrine a bridge to state roots and charge % on basis points transfers.",Thu Oct 24 17:55:51 +0000 2024,0,2
701,toly 🇺🇸,@IgMosqueira @BanklessHQ @apolynya @gakonst @solana @base Who is your customer and how and when do they pay you?,Thu Oct 24 17:52:10 +0000 2024,0,1
702,toly 🇺🇸,@IgMosqueira @BanklessHQ @apolynya @gakonst @solana @base That requires picking a lane.  Every revenue model is a zero sum knife fight.,Thu Oct 24 17:49:36 +0000 2024,0,3
703,toly 🇺🇸,@IgMosqueira @BanklessHQ @apolynya @gakonst @solana @base Doing everything all at once is bad advice.,Thu Oct 24 17:47:15 +0000 2024,0,3
704,toly 🇺🇸,"@IgMosqueira @BanklessHQ @apolynya @gakonst @solana @base Amazon stayed in its lane and reinvested in growth, and all the tech they built to support growth ended up a revenue model as well. But they picked a great lane and because of that they were the first to build out all that tech at scale.  

That’s the hard part.  Picking a lane",Thu Oct 24 17:40:54 +0000 2024,0,8
705,toly 🇺🇸,"@IgMosqueira @BanklessHQ @apolynya @gakonst @solana Then don’t worry about competing with bitcoin. Bitcoins success is awesome.  If the lane is settlement, every execution environments success is awesome even it it surpasses settlement in value.",Thu Oct 24 17:31:07 +0000 2024,0,8
706,toly 🇺🇸,@IgMosqueira @BanklessHQ @apolynya @gakonst @solana Bitcoin doesn’t have a cash flow model.  Pick your lane :),Thu Oct 24 17:23:24 +0000 2024,0,12
707,toly 🇺🇸,@fafnir @BanklessHQ It would be solana with 3x transaction sizes.,Thu Oct 24 16:58:48 +0000 2024,0,19
708,Kyle Samani,"@joe4deadcat @JustDeauIt @0xMert_ @aeyakovenko inflation is not a cost

just stake your SOL if you want to *guaranteed beat inflation*!",Thu Oct 24 16:44:45 +0000 2024,0,1
709,Kyle Samani,@DegenMVP i stake ~100% of my SOL,Thu Oct 24 16:43:50 +0000 2024,0,2
710,toly 🇺🇸,"I thrive on arguing.  There was a criticism from @hosseeb back in 2020 on solana’s fee design that stuck in my head.  He said if you don’t have markets you get bread lines, and it stuck in my head.  In all honesty the comment triggered enough childhood trauma that it had impact",Thu Oct 24 16:29:58 +0000 2024,23,384
711,Kyle Samani,"people seem not to know what solana's inflation schedule is, even though it is shockingly simple",Thu Oct 24 16:03:26 +0000 2024,3,53
712,toly 🇺🇸,"@George_harrap @solana I personally do it because being a founder sucks.  It’s just nearly impossible to get above the noise floor.  If all retweets combined got one founder one customer, the cac is still zero",Thu Oct 24 11:26:04 +0000 2024,1,14
713,toly 🇺🇸,This is cool.  We need more stake pools on solana focused on small to medium validators.,Wed Oct 23 23:51:46 +0000 2024,5,43
714,toly 🇺🇸,Build one shot crypto businesses.  Seed stage to profitable.  The time is now.  On @solana of course.,Wed Oct 23 23:21:30 +0000 2024,43,471
715,Kyle Samani,@CatfishFishy visa is literally settling stablecoin payments using USDC on solana between banks,Wed Oct 23 21:48:43 +0000 2024,0,0
716,Kyle Samani,"@JustDeauIt @0xMert_ @aeyakovenko 1) not all MEV is bad. oracle backrunning is good. CEXDEX arb is good.

2) i believe front running is bad and i'm confident that MCC portfolio companies will send front running MEV to 0

3) i don't think solana is winning the narrative war. it is winning on fundamentals. the",Wed Oct 23 18:37:23 +0000 2024,0,23
717,toly 🇺🇸,@pokerchessman What’s users love about solana L2s is that they have no idea there is an L2 involved,Wed Oct 23 17:12:39 +0000 2024,0,12
718,Kyle Samani,"@CatfishFishy i'm confident you can get to same outcome using token extensions on solana mainnet today

i am cognizant it will take the market a while to come to this conclusion though",Wed Oct 23 12:13:39 +0000 2024,0,2
719,toly 🇺🇸,@pokerchessman The only power I have is my ability to argue.  Nothing critical to the L1 is built at labs. So hopefully if I pick the wrong side in that critical moment there is enough smart people in solana to argue for the right side and the network social layer can avoid making a mistake.,Wed Oct 23 03:24:51 +0000 2024,4,15
720,toly 🇺🇸,@TopoGigio_sol You are linked,Wed Oct 23 02:08:23 +0000 2024,0,4
721,Kyle Samani,"@CatfishFishy 1) i was disappointed with showcase of regulated FIs at breakpoint. i went into BP with *very* high expectations

2) basically every regulated FI announced feature-parity with ethereum, but on solana

https://t.co/H1ztm38pyS",Wed Oct 23 01:05:08 +0000 2024,0,3
722,toly 🇺🇸,"@redacted_noah As soon as solana has a validator in every tier-1 isp, you are done.",Tue Oct 22 18:34:14 +0000 2024,0,4
723,toly 🇺🇸,@malekanoms @4shpool Bitcoin is extremely censorship resistant.  Solana needs only 1/150 block producers to be as good as the average bitcoin block producer to offer as good censorship resistance once every 10 minutes.,Tue Oct 22 18:28:27 +0000 2024,1,1
724,raj 🖤,"@RyanSAdams @aeyakovenko it doesn't matter what he thinks and that's the whole point of what we're doing.

however solana's response will likely be a *reaction* to ethereum's response, learning from its mistakes.

just look at eth's response to a $60m hack (fork) vs. solana's response to ftx collapse",Tue Oct 22 07:13:58 +0000 2024,0,20
725,Kyle Samani,"@0xextractvalue @uPeterKris ""settle on"" 

1) does not imbue value to ETH
2) is pretty nebulous in terms of what it actually means (meaning, crypto economic security is mostly a meme)",Mon Oct 21 19:17:46 +0000 2024,0,0
726,Kyle Samani,@HouseofYogiX Once all the ETH market cap flows into SOL I will stop beating the dead horse,Mon Oct 21 03:01:10 +0000 2024,0,29
727,Kyle Samani,@Trader_CSK @SolanaConf @solana Look forwards not backwards,Mon Oct 21 02:53:44 +0000 2024,0,4
728,Kyle Samani,"@HHorsley Last tweet meant to say ETHE. 

But yes I am very clear I don’t like Ethereum

That doesn’t change the fact that ETH ETF flows are net negative",Mon Oct 21 02:04:37 +0000 2024,0,2
729,toly 🇺🇸,@keyneom There were 3 friend tech clones on solana before I even had a chance to troll it.,Mon Oct 21 00:15:42 +0000 2024,0,6
730,toly 🇺🇸,"If chain revenue doubles as a result of this, President Tremp needs to invest in a manhattan project to keep doubling solana L1 block space until US debt is paid off.",Sun Oct 20 20:15:17 +0000 2024,1,25
731,toly 🇺🇸,@laurashin The great ethereum vs solana divide https://t.co/O3AvNpW09s,Sun Oct 20 17:50:02 +0000 2024,0,5
732,toly 🇺🇸,@im0xPrince @solana @solflare_wallet @trentdotsol Contribute some doc patches ser!,Sun Oct 20 16:58:42 +0000 2024,0,10
733,toly 🇺🇸,@alessandrod @anza_xyz Hand optimized by native solana craftsmen,Sun Oct 20 03:50:26 +0000 2024,1,6
734,toly 🇺🇸,"It’s easy to predict the unbelievable. AGI feels like a certainty in 5-10 years   If I ask AI researchers when id be able to point an AI at @anza_xyz’s solana code base and have it automatically improve performance, the answer is much murkier.",Sun Oct 20 03:37:20 +0000 2024,0,26
735,toly 🇺🇸,"Solana “pure blockchain”. No da layers,  no L2s, no L3s, no distractions. Nothing but a fast cheap blockchain. Reward them with a visit.",Sun Oct 20 03:15:33 +0000 2024,58,358
736,toly 🇺🇸,@WazzCrypto wETH on solana is the best version of eth. Duh,Sun Oct 20 02:57:09 +0000 2024,0,14
737,toly 🇺🇸,@functi0nZer0 You can tell the ethereum vs solana line https://t.co/SNjWpyubR0,Sun Oct 20 02:39:40 +0000 2024,0,48
738,toly 🇺🇸,@DavideCrapis Solana can double every 2 years just by doing nothing,Sat Oct 19 19:36:53 +0000 2024,0,7
739,Kyle Samani,@jon_charb @QwQiao All of the regulated FIs announced initiatives on Solana at Breakpoint,Sat Oct 19 02:20:08 +0000 2024,0,10
740,toly 🇺🇸,"Fundamental difference I think between solana’s vision and ethereum’s is that for solana when a global resource is saturated, price discovery isn’t good.  

While it’s a graceful way to handle congestion, fundamentally the hardware needs to scale up to handle the new demand.  If",Fri Oct 18 16:21:03 +0000 2024,15,252
741,raj 🖤,"first solana will reduce latency by creating a faster internet. then by cutting through the earth with a neutrino-based comms link. then it will move to quantum entanglement.

@aeyakovenko new roadmap just dropped",Fri Oct 18 05:07:17 +0000 2024,32,350
742,Kyle Samani,@lurkaroundfind Blackrock and Visa on solana as well,Fri Oct 18 02:32:14 +0000 2024,0,1
743,toly 🇺🇸,@Austin_Federa @ferric @solana @trentdotsol Chief Testnet Officer,Thu Oct 17 20:47:57 +0000 2024,0,10
744,toly 🇺🇸,"@jarxiao What’s the risk? Ironically, the fact that they hit 1m TPS on pretty boring hardware without any changes means that solana is good enough to freeze.  There are no more 10x improvements left, everything that’s left is marginal",Thu Oct 17 17:25:20 +0000 2024,0,7
745,toly 🇺🇸,@jarxiao @bw_solana What’s important is that the protocol can hit those numbers as is.  The rest is just looking at graphana and flame graphs.,Thu Oct 17 15:46:38 +0000 2024,0,3
746,toly 🇺🇸,@kfue_crypto @RyanSAdams 🎯 Yes!  Eth has had an outage for years.  That’s the point.,Thu Oct 17 02:32:04 +0000 2024,0,12
747,Kyle Samani,@ViktorBunin @a16zcrypto ETH ETF outflows literally net negative ~$500M,Thu Oct 17 02:19:12 +0000 2024,0,9
748,Kyle Samani,@Galois_Capital ETH is stuck in the middle between BTC and SOL,Wed Oct 16 19:02:31 +0000 2024,0,2
749,Santiago R Santos,@GEODNET_ @solana @wormhole Love to see it!,Tue Oct 15 15:10:22 +0000 2024,0,8
750,Kyle Samani,"Future of Solana is.... modular code... but integrated economics

crazy. who would have thought that spaghetti code is a bad idea

https://t.co/dKjTaBA5wN",Tue Oct 15 12:20:28 +0000 2024,4,59
751,Chris Burniske,"@iPursueLife Most memes these days run on Solana, nice try reply guy.",Tue Oct 15 04:44:13 +0000 2024,0,2
752,Kyle Samani,"@VitalikButerin @JimmyRagosa o the irony

literally pushing all of your users to centralized sequencers

also, the tagline is decentralized nasdaq lol. and that is what solana is building towards",Tue Oct 15 01:32:00 +0000 2024,4,104
753,toly 🇺🇸,Solana is life,Mon Oct 14 18:05:08 +0000 2024,13,248
754,toly 🇺🇸,"@domothy &gt; MEV will be minimized and captured by apps on all chains, not just eth

This just isn’t true.  That’s why uni is general purpose “DeFi chain” and not a single app chain.",Mon Oct 14 03:42:54 +0000 2024,0,4
755,toly 🇺🇸,@entigdd @divine_economy @solana @megaeth_labs @ethereum @deltadotnetwork @CelestiaOrg Validators are there to provide a decentralized sequencer that’s as fast as physics allows. Not for settlement.  Any single copy of the state can prove settlement correctness,Mon Oct 14 02:29:25 +0000 2024,0,1
756,toly 🇺🇸,Solana is life https://t.co/0cumRmHT1k,Sun Oct 13 18:16:09 +0000 2024,19,280
757,Santiago R Santos,Every cycle has a new base asset: BTC to ETH to SOL,Sun Oct 13 16:14:49 +0000 2024,5,176
758,toly 🇺🇸,A thread on what @solana L1 needs to do over the next 5 years.  👇🧵1/42,Sun Oct 13 03:42:52 +0000 2024,69,642
759,toly 🇺🇸,@connorj_sol @iancummingsnft I mean you need to start doing deadlifts with a trainer that can make sure your form is correct,Sat Oct 12 22:57:00 +0000 2024,0,2
760,toly 🇺🇸,"@wedtm @nick_pennie @CloakdDev @0xMert_ @brianlong @trentdotsol @LightProtocol Users and dapps manage this. Some protocols could chose to have explicit control over state that’s compressed or not.  Others could leave it up to the user and wallet.   Just like @solincinerator exits, a sol compressor could “compress” all the users coins with value below $10",Sat Oct 12 20:13:15 +0000 2024,0,5
761,toly 🇺🇸,@wedtm @CloakdDev @0xMert_ @brianlong @trentdotsol @LightProtocol It would be in the eth L1 archive,Sat Oct 12 17:59:16 +0000 2024,0,5
762,toly 🇺🇸,@connorj_sol @iancummingsnft Deadlifts with a trainer,Sat Oct 12 16:22:55 +0000 2024,0,0
763,Kyle Samani,@0fcounsel i think usage on avax is a fraction of solana,Sat Oct 12 16:05:47 +0000 2024,0,1
764,Kyle Samani,"@HadickM Every large EVM app****

SVM land is cranking on solana mainnet",Sat Oct 12 13:45:37 +0000 2024,0,8
765,toly 🇺🇸,@chainyoda Solana testnet is next,Sat Oct 12 00:52:15 +0000 2024,0,2
766,toly 🇺🇸,@0xMert_ @gakonst Being a good investor is a lot of work.  That’s why there are amazing folks at solana ventures to do it.,Fri Oct 11 15:23:08 +0000 2024,0,22
767,toly 🇺🇸,@Rahul__Ghangas Why aren’t these db optimizations already live on solana’s mainnet? Cloudbreak was doing 1m+ reads and inserts per second 5 years ago,Thu Oct 10 15:46:40 +0000 2024,0,0
768,Chris Burniske,"BTC, ETH, and SOL each innovated with their launches &amp; issuance in ways that were unique, deviating from the “current game” of the time. 

Intuition is that we’ll see some breakthrough deviations from up-and-comers soon, and no, it’s not just memecoins.",Thu Oct 10 01:35:14 +0000 2024,4,71
769,toly 🇺🇸,@keyneom @ryanberckmans Solana’s general purpose transaction pipeline is cheap enough that the core devs did the extremely lazy and wasteful (and fast) thing and just implemented votes as transactions.,Tue Oct 08 19:12:32 +0000 2024,0,2
770,toly 🇺🇸,@ryanberckmans Solana only does over three thousand cryptographically signed atomic replicated state transitions per second.,Tue Oct 08 18:38:22 +0000 2024,0,20
771,toly 🇺🇸,Can you smell it? It’s the final day of the @solana radar hackathon,Tue Oct 08 18:33:55 +0000 2024,5,120
772,toly 🇺🇸,"@sassal0x @EricBalchunas @JSeyff @NateGeraci @BenHart_Freedom Does @EricBalchunas know that Satoshi also invented solana, she just did a much better job covering her tracks the second time around.",Mon Oct 07 19:14:07 +0000 2024,1,28
773,toly 🇺🇸,@ercwl @chainyoda @MRKWH Celestia should just dumb solana blocks into its da and work with @tinydancerio on a bridge,Mon Oct 07 16:38:06 +0000 2024,1,23
774,toly 🇺🇸,9/10 crypto founders agree that all of solana’s innovations are unreal,Sat Oct 05 20:22:51 +0000 2024,12,337
775,toly 🇺🇸,This is the best and most straightforward way to sponsor independent open source devs in the @solana community. Considering delegating to this chad,Sat Oct 05 07:49:02 +0000 2024,9,131
776,Kyle Samani,@BruestleJeremy You forgot about solana,Sat Oct 05 02:10:25 +0000 2024,0,0
777,toly 🇺🇸,@0xMert_ Then the network roi scales infinitely with capacity. We need a manhattan level project to get to 10tbps  so solana can pay off the US national debt. Every national resource should be put towards making this a reality as fast as possible.,Fri Oct 04 22:17:34 +0000 2024,0,20
778,toly 🇺🇸,@daniellehrner @joaomendoncaaaa @Evan_ss6 That’s totally fine! The issue is that some eth folks consider this the definition of decentralization instead of an ethereum virtue.,Fri Oct 04 16:10:27 +0000 2024,0,1
779,toly 🇺🇸,@0xMawuko @daniellehrner Actual da landed TPS is still quite below solana’s raw steady state of 2900,Fri Oct 04 07:52:39 +0000 2024,1,2
780,toly 🇺🇸,@Evan_ss6 Home internet scales faster than demand for crypto transactions.  It’s inevitable that solana will be fine for home staking.,Fri Oct 04 04:27:26 +0000 2024,0,8
781,toly 🇺🇸,"@adidogCEO How are they transparent? 🤷🏼‍♂️ there is no way to verify the actual concentration of ownership as the result of the ico.  Like no one atm knows how much of the eth ico was held by bald men, and how much is still held by them.  The rumor was that it’s north of 10%",Thu Oct 03 23:30:10 +0000 2024,0,0
782,toly 🇺🇸,Should be a no brainer to take 10% of that 2800 TPS capacity and allocate it to users.  The core eth L1 devs are sitting on free 280 tps and won’t let you use it! Rise up and seize the means of gas limits!,Thu Oct 03 22:54:49 +0000 2024,3,42
783,toly 🇺🇸,@AmSpeed01 @endybtc What is “fully” on solana.  You can definitely build a static react page that connects to any solana rpc the user specifies without additional middleware,Thu Oct 03 21:10:15 +0000 2024,0,0
784,toly 🇺🇸,@AmSpeed01 @joemccann Validators also don’t dictate what happens with solana.  As long as one full node isn’t faulty the network can recover from a catastrophic failure.,Thu Oct 03 20:03:18 +0000 2024,0,5
785,toly 🇺🇸,"BREAKING: Satoshi also invented solana, she just did a much better job covering up her tracks the second time around.",Thu Oct 03 17:44:33 +0000 2024,20,321
786,Chris Burniske,"@0xjaypeg Happens every time - the trolls were out in force when $SOL was at $8, or ETH was at $80. They come up with new reasons to get fearful at the bottom every time, while I can try to educate, ultimately it’s their loss.",Thu Oct 03 12:10:44 +0000 2024,13,225
787,toly 🇺🇸,"@yugoviking @0xMert_ The same thing as would happen on Ethereum.  There would be a fork of eth supported by tether, circle, blackrock, ft, coinbase, binance, etc.. and one that is not.",Thu Oct 03 05:00:56 +0000 2024,0,1
788,Kyle Samani,"@ViktorBunin Empirically this is false

1) uniswap LPs
2) see ETH borrow rates",Thu Oct 03 04:28:30 +0000 2024,0,3
789,toly 🇺🇸,@0xMarcB @ViktorBunin Out of the money Uni v3 position or clob position in a DEX on solana is “TVL” even if it’s rarely hit.  But has low economic impact because its rarely hit,Thu Oct 03 04:16:05 +0000 2024,0,1
790,raj 🖤,"just in case anyone was complacent after breakpoint, here come the ""greatest hits"" from the death squad group chat mafias.

after all this time, they still haven't figured out that baseless attacks and misinformation are like jet fuel for solana builders.

absolute fools.",Thu Oct 03 04:01:00 +0000 2024,49,519
791,Kyle Samani,"@enzo_gte @GTE_XYZ Only took 9.5 years to realize users wanted this stuff

Literally shipped in solana 1.0",Thu Oct 03 01:31:50 +0000 2024,0,4
792,toly 🇺🇸,@ryanberckmans Ethereum 1.1m validators provide as much security as solana’s 1.3m stakers,Wed Oct 02 22:43:57 +0000 2024,0,40
793,toly 🇺🇸,"@ArthurB @musalbas Then that’s a “full node spec”, the rest are light client.  You can use a classically sharded blockchain by running a full node in each shard and waiting for all boxes to confirm to get the same level of security.  

If light clients are sufficient, go sample solana blocks.",Wed Oct 02 19:21:03 +0000 2024,0,1
794,toly 🇺🇸,@adidogCEO Your brain right now is like a solana validator in 2021 during a ME nft mint.  All ports buffers are full.,Wed Oct 02 18:33:44 +0000 2024,0,2
795,Kyle Samani,@bfriel_ see my tweet from earlier today about SVM growing beyond solana mainnet,Wed Oct 02 18:08:46 +0000 2024,0,3
796,toly 🇺🇸,@Evan_ss6 solana is always at the threshold of decentralization,Wed Oct 02 17:54:34 +0000 2024,0,17
797,Santiago R Santos,DePIN and payments will take off in Solana,Wed Oct 02 17:25:31 +0000 2024,6,136
798,Kyle Samani,"took about 8 hours at 1.75x but i'm now through all BP videos that i wanted to watch (which i think is &gt;50% of all BP videos)

big take aways

1) overwhelming focus on products!
2) asian exchanges leaning into Solana (eg see Lily's chat with Bybit)
3) basically every major asset",Wed Oct 02 17:18:33 +0000 2024,53,321
799,Kyle Samani,@CatfishFishy @solana agree,Wed Oct 02 17:12:00 +0000 2024,0,2
800,Kyle Samani,"@chamathsintern @R89Capital @solana when did i bull post?

i have mixed feelings about SVM growing, but i do think it's interesting and inevitable

i think most of the world is ignorant about this reality, hence the tweet",Wed Oct 02 17:11:54 +0000 2024,0,3
801,Kyle Samani,"SVM starting to grow beyond @solana mainnet

https://t.co/Cw1JakEDcr https://t.co/rLgVilq4LZ",Wed Oct 02 16:58:29 +0000 2024,13,114
802,Kyle Samani,"Lots of excitement about @jump_firedancer 

but the @Syndica_io continues to quietly build a 3rd @solana client, Sig, which is a read-optimized client

Continuing to decentralize the Solana network, one client at a time

https://t.co/mGRENVwzyq",Wed Oct 02 16:38:15 +0000 2024,20,185
803,toly 🇺🇸,@0xZeno__ My position doesn’t prohibit “ww3 resistance”. Getting as many HA operators to run solana will ensure that at least one replica will survive in case of a catastrophic failure,Wed Oct 02 15:31:46 +0000 2024,0,1
804,toly 🇺🇸,"As usual, solana is decentralized only by objectively measurable metrics, and centralized across all the other ones.",Wed Oct 02 14:54:00 +0000 2024,62,713
805,toly 🇺🇸,@HANS_SOL_OG Ha. Zero chance a toddler wouldn’t break AGI within 5 minutes,Wed Oct 02 02:32:14 +0000 2024,0,2
806,Kyle Samani,"@blockchainjames @SolBeachBum 1) our entire duration of our EOS position was ~12 months. maybe even just 9

2) have been mega long SOL since 2018 across 3 funds, and continue to hold a massive position to this day both in our funds and in my holdings outside the funds",Wed Oct 02 01:48:45 +0000 2024,0,0
807,Kyle Samani,@bast1dgex @odysseas_eth big cos deploying applications at scale care,Tue Oct 01 15:42:38 +0000 2024,0,0
808,Kyle Samani,"@malekanoms socgen launched on eth l1 and solana

so far empirical data does not support your theory",Tue Oct 01 02:51:18 +0000 2024,0,0
809,Kyle Samani,"for those of you coming up to speed on solana, this is a good starting place",Tue Oct 01 02:05:27 +0000 2024,3,28
810,Kyle Samani,@_Jonahw @Crypt0Panda ETH is money when the local coffee shop denominates coffee in ETH,Mon Sep 30 23:05:19 +0000 2024,0,1
811,Kyle Samani,@odysseas_eth good luck explaining to normies that centralized sequencers are in fact decentralized,Mon Sep 30 23:01:32 +0000 2024,0,5
812,Kyle Samani,"@datooo23 solana is permissionless, so of course teams can deploy L2s if they desire

doesn't mean that those L2s will be the primary liquidity hubs (unlike in ethereum, in which L2s have already usurped most of the activity from L1)",Mon Sep 30 22:54:29 +0000 2024,0,5
813,Kyle Samani,"@CatfishFishy @Austin_Federa socgen literally just gave a keynote at breakpoint about what they're deploying on solana

https://t.co/q9V5vJNgdj",Mon Sep 30 22:53:03 +0000 2024,0,1
814,toly 🇺🇸,@DoganEth @0xMert_ @sreeramkannan Not until eth L1 confirms it. Arbs sequencer can bail before then.,Mon Sep 30 17:34:29 +0000 2024,0,0
815,toly 🇺🇸,@sreeramkannan @bramcohen @0xMawuko @LordKishen @0x94305 @tarunchitra @MaxResnick1 You don’t need to use a vdf for this.  As long as the ordering is deterministic there is no arb between nyc CEX and solana.  Thats all it needs to accomplish.  It’s an open permissionless system that’s just as good at price discovery as a centralized permissioned one.  It can be,Mon Sep 30 08:50:22 +0000 2024,0,2
816,toly 🇺🇸,@0xkydo @0xMert_ Resolving differences doesn’t matter because it’s deterministic.  The arb opportunity is gone between nyc and solana as soon as the tx is included in any leader anywhere in the world.,Mon Sep 30 05:23:06 +0000 2024,0,8
817,toly 🇺🇸,@sreeramkannan @LordKishen @0x94305 @tarunchitra @MaxResnick1 Traders already deal with execution risk.  The point is that once a tx is included in Asia the arbitrage opportunity between nyc and solana is gone.,Mon Sep 30 05:11:53 +0000 2024,0,14
818,Kyle Samani,@kheldar_sol Lol got me,Mon Sep 30 01:46:07 +0000 2024,0,1
819,Kyle Samani,"@kheldar_sol Ethereum’s primary design constraint is solo stakers

Literally the antithesis of forward looking",Mon Sep 30 01:44:41 +0000 2024,0,0
820,Kyle Samani,"@KAndrewHuang You have not scaled ETH

You have helped create many competitors to Ethereum",Mon Sep 30 01:42:34 +0000 2024,0,6
821,toly 🇺🇸,@0xkydo @0xMert_ I have a flawed understanding of multiple concurrent leaders for Solana?,Sun Sep 29 22:40:00 +0000 2024,3,113
822,toly 🇺🇸,@Rahul__Ghangas @0xAzur @sreeramkannan @kheldar_sol @SuiNetwork If validators can earn more with more cores dedicated to scheduling they will go get more cores.,Sun Sep 29 22:21:00 +0000 2024,0,0
823,toly 🇺🇸,"@Rahul__Ghangas @0xAzur @sreeramkannan @kheldar_sol @SuiNetwork It’s more complicated.  There are a bunch of watermarks, or limits. Like block bytes, memory read or written in a block, or compute holding a single account write locked.  Each watermark is independently hit.  It’s a knapsack problem.",Sun Sep 29 21:56:45 +0000 2024,0,1
824,toly 🇺🇸,@joaomendoncaaaa @robustus @sreeramkannan If @tinydancerio builds a data validating bridge for eth users to solana why would they ever use any other L2?,Sun Sep 29 21:41:47 +0000 2024,0,3
825,toly 🇺🇸,@Rahul__Ghangas @0xAzur @sreeramkannan @kheldar_sol @SuiNetwork Every cycle we find more bugs in that pipeline.  Eventually it won’t suck. Right now just memory allocations in quic are enough to add some lag.,Sun Sep 29 21:40:48 +0000 2024,0,1
826,toly 🇺🇸,@sreeramkannan @0xMert_ @kheldar_sol @getcode Devs can logically pin state to a single sequencer.,Sun Sep 29 21:34:10 +0000 2024,0,18
827,toly 🇺🇸,"@0xAzur @sreeramkannan @kheldar_sol @SuiNetwork When leaders aren’t slammed with spam it’s about 1s on solana.  It’s irrespective of tps, the user e2e conf time is mostly wasted in getting the tx to the block, not what happens after. https://t.co/xc4HXVDHpY",Sun Sep 29 21:30:57 +0000 2024,0,7
828,toly 🇺🇸,Two different ZKPs in separate instructions in a single solana atomic transaction with the data flow between the instructions defined by the user is bar for zkp on solana.  Who is building this?,Sun Sep 29 20:38:19 +0000 2024,5,71
829,toly 🇺🇸,"@sreeramkannan A news event happens in Singapore that impacts Apple, which is traded in nyc.  A transaction that impacts markets can be included by a block producer in Singapore, so by the time the news hits traders in nyc there is no arbitrage between the markets in solana and the ones in nyc.",Sun Sep 29 19:35:09 +0000 2024,0,103
830,Meltem Demirors,"@NikoLeMieux @SolSplits @AltheaNetwork yup @AltheaNetwork has a connectivity infra fund that's basically this 

would love to chat more re: @SolSplits and credit products - mocked this up 2 months ago but prob could use some basic diagrams and specific tooling ppl can use on SOL https://t.co/yrdl5sxAzE",Sun Sep 29 16:27:52 +0000 2024,0,3
831,Santiago R Santos,"Prob will be hard in the next decade outperform a basket portfolio of:

Bitcoin
Solana
TSLA
Meme basket 

Do your own work. NFA. I will likely not hold this bag and change constantly and underperform because of overthinking and over trading 🙃",Sun Sep 29 16:22:52 +0000 2024,9,313
832,toly 🇺🇸,@arixoneth Sure!  Then only based L2s would count as eth DEX volume.  Which there is zero off atm.,Sat Sep 28 22:19:50 +0000 2024,0,7
833,Kyle Samani,"probably the most comprehensive response to my token2049 keynote about why SOL will flip ETH

tbh i think basically all of this is cope, so need to respond line-by-line

but you should read and render your own judgements",Sat Sep 28 20:48:09 +0000 2024,1,91
834,Kyle Samani,"@wholisticguy @doctor_dickbutt @ryanberckmans @0xdavidhan tbh i don't need to respond. i will retweet though, and encourage the world at large to see the ridiculousness of the .eth people",Sat Sep 28 20:47:22 +0000 2024,0,12
835,Kyle Samani,"@0xrag3 @Baker0x @ryanberckmans @0xdavidhan Various solana based teams are building network extensions. This is possible because Solana is permissionless

That doesn’t mean Solana’s scaling plan is to bet on L2s",Sat Sep 28 12:59:51 +0000 2024,0,1
836,toly 🇺🇸,"&gt; On DEX volume, Kyle excludes L2s from his Eth comparison

This is the whole point 🤷🏼‍♂️. The fees in L2s from DEX volume on L2s do not contribute to Eth L1 stakers.  

Otherwise you can legitimately count solana DEX volume towards ethereum.  

There is absolutely no technical",Sat Sep 28 06:56:01 +0000 2024,7,158
837,Kyle Samani,@doctor_dickbutt @ryanberckmans @0xdavidhan I bought my first ETH in March 2016 and ETH was my first real source of wealth in my life,Fri Sep 27 22:34:19 +0000 2024,0,36
838,Kyle Samani,@_Jonahw @gakonst ETH is very much not money,Fri Sep 27 22:33:42 +0000 2024,0,0
839,toly 🇺🇸,The number one usecase for solana is growing a family. So you can split the cost of the validator with your household and everyone you invited to the wedding.,Fri Sep 27 22:22:45 +0000 2024,12,162
840,raj 🖤,"there’s an invisible class of products being built on solana, that nobody will see coming.

🧑‍🤝‍🧑 scrappy, small, product-centric teams
🧠 not distracted by cross-chain
💰 minimal funding, no flashy party rounds
⚔️ forged in heated competition
🧙‍♂️ multi-cycle builders with wisdom",Fri Sep 27 18:14:06 +0000 2024,93,846
841,raj 🖤,@0xGumshoe fully agree that growth on solana is its own beast. cant wait to see what you do! it’d be awesome to read about your learnings in public too.,Fri Sep 27 18:05:54 +0000 2024,0,18
842,raj 🖤,love this! solana-native growth agency.,Fri Sep 27 18:02:44 +0000 2024,15,188
843,Kyle Samani,@ryrzny @meshmapxyz @solana @a16zcrypto @ColosseumOrg @lattice_fund @EV3ventures @GSR_io @aeyakovenko @rajgokal @balajis @paulbohm Congrats! Glad to see you continuing to push this vision forward,Fri Sep 27 04:10:46 +0000 2024,0,3
844,Kyle Samani,"@joaomendoncaaaa @0xBalloonLover ethereum - as experienced by real people - is not more neutral than solana

centralized l2s are the antithesis of credible neutrality",Thu Sep 26 22:26:45 +0000 2024,0,3
845,Santiago R Santos,"@blknoiz06 If WIF is at $100, where is SOL?",Thu Sep 26 22:13:25 +0000 2024,1,23
846,Chris Burniske,"I take the angry replies of late as an indication of how off-sides many people are for the mindset that will work in the coming quarters. Tragically, that's bullish. 

Bullish $BTC $ETH $SOL, bullish shiny new coins.",Thu Sep 26 19:04:10 +0000 2024,7,88
847,Kyle Samani,@BernadetteMado2 @ayyyeandy Trivial for roll ups to rip out ETH for celestia or avail or whatever,Wed Sep 25 04:56:48 +0000 2024,0,1
848,toly 🇺🇸,@colludingnode @KyleSamani That’s not a good argument.  Solana mainnet makes profit of priority fees and can subsidize the cost of non contentious payments below a da layer that lacks the hotspots to do so.,Wed Sep 25 01:34:30 +0000 2024,0,0
849,toly 🇺🇸,@colludingnode @KyleSamani If that’s the only revenue model there is no actual value acruel.  Solana validators can actually drop da below costs because access to hotspots is price insensitive and will subsidize everything else.,Wed Sep 25 01:19:16 +0000 2024,0,2
850,toly 🇺🇸,And now the solana ecosystem is putting 100gbps switches wired up with fiber world wide to optimize the dog and cat coin markets. 🥲🥲🥲,Wed Sep 25 00:12:09 +0000 2024,13,79
851,Kyle Samani,"@aeyakovenko @bryan_johnson I remember when solana was almost dead

And when drift was almost dead too",Tue Sep 24 23:43:27 +0000 2024,0,10
852,Santiago R Santos,@bennybitcoins That’s French for buying the Solana phone instead,Tue Sep 24 16:44:13 +0000 2024,0,1
853,Santiago R Santos,"@macbrennan_cc gm sir
You know where I stand on Solana and as much as I’m a mega bull it does not invalidate need for Mega

Mega is Mega and Solana is Solana
Two different lanes",Tue Sep 24 16:06:01 +0000 2024,0,8
854,toly 🇺🇸,"Solana is a decentralized and disorganized YC:

* founders not developers 
* startups not projects 
* engineering not research 

Because it’s disorganized, there is comms inefficiency.  You should talk to labs, anza, foundation, helius, metaplex, colosseum, Jito, triton…",Tue Sep 24 11:32:40 +0000 2024,62,687
855,toly 🇺🇸,"New goal just dropped. Wen 50k solana nodes?

I think the people that are mad at me saying that economic security is a meme realized how hard actual physical security is and don’t want to do the work.",Mon Sep 23 12:28:05 +0000 2024,6,91
856,toly 🇺🇸,"@dca_LVII @0xMert_ BREAKING NEWS: @solana like outage experienced by a layer two, follow @TheBlock__ for more coverage",Mon Sep 23 10:49:31 +0000 2024,0,10
857,Santiago R Santos,@lior_eth Lmao it’s all very entertaining,Mon Sep 23 09:45:41 +0000 2024,0,0
858,toly 🇺🇸,Solana has as many shipped phones as other ecosystems have layers.,Mon Sep 23 03:07:39 +0000 2024,58,542
859,toly 🇺🇸,"@geet_eth @jon_charb @0xMert_ Looking at the perf differences between agave and firedancer, a ton of improvements are due to minimizing memory allocations, strict thread management and zero copy message passing. 

There is basically a thread pool per sr engineer in agave 😭😭😭",Mon Sep 23 01:24:18 +0000 2024,0,2
860,toly 🇺🇸,"blinks for writes, das api for reads == 🧈🧈🧈

If you are a @solana smart contract dev, your job isn’t done until an external developer can use every feature through blinks and das.",Mon Sep 23 01:02:21 +0000 2024,49,320
861,toly 🇺🇸,"@0x_Osprey @toghrulmaharram 💯Chain verification costs are higher on solana, but the difference is negligible in practice.  

The economic barrier to participate in the quorum  are 10-20x smaller at the moment on ethereum. That was the big payoff from all the bls optimizations the eth core devs implemented.",Sun Sep 22 22:54:43 +0000 2024,0,9
862,Santiago R Santos,"We’re entering the consumer application phase of crypto and it will become very clear the “have” and “have nots” 

This has been my thesis all along for Solana. I see a clear path for broader adoption from payments to DePIN, and if you think it’s all meme coins you’re in for a",Sun Sep 22 15:21:54 +0000 2024,27,267
863,toly 🇺🇸,Can we get an @artemis__xyz dashboard for TTSP - time to solana in a podcast.,Sun Sep 22 13:39:56 +0000 2024,1,25
864,toly 🇺🇸,"@geet_eth @jon_charb @0xMert_ lol, that reads really of terse. My bad.",Sun Sep 22 10:25:47 +0000 2024,0,2
865,raj 🖤,"@solanasteve_ @solana @SolanaConf I feel like I’m on your shit list after I ran away from you in the mall. I was late for my network state talk, please don’t hate me!

fully agree fwiw",Sun Sep 22 09:41:22 +0000 2024,0,12
866,Kyle Samani,@sgoldfed agree! the only problem with L2s is that they're bad for ETH,Sun Sep 22 09:10:46 +0000 2024,0,1
867,Kyle Samani,@holdmybirra @solana @SolanaConf that talk is from token2049 not breakpoint. will share YT link when i get it from conference organizers,Sun Sep 22 08:42:15 +0000 2024,0,1
868,Kyle Samani,"videos from @solana @SolanaConf are all live on youtube! tons of alpha to be found

https://t.co/Zgaj0uODPU",Sun Sep 22 08:22:10 +0000 2024,13,122
869,toly 🇺🇸,@geet_eth @jon_charb @0xMert_ If you can’t read the code the analysis won’t mean anything to you,Sun Sep 22 06:41:46 +0000 2024,0,2
870,Santiago R Santos,@0xSamHogan @bonham_sol Can always count on Sam leaking alpha,Sun Sep 22 02:36:02 +0000 2024,0,2
871,Chris Burniske,"@Apeds_eth I have, also impressive",Sat Sep 21 23:52:41 +0000 2024,0,1
872,toly 🇺🇸,Kain was one of the first guests on the solana podcast ages ago.  Finally get to jam together.,Sat Sep 21 12:18:25 +0000 2024,0,50
873,toly 🇺🇸,@chainyoda @solana @brianlong Zaki was right!,Sat Sep 21 04:08:30 +0000 2024,0,4
874,raj 🖤,"solana is a global network state.

it runs on a light speed state machine.

it seeks to be faster, cheaper, bigger.

this is just the beginning.",Sat Sep 21 01:09:41 +0000 2024,173,1159
875,raj 🖤,"we need someone like this for @solana

DM’s are open! https://t.co/0BM6d2Y33m",Sat Sep 21 00:54:58 +0000 2024,30,311
876,raj 🖤,@farokh @solana this one is gonna cost you a lot,Sat Sep 21 00:14:33 +0000 2024,0,11
877,raj 🖤,"@Bocsta1 @farokh @solana it’s the opposite, farokh pays me for the right to post about solana",Sat Sep 21 00:08:36 +0000 2024,2,14
878,Santiago R Santos,"All the @SolanaConf Day 1 videos are up on YouTube. Here’s the Solana vs Ethereum debate icymi:

https://t.co/Xam7JLtxuJ",Fri Sep 20 16:01:14 +0000 2024,1,38
879,Kyle Samani,@chainyoda @zmanian Her was indeed early to solana,Fri Sep 20 14:34:56 +0000 2024,0,4
880,Santiago R Santos,About to go on stage @SolanaConf . Who will win the Solana vs Ethereum debate and take the Breakpoint award? https://t.co/ZrmwgRHY3g,Fri Sep 20 04:19:17 +0000 2024,9,184
881,Kyle Samani,"@0xtuba @pythianism OP implied BERA/SOL is going up a lot from current 1/40 ratio

I’ll take the under at 1/5 ratio",Fri Sep 20 01:20:25 +0000 2024,0,3
882,toly 🇺🇸,Congratulations!!! Mert is one of the hardest working founders I have ever met. His energy and product obsession has been an inspiration to the whole solana ecosystem.  🦾🦾🦾,Fri Sep 20 00:08:53 +0000 2024,35,657
883,Chris Burniske,$SOL's turn to go meow?,Fri Sep 20 00:01:56 +0000 2024,25,559
884,Chris Burniske,".@solana fam is more quiet than I would have expected during #Breakpoint2024, though $SOL is doing some talking of its own - is it so good in SG that there's no time to post the goodness? https://t.co/08lAqQ16HK",Thu Sep 19 21:10:24 +0000 2024,6,360
885,Kyle Samani,@pythianism BERA/SOL price 18 months after TGE,Thu Sep 19 09:26:50 +0000 2024,0,21
886,Kyle Samani,@daddysether L2s explicitly take value in the form of MEV and execution costs away from ETH,Thu Sep 19 06:25:12 +0000 2024,0,4
887,toly 🇺🇸,@ClodsireSol @m_it It’s an original solana saga. There is no “saga 2” atm,Tue Sep 17 21:10:14 +0000 2024,0,1
888,Chris Burniske,"@isellchoco @bonesawtrades @CelestiaOrg Innovation comes before revenue, has for every major chain (Bitcoin, Ethereum, Solana, etc), and every major company. 

Follow a single metric on metronome, without critical thinking, and get rekt.",Tue Sep 17 16:21:49 +0000 2024,0,10
889,toly 🇺🇸,@FigoETH The value isn’t based on that guarantee. The value comes from access to the update in relation to some other trade.  If all the trades move from the eth L1 it just won’t matter when the oracle gets an update,Mon Sep 16 18:09:58 +0000 2024,0,1
890,toly 🇺🇸,@FigoETH The oracle provider can do this with just SSL and dns. It’s just as true on tron or eth L1 or solana or any L2.  So there is no premium fees to capture.,Mon Sep 16 18:05:24 +0000 2024,0,2
891,toly 🇺🇸,"@FigoETH The mev searcher that bundles the oracle update and pays a premium fee is paying to be first to execute a trade, not for “security of the oracle update”. 

That trade doesn’t depend on the security of the L1.  It can be just as lucrative on any L2 or solana and the oracle update",Mon Sep 16 16:53:28 +0000 2024,0,5
892,Kyle Samani,"@gajeshnaik Gas fees were so bad in 2020 and 2021 that it forced activity off of Ethereum

Activity migrated mostly to SOLUNAVAX

But only Solana remains relevant

Primary reason is SVM so there is no EVM copy pasta. I have been adamantly opposed to EVM support for this reason",Mon Sep 16 13:32:05 +0000 2024,0,36
893,Chris Burniske,"@panicselling Easy to be wrong short term, but longer term it’s clear we’re going higher and someone else can try to help those who are shorting tia or sol here",Sun Sep 15 23:52:25 +0000 2024,2,80
894,toly 🇺🇸,@WazzCrypto @wholisticguy @hildobby_ Usdt on tron has the same security as eth mainnet usdt or solana usdt.,Sun Sep 15 23:19:37 +0000 2024,0,0
895,toly 🇺🇸,"@FigoETH There are no “high value” txs. Native USDT on tron is the same value in eth L1 or solana.  The fees are due to congestion, not value or security.  So there is no way to discriminate on price by “tx value” and no rational person will.",Sun Sep 15 19:13:30 +0000 2024,0,2
896,toly 🇺🇸,"@FigoETH The gap in logic there is why would eth L1 blockspace be so valuable? 

DA has no content or time premium. Users get soft confirmations from the L2, so there is no premium to pay for faster synchronization to L1 or premium to access specific state since all da blobs are fungible.",Sun Sep 15 15:55:31 +0000 2024,0,3
897,toly 🇺🇸,@FigoETH USD has value because US people make globally competitive products and services and are taxed in USD regardless of what currency they sell their products in. US based L2s that earn revenue in eth with sequencer fees pay taxes in USD on those eth earnings.  They add more value to,Sun Sep 15 14:49:31 +0000 2024,1,9
898,toly 🇺🇸,@0xMert_ @baalazamon Solana already has the most ai2ai transactions.,Sun Sep 15 04:17:37 +0000 2024,6,47
899,toly 🇺🇸,@andrewhong5297 @ryanberckmans Also for some reason only solana failed txs are excluded and no other ones.  🤷🏼‍♂️ https://t.co/zjOuDsMozb,Sun Sep 15 01:24:01 +0000 2024,0,4
900,Chris Burniske,"7/ Some context on that bullish December 2020 $SOL unlock, when 80% of SOL's supply was unleashed in one go: https://t.co/yCa02WApYl",Sun Sep 15 00:30:43 +0000 2024,5,62
901,Chris Burniske,"6/ I'm sure the paid groups and bottom trolls will jump all over my back for this thread, and that alone is a good sign. They're anxious in expensive shorts. 

They'll bring up the VC rounds, the selling of staking rewards, how this is different from $SOL's bullish unlock in",Sun Sep 15 00:30:43 +0000 2024,0,66
902,Chris Burniske,"4/ What $TIA bottom trolls aren't grasping:

1) @CelestiaOrg as an ecosystem is firing on all cylinders, with an ideologically committed &amp; diverse set of builders experimenting with zeal. Reminds me of early Bitcoin, Ethereum and Solana energy. 

2) The ""evil VCs"" that're given",Sun Sep 15 00:30:42 +0000 2024,10,128
903,toly 🇺🇸,@GwartyGwart @_charlienoyes Solana is a bitcoin L2 endorsed but not backed by Satoshi.  She just did a much better job covering her tracks this time around.,Sun Sep 15 00:20:57 +0000 2024,2,8
904,toly 🇺🇸,"@ryanberckmans @0xBanana @norbertbodziony Capacity != load.  Then load on solana often includes the worst case txs.  Presently that’s ORE mining, which is onchain pow mining that takes up a bunch of CUs. Ironically, it’s outbidding the other worst case txs which are arbs that lockup the maximum number of markets and",Sat Sep 14 14:18:42 +0000 2024,2,11
905,Kyle Samani,"@crypto_noodles Huh

I literally staked SOL in epoch 0. It was permissionless

In a world with 100+ permissionless hl validators running EVM rotating leaders frequently I think all the performance gains go away? What is the specific case that they don’t?",Sat Sep 14 11:56:17 +0000 2024,0,15
906,Kyle Samani,"solana and hyperliquid are apples-oranges

solana was permissionless from day 1

HL achieves the performance it does bc its permissioned",Sat Sep 14 04:15:49 +0000 2024,6,167
907,Kyle Samani,"@ipopflop Drift product experience is dramatically better since solana 1.18 went live and they switched to pyth pull oracles. Try using it now

By going full stack and permissioning the validator set HL can obviously deliver a better product experience in a very narrow sense

As of now",Fri Sep 13 02:49:24 +0000 2024,4,29
908,Chris Burniske,@daejesse @CelestiaOrg @Aptos @movementlabsxyz @SuiNetwork @ethereum @solana @Sagaxyz__ is definitely an up-and-coming innovation environment worthy of mention here,Thu Sep 12 23:04:31 +0000 2024,0,6
909,Chris Burniske,"Contagious enthusiasm coming from up-and-coming ecosystems like that of @CelestiaOrg or Move (@Aptos @movementlabsxyz @SuiNetwork), while the majors of #Bitcoin, @ethereum &amp; @solana continue getting after it - eyes on $10T, don’t get shook 🫡",Thu Sep 12 22:03:43 +0000 2024,1,96
910,toly 🇺🇸,You don’t need any changes from solana to build a data validating bridge with economic guarantees or even validity proofs or fraud proofs.,Thu Sep 12 19:06:31 +0000 2024,2,31
911,toly 🇺🇸,"@gluk64 No, because there is nothing all the validators can do to convince circle to wire out usdc that’s on solana.  Circles single full node would reject the invalid state transition.  

Enough of the token holders to create a quorum and enough of the “professional security council”",Thu Sep 12 16:36:32 +0000 2024,0,16
912,Tushar Jain,"8/ The first product demo for Fuse will be revealed next week at Breakpoint, Solana’s annual developer conference.",Thu Sep 12 16:20:35 +0000 2024,0,7
913,toly 🇺🇸,@deanmlittle @SolPlay_jonas @solana That’s only because you don’t have a good llvm build/test environment,Thu Sep 12 14:46:47 +0000 2024,0,1
914,toly 🇺🇸,@SolPlay_jonas @solana Add these optimizations to llvm.  It’s not that hard,Thu Sep 12 13:41:30 +0000 2024,0,8
915,Kyle Samani,"@fiege_max @crypto_noodles There is a pretty major difference between solana 2020 and hl 2024

Hl achieves its performance bc it’s permissioned. Solana has been permissionless consensus from day 1",Thu Sep 12 11:22:43 +0000 2024,0,0
916,toly 🇺🇸,@arixoneth solana is already a based L2 via the wormhole eigenlayer,Wed Sep 11 15:41:16 +0000 2024,0,2
917,Kyle Samani,@soyboy_sol @DriftProtocol We own a lot of both,Wed Sep 11 13:05:02 +0000 2024,0,1
918,Santiago R Santos,And fwiw it was a big contributor in my process of re-underwriting my Solana thesis last year…,Mon Sep 09 14:38:55 +0000 2024,0,12
919,Chris Burniske,"@kingtrippy5116 And a year from now you’ll say, “sol was $129 sir”",Mon Sep 09 03:14:38 +0000 2024,0,9
920,toly 🇺🇸,@sgoldfed @BanklessHQ Nothing about ethereum alignment would change in solana.  No core protocol changes would be needed and there isn’t anything that solana devs could do to stop someone with a solana full node from building this bridge.,Mon Sep 09 01:22:35 +0000 2024,1,10
921,toly 🇺🇸,@sgoldfed @BanklessHQ I am a technology optimist as well.  Eventually eth L1 will trivially have capacity for solana data and a zkp or fraud proof can be used to guarantee the state root and if the solana quorum ever censors an ethereum user the quorum that runs the STF for the state root that holds,Mon Sep 09 00:55:32 +0000 2024,1,16
922,toly 🇺🇸,"@sgoldfed @BanklessHQ wETH in an L2 has the same honest majority risk ask wormhole eth or binance multisig eth.  Security of the system is measured by the worst case link, not the average case.",Mon Sep 09 00:30:26 +0000 2024,0,5
923,toly 🇺🇸,@sgoldfed @BanklessHQ How is wETH on arbitrum growing ethereum more than wETH on solana or binance?,Mon Sep 09 00:23:50 +0000 2024,0,7
924,toly 🇺🇸,@sgoldfed @BanklessHQ What other ethereum supporters have created as much new technology options for ethereum users as the solana ecosystem?,Mon Sep 09 00:23:03 +0000 2024,0,2
925,toly 🇺🇸,@sgoldfed @BanklessHQ Phantom and backpack natively support ethereum. Fat chance of fox wallet ever adding native solana support.,Mon Sep 09 00:18:42 +0000 2024,0,7
926,toly 🇺🇸,@sgoldfed @BanklessHQ Solana is trying to grow Ethereum. Wormhole wrapped Eth on solana is the cheapest fastest eth on the planet 🦾🦾🦾,Mon Sep 09 00:04:24 +0000 2024,3,70
927,Chris Burniske,"Signs of strength in the long-tail while $BTC &amp; $ETH consolidate and sentiment would make you think Satoshi died. All the while, blockchains continue seeping into the social fabric, even if none of it is fast enough for the impatient. Future is bright, of this I’m not uncertain.",Sun Sep 08 08:29:08 +0000 2024,80,1042
928,Chris Burniske,@nancmc111 @eking_eth Not yet,Sat Sep 07 22:10:47 +0000 2024,0,1
929,Chris Burniske,@eking_eth Hanging in there,Sat Sep 07 22:02:37 +0000 2024,0,3
930,Kyle Samani,"the best thing about the ETH thesis is that it is not falsifiable 

how do you validate or invalidate the ""ETH is money"" thesis?",Fri Sep 06 13:51:32 +0000 2024,2,75
931,Kyle Samani,"@SolBeachBum Comparing across time is not possible

Solana could have never launched at a high price then because it was anathema to the rest of crypto",Fri Sep 06 11:34:30 +0000 2024,0,4
932,raj 🖤,stablecoins soar on solana,Wed Sep 04 18:58:53 +0000 2024,48,491
933,toly 🇺🇸,"Arb/OP style superchain L2s that use solana L1 as the DA layer don’t make a ton of sense on solana because worst case median fees during the highest volatility event over the last year hit $0.005

There are very few business models that are blocked by this.  

What’s more is that",Wed Sep 04 17:05:08 +0000 2024,6,58
934,toly 🇺🇸,@pokerchessman It’s just funny that in 12 months a definition of ethereum stretched to the point to include the wormhole eigenlayer DA might pass a low tps moment for solana.,Wed Sep 04 16:28:37 +0000 2024,0,2
935,Chris Burniske,Long $BTC. Long $ETH. Long $SOL.,Wed Sep 04 07:22:16 +0000 2024,198,2549
936,toly 🇺🇸,"@nope_sol @WazzCrypto If no one is shitposting about them, do they even exist?",Wed Sep 04 04:55:33 +0000 2024,0,4
937,toly 🇺🇸,"@eawosikaa @0xZeno__ @smyyguy So years from now, Ethereum might get to parity to solana, with the hope that it won’t require users to give up custody to a multisig.",Tue Sep 03 19:50:58 +0000 2024,0,0
938,Kyle Samani,@0xLewis_gg @kankanivishal @hosseeb i mean if they want to fork out ETH or SOL balances or whatever,Tue Sep 03 18:31:48 +0000 2024,0,2
939,toly 🇺🇸,"@justsayuluvjo @pythianism @Austin_Federa Pyth is a great example of this.  Pyth is awesome, creates a ton of value for solana dapps that far exceeds the value of the transaction fees that occur on the pyth side chain.  Same with the Code wallet. 

It would still be better if mainnet was good enough that it was a no",Tue Sep 03 18:29:46 +0000 2024,9,45
940,toly 🇺🇸,@justsayuluvjo @pythianism @Austin_Federa I am all for forking SVM.  It’s the best VM for trustless compute.  But txs that get sequenced by non solana stake weighted validators are lost revenue for those validators.  So it’s competitive with mainnet. Which is fine. Competition is great.,Tue Sep 03 18:25:00 +0000 2024,5,24
941,Kyle Samani,"2/ i was thinking about pavel's arrest

what if USG forks ethereum/solana codebase and mainnet

and just 0s out some accounts (eg known north korea accounts or something)",Tue Sep 03 18:21:28 +0000 2024,0,8
942,toly 🇺🇸,"@EliBenSasson @KyleSamani @toghrulmaharram @mhonkasalo @cubexch @Backpack @Starknet @solana Compressed NFTs on @metaplex, @LightProtocol generalized zk compression",Tue Sep 03 17:40:41 +0000 2024,0,2
943,toly 🇺🇸,@0xZeno__ @smyyguy Solana is an Ethereum network extension over the wormhole eigenlayer,Tue Sep 03 17:38:11 +0000 2024,0,3
944,Kyle Samani,"@crypto_y2k people will build L2s and network extensions on solana

1) i don't think general purpose EVM/SVM roll ups will be a thing at all on solana; which is obviously not true of ethereum

2) we'll see if any app-specific network extensions gain meaningful adoption

3) to the extent they",Tue Sep 03 17:35:56 +0000 2024,0,2
945,toly 🇺🇸,@ayyyeandy @KyleSamani Solana’s compressed NFTs host over 500m NFTs across 5000 “L2s”.  Solana has more L2s than all the other chains combined. (By like a factor of 10?),Tue Sep 03 17:21:01 +0000 2024,0,2
946,Kyle Samani,"@ayyyeandy @Terminaxyz we are not investors in termina

we've been long SOL since it was possible to be long SOL bc of focus on scaling L1. what gravity are we fighting?",Tue Sep 03 17:18:19 +0000 2024,0,4
947,toly 🇺🇸,@WazzCrypto Compressed NFTs are “L2s”. There is over 5000 of L2s managing over 500m NFTs already on solana. Solana is by far the largest L2 ecosystem already and has more L2s than all the other chains combined.,Tue Sep 03 17:14:10 +0000 2024,0,30
948,toly 🇺🇸,"@KyleSamani @EliBenSasson @toghrulmaharram @mhonkasalo @cubexch @Backpack @Starknet @solana If two starks can compose atomically in 1 solana tx, then it’s just another program that’s using cryptography for optimizations.  No different than zk compression.",Tue Sep 03 17:09:05 +0000 2024,0,3
949,Kyle Samani,"@ayyyeandy that is def wrong

agave and firedancer codebases are very integrated

solana is permissionless so sure 3rd parties can do whatever they want

but so far there is 0 evidence that general purpose EVM/SVM roll ups matter on solana",Tue Sep 03 17:06:03 +0000 2024,0,9
950,Kyle Samani,@laemD8 @aeyakovenko @toghrulmaharram @mhonkasalo @cubexch @Backpack @Neon_EVM i don't think EVM on solana mainnet solves any problems,Tue Sep 03 17:02:37 +0000 2024,0,1
951,toly 🇺🇸,@jon_charb The token with the most monetary premium needs the highest level of economic security. L2 bridged eth TVL needs to increase.,Tue Sep 03 16:54:16 +0000 2024,0,1
952,toly 🇺🇸,"Credit to @smyyguy 

Network fees when the users need them most:

Max median fee, max avg fee, total fees (5hrs)
Ethereum: $157, $336, $7.6m
Solana: $0.0044, $0.1770, $232k",Tue Sep 03 16:39:04 +0000 2024,15,178
953,toly 🇺🇸,"@RyanSAdams &gt; There's no way the apps on Solana are going to let SOL holders rent seek their MEV - not a sustainable equilibrium.

MEV and priority fees are a fraction of App revenue, since Apps can trivially charge basis points on volume.  

If composability drives App revenue, giving up",Tue Sep 03 16:03:02 +0000 2024,0,29
954,toly 🇺🇸,"“L2ish” thing that I think would be cool.  Add an sdk to @jito_sol so devs could build small off chain order books using the 0x relayer matching model that operate within a smaller light cone than mainnet.   So a Tokyo one, one in Ireland one in Singapore, etc….  these should",Tue Sep 03 15:58:45 +0000 2024,1,38
955,toly 🇺🇸,@getsqt @sreeramkannan @toghrulmaharram Yep! That’s the core reason to call arb/op competitive with eth L1,Tue Sep 03 15:37:13 +0000 2024,0,0
956,Kyle Samani,"if we're all in sudden agreement that various blockchain designs are converging, then the question is

can ethereum become more like solana faster than solana can become.... wait that's not right

this is a one-way imitation",Tue Sep 03 15:21:00 +0000 2024,5,173
957,toly 🇺🇸,@Sol_omo_n @nickwh8te Only one vm. But your program can function as an interpreter or vm I suppose.,Tue Sep 03 01:10:39 +0000 2024,0,7
958,toly 🇺🇸,"@Sol_omo_n @nickwh8te That’s the whole point.  It’s impossible to stop apps from going their own way, but the network must not give them a technical reason to do so.",Tue Sep 03 00:40:47 +0000 2024,0,6
959,Kyle Samani,"If you can build a better overall UX using a sovereign app chain, or L2, instead of Solana mainnet

you should

and yes, that's parasitic to Solana relative to the counterfactual in which the app lives on solana mainnet",Tue Sep 03 00:23:18 +0000 2024,0,28
960,toly 🇺🇸,"@nickwh8te 🙄, solana is home to more L2s than celestia and ethereum combined.",Tue Sep 03 00:09:31 +0000 2024,0,22
961,toly 🇺🇸,@StaleOracle @toghrulmaharram How can an L2 have its own L2s though? Solana has been an eth L2 via the wormhole eigenlayer for ages,Mon Sep 02 21:41:05 +0000 2024,0,2
962,toly 🇺🇸,"@toghrulmaharram @joaomendoncaaaa @mhonkasalo @magicblock @getgrass_io @OREsupply @PythNetwork You are trying to land a point that everything that isn’t on solana mainnet is parasitic.  

Great 👍. 

No one cares because no one aggregates those metrics into a bs narrative about “monetary premium”.",Mon Sep 02 21:02:46 +0000 2024,0,3
963,toly 🇺🇸,"@toghrulmaharram @joaomendoncaaaa @mhonkasalo @magicblock @getgrass_io @OREsupply @PythNetwork In that context of discussing the Ethereum ecosystem it’s fair to push back on those claims and say that L2s aren’t adding value to eth, and in fact the relationship might resemble something more parasitic.",Mon Sep 02 20:58:30 +0000 2024,0,1
964,toly 🇺🇸,@toghrulmaharram @joaomendoncaaaa @mhonkasalo @magicblock @getgrass_io @OREsupply @PythNetwork 🙄 no one is adding cube and backpack activity into “solana” metrics and shilling it as one giant thing that creates “monetary premium” like Ethereum KOLs do for eth.,Mon Sep 02 20:54:23 +0000 2024,0,3
965,Kyle Samani,"@0xBreadguy 1) sure solana has L2s bc its permissionless. But they have 0 market share today

2) moneyness thesis is unfalsifiable, and circular. And is predicated on being a special snowflake. Maybe bitcoin is a special snowflake. Ethereum and Solana are not",Mon Sep 02 20:49:41 +0000 2024,0,1
966,Kyle Samani,"@aeyakovenko @toghrulmaharram @mhonkasalo @cubexch @Backpack Anything that doesn’t happen on L1 that could’ve happened on L1 is by definition parasitic

i don’t find EVM/SVM roll ups interesting for this reason. It’s literally the same thing as L1. I am very skeptical any of these copy-paste L2s will take off on solana bc L1 is good enough",Mon Sep 02 20:41:58 +0000 2024,5,84
967,toly 🇺🇸,"@toghrulmaharram @mhonkasalo @cubexch @Backpack @KyleSamani Sure. Apps that move their users to their own L2 or L1 in a zero sum way are obviously moving revenue of the L1.  That’s no good either.  

It makes no difference to me if they inherit solana security or not.  wtf would I care, I want to use the mainnet version.",Mon Sep 02 20:37:37 +0000 2024,0,15
968,toly 🇺🇸,"@40xmiles @toghrulmaharram @mhonkasalo @cubexch @Backpack @KyleSamani ZK compression is “l2 like technology” that any L1 app on solana can use.  It’s not moving a bunch of users from the L1.  For the apps that can leverage this, it’s saving costs (so validators earn less) but is
also growing users that pay those same validators (so validators are",Mon Sep 02 20:35:15 +0000 2024,0,0
969,toly 🇺🇸,@toghrulmaharram @mhonkasalo Sure. But that doesn’t help growing solana mainnet activity.  Thats a separate thing like @cubexch or @Backpack.,Mon Sep 02 20:24:58 +0000 2024,0,8
970,toly 🇺🇸,"@toghrulmaharram @mhonkasalo Every eth KOL is shilling this narrative that Ethereum’s growth is eth + L2s, which is dumb.  

I don’t care about the growth of solana “L2s” unless it results in more priority txs for solana mainnet validators.  

Zk state compression 🤌
Ore mining of chain 🤌
State channels 🤷🏼‍♂️",Mon Sep 02 20:21:40 +0000 2024,1,44
971,toly 🇺🇸,"@toghrulmaharram @mhonkasalo If the solana ecosystem were to cripple L1 execution optimizations in favor of “arb/op” general purpose L2 stack to handle all the user txs, it would be parasitic to solana’s mainnet. It’s not that hard to think through this.",Mon Sep 02 20:14:04 +0000 2024,0,30
972,toly 🇺🇸,@armaniferrante Eclipse doesn’t inherit solana or ethereum security. Ironically.,Mon Sep 02 19:27:42 +0000 2024,0,11
973,toly 🇺🇸,"@Evan_ss6 @R89Capital 🙄 eth high fees are bad, does that mean all high fees are bad? 

No, obviously not.  Charging a high fee for a hotspot concurrently with a low fee for everyone else is great.  High average fees + low median fees and dynamic price discrimination by local state is great.

Arb and",Mon Sep 02 18:31:19 +0000 2024,0,2
974,toly 🇺🇸,@eawosikaa I am 100% for &gt; 33% of eth moving into L2s asap.  Maximizing that L2 bridged ethereum TVL should be the number 1 priority for the ethereum ecosystem and the only way to measure its growth and value.,Mon Sep 02 18:18:21 +0000 2024,0,2
975,Kyle Samani,@DegenMVP There are many things that solana mainnet cannot do!,Mon Sep 02 17:40:47 +0000 2024,0,2
976,Kyle Samani,"strongly agree

most of the L2-type things on Solana are not just SVM-environments that settle to Solana mainnet

they actually do new things that are not possible on mainnet!",Mon Sep 02 14:27:02 +0000 2024,7,172
977,toly 🇺🇸,"Tell toranaga-sama that solana validator requirements are too high. It’s the equivalent of a running a whole datacenter to validate the chain.  

The anjin uses a MacBook that his parents bought him",Mon Sep 02 04:21:25 +0000 2024,4,88
978,toly 🇺🇸,"@eawosikaa How is it implemented? In EVM itself? Or exogenous to the state machine that executes smart contracts?

Votes on solana go through the vm. So almost everything is captured inside the vm.  ZKP of the vm STF would be 99.99% of the load",Mon Sep 02 03:12:54 +0000 2024,0,4
979,toly 🇺🇸,@eawosikaa How much of eth is exogenous state to the state entirely computed in EVM?,Mon Sep 02 02:52:27 +0000 2024,0,2
980,toly 🇺🇸,@joaomendoncaaaa @eawosikaa @ngmingmingmi @0xBreadguy @luigidemeo @SIGNAL_RETURN @sreeramkannan @solana There is no way they will get to two gigabits though.,Mon Sep 02 01:20:48 +0000 2024,0,1
981,toly 🇺🇸,@eawosikaa @ngmingmingmi @0xBreadguy @luigidemeo @SIGNAL_RETURN @sreeramkannan @solana I has data center https://t.co/OA7zzPRSfn,Mon Sep 02 01:17:37 +0000 2024,0,1
982,toly 🇺🇸,"@eawosikaa @0xBreadguy @luigidemeo @SIGNAL_RETURN @sreeramkannan @ngmingmingmi @solana But they were all deceived, for there was another superchain multisig that could force its own state transitions. https://t.co/Y8kz2VX1HC",Mon Sep 02 01:13:09 +0000 2024,0,4
983,toly 🇺🇸,"@luigidemeo @SIGNAL_RETURN @0xBreadguy @eawosikaa @sreeramkannan @ngmingmingmi @solana if your usecase is simply hodling and not transacting, then minimizing the cost of the box that verifies that no one has messed with the rest of the state makes sense as a priority.  

total cost to users:

(cost of box + cost of fees to household sharing the box)

if all you are",Mon Sep 02 01:04:07 +0000 2024,0,2
984,toly 🇺🇸,@SIGNAL_RETURN @sreeramkannan @ngmingmingmi @solana US bankruptcy court rules are not what Celsius users expect when they deposit into an L2,Sun Sep 01 23:17:25 +0000 2024,0,4
985,toly 🇺🇸,@eawosikaa @dankrad @lex_node Yes! That’s the wormhole eigenlayer.  Thats why solana should be included in ethereum metrics.,Sun Sep 01 20:02:03 +0000 2024,0,4
986,toly 🇺🇸,"@SIGNAL_RETURN @sreeramkannan @ngmingmingmi @solana If everyone upgraded then how is this an invalid upgrade? 

Social consensus is the “free market”. The bug is that bridge guardians or L2 security council can go against the free market.",Sun Sep 01 19:57:53 +0000 2024,0,9
987,toly 🇺🇸,"@SIGNAL_RETURN @sreeramkannan @ngmingmingmi @solana Can’t instantly force an upgrade to all the full nodes.  That’s the point.  If the majority by stake upgrades, but circle/cb/binance/wormhole/mert rpc’s etc… do not, and a transaction that would diverge the chain is executed, it looks like a liveness failure.",Sun Sep 01 19:40:07 +0000 2024,0,7
988,toly 🇺🇸,@sreeramkannan @solana That’s great.  Get it to prod and compete.,Sun Sep 01 19:11:39 +0000 2024,5,94
989,toly 🇺🇸,"@sreeramkannan @ngmingmingmi @solana Multisig councils force all the users of the L2s to commingle the assets and risk with the security council.

Simply holding or transferring assets in an L2 is as risky as LPing into an upgradable lending protocol.",Sun Sep 01 19:08:37 +0000 2024,0,15
990,toly 🇺🇸,@sreeramkannan @solana I would be ecstatic with payments and RWAs and all the forex between them as pmf,Sun Sep 01 19:03:11 +0000 2024,0,20
991,toly 🇺🇸,@sreeramkannan @solana Can’t even do that on an L2 🤷🏼‍♂️,Sun Sep 01 18:58:39 +0000 2024,0,23
992,Kyle Samani,"@digitalartchick If you stake your SOL (or ETH), you are *guaranteed* to beat inflation",Sun Sep 01 18:42:15 +0000 2024,0,1
993,toly 🇺🇸,@eawosikaa @dnrcsii @udiWertheimer @lex_node It’s not complicated to implement an auction. Whoever burns the most Eth can sequence the root for an epoch or until censorship has been proven.,Sun Sep 01 18:36:50 +0000 2024,0,0
994,toly 🇺🇸,"@eawosikaa @dnrcsii @udiWertheimer @lex_node You can do the same thing with solana ledger data.  It just needs to have enough to recover the root and to detect censorship.  

State root voted by solana validators isn’t the correct one.  They only confirm the root.  The correct one is one that follows the correct",Sun Sep 01 18:36:00 +0000 2024,0,2
995,toly 🇺🇸,"@eawosikaa @dnrcsii @udiWertheimer @lex_node &gt; If I take ETH to Solana in 2031, its security depends on the external bridge and Solana consensus.

Thats not true. 

1. Dump solana ledger data into eth blobs
2. Post a proof of a state root 
3. Have a failsafe sequencer election if solana validators censor eth users txs",Sun Sep 01 17:37:33 +0000 2024,0,1
996,toly 🇺🇸,@udiWertheimer @dnrcsii @eawosikaa @lex_node L2 eth TVL is the most important metric for L2 adoption.  Bridge 33% of eth to the security council of your choice asap.,Sun Sep 01 17:15:39 +0000 2024,0,2
997,toly 🇺🇸,"@eawosikaa @BSmokes_ @dankrad @lex_node Don’t equate that with honest majority risk.  As a competitor, I am all for bridging &gt; 33% of eth to the security council of your choosing.",Sun Sep 01 16:51:12 +0000 2024,0,0
998,toly 🇺🇸,"@eawosikaa @udiWertheimer @lex_node As a competitor, I am 100% for bridging &gt;33% of eth into the security council of your choice asap.",Sun Sep 01 16:48:58 +0000 2024,0,2
999,toly 🇺🇸,"@eawosikaa @dankrad @lex_node I ain’t reading all that.  What’s the actual average fee over the last year? 

I can split the cost of a single solana validator for everyone in my household, or everyone that came to my wedding.  I can’t split the fees.  There will always be some group where (Cost of box + fees)",Sun Sep 01 16:44:20 +0000 2024,0,1
1000,toly 🇺🇸,@udiWertheimer @lex_node @eawosikaa Bridge &gt;33% of eth into any L2 and see what happens to the security council.,Sun Sep 01 16:28:46 +0000 2024,0,1
1001,toly 🇺🇸,"@BSmokes_ @dankrad @lex_node @eawosikaa Average eth L1 network fees over the past year were much higher than $0.05, much higher even recently during a spike in demand, when everyone needed to transact.",Sun Sep 01 16:21:27 +0000 2024,0,1
1002,Kyle Samani,@tokenterminal @coinbase What’s wrong with solana,Sun Sep 01 16:12:38 +0000 2024,0,9
1003,toly 🇺🇸,"@dankrad @lex_node @eawosikaa Ethereum is too expensive for me though.  

(Cost of solana hardware + solana fees) &lt; (cost of ethereum hardware + ethereum fees)

There will always be a set of users for which this is true as long as increasing hardware costs reduces network fees.",Sun Sep 01 16:10:59 +0000 2024,0,2
1004,toly 🇺🇸,"@lex_node @eawosikaa @dankrad As a competitor, I am all for &gt;33% of eth bridging to base.",Sun Sep 01 15:47:56 +0000 2024,3,64
