Tweet_count,Username,text,date,Retweets,Likes,clean_text,predicted_sentiment,btc_price
2,Ryan Selkis (d/acc) 🇺🇸,"""I was catastrophically wrong, so now I'll be 10x as catastrophically wrong, rather than revisit my priors.""

It's ok @evan_van_ness, ETH is still great.",2025-01-30,0,22,catastrophically wrong ill 10x catastrophically wrong revisit priors ok evanvanness eth great,0,104735.3046875
3,toly 🇺🇸,@benafisch @gakonst Solana and ethereum could post data to each other ex-blobs to make it bi directional,2025-01-30,0,8,benafisch gakonst solana ethereum post data exblobs make bi directional,0,104735.3046875
4,raj 🖤,@GeormanZ too many words. just launch on solana,2025-01-30,2,45,geormanz words just launch solana,0,104735.3046875
5,raj 🖤,@0xKawz @solana indeed,2025-01-30,0,5,0xkawz solana,0,104735.3046875
6,raj 🖤,"just got two separate pieces of news that tell me 2025 is going to be solana summer v3.

for two completely separate reasons. LFG",2025-01-29,323,2767,just got separate pieces news tell 2025 going solana summer v3 completely separate reasons lfg,0,103703.2109375
7,Kyle Samani,"you can try to be ultrasound money

or you can try to compete with solana

but you can't be both. this proposal, while actually quite interesting, immediately destroys all credibility as ultrasound money",2025-01-29,6,179,try ultrasound money try compete solana proposal actually quite interesting immediately destroys credibility ultrasound money,0,103703.2109375
8,toly 🇺🇸,"@Kaleb0x @0xBreadguy How do you prove to the L1 bridge contract that alt-da data wasn’t withheld?  (Hint, if you could then you don’t need L2s, solana and ethereum can have fully trustless bridges between them)",2025-01-28,0,9,kaleb0x 0xbreadguy prove l1 bridge contract altda data wasnt withheld hint dont need l2s solana ethereum fully trustless bridges,-1,101332.4765625
9,toly 🇺🇸,It would be cool if each solana DEX flipped eth,2025-01-27,65,685,cool solana dex flipped eth,1,102087.6875
10,raj 🖤,"had a problem with the solana labs @vestaboard and @dgp helped me instantly, directly, on a sunday. founder mode!",2025-01-27,1,48,problem solana labs vestaboard dgp helped instantly directly sunday founder mode,0,102087.6875
11,toly 🇺🇸,"@iampaulgrewal @coinbase @SECGov 💯💯💯 

The solana ecosystem is blessed to have @coinbase in our corner.",2025-01-25,31,640,iampaulgrewal coinbase secgov solana ecosystem blessed coinbase corner,1,104714.6484375
12,raj 🖤,"if you're in crypto, pivot to solana",2025-01-25,641,4548,youre crypto pivot solana,1,104714.6484375
13,raj 🖤,"in q4 of 2024 I got asked a lot about whether solana could compete with better funded, centralized platforms that launched their own L2's and L1's. the main questions were about whether developers could count on solana for distribution.

I haven't heard that question in 2025.",2025-01-25,30,475,q4 2024 got asked lot solana compete better funded centralized platforms launched l2s l1s main questions developers count solana distribution havent heard question 2025,0,104714.6484375
14,raj 🖤,"@Brandon_M_Kumar what part of their broken solana infrastructure had to do with caution toward security / fraud, exactly?",2025-01-25,1,56,brandonmkumar broken solana infrastructure caution security fraud exactly,-1,104714.6484375
15,Ryan Selkis (d/acc) 🇺🇸,"@BrantlyMillegan I think ETH and SOL are too similar, though. Which is why I'm in camps #1 or #2. Tiebreaker against ETH may have been the PoS switcheroo.",2025-01-24,0,6,brantlymillegan think eth sol similar im camps 1 2 tiebreaker eth pos switcheroo,0,104819.484375
16,toly 🇺🇸,"@FigoETH &gt; Solana on the other side also doesn't have enough scalability (Trump crashed network, one single usecase; only 2k tps possible rn)

Bugs != lack of scalability. 

jito had a bug, and the scheduler had a bug.  engage the frontal cortex pls",2025-01-24,0,12,figoeth gt solana doesnt scalability trump crashed network single usecase 2k tps possible rn bugs lack scalability jito bug scheduler bug engage frontal cortex pls,0,104819.484375
17,Ryan Selkis (d/acc) 🇺🇸,"Frauds misinterpret my thoughts on the SBR and new crypto rules.

1. XRP isn't a security (Safe Harbor)
2. ETH Gud. SOL Gud. Not reserve assets, tho!
3. BTC is unique as a reserve.

If 47 disagrees, I won't be offended. But I'll also know I can't really be of much help anymore.",2025-01-24,18,189,frauds misinterpret thoughts sbr new crypto rules 1 xrp isnt security safe harbor 2 eth gud sol gud reserve assets tho 3 btc unique reserve 47 disagrees wont offended ill know really help anymore,0,104819.484375
18,toly 🇺🇸,"@redacted_noah @portport255 @TrustlessState @bw_solana @AltcoinAssasin A single fee market saturating the chain causes an effective qos failure for all the other users.  So to a user that’s expecting 0.01 fees from their non defi app, it’s an effective liveness failure.  No good.  Isolation failed.",2025-01-24,0,2,redactednoah portport255 trustlessstate bwsolana altcoinassasin single fee market saturating chain causes effective qos failure users user thats expecting 001 fees non defi app effective liveness failure good isolation failed,0,104819.484375
19,toly 🇺🇸,"@TrustlessState @bw_solana @AltcoinAssasin But in that state, the fee market became global instead of local. So a single app saturated the whole chain. That is the current state across all the L2s and ethereum L1.  So are they down 100% of the time then?",2025-01-24,0,6,trustlessstate bwsolana altcoinassasin state fee market global instead local single app saturated chain current state l2s ethereum l1 100 time,0,104819.484375
20,toly 🇺🇸,"@TrustlessState @bw_solana @AltcoinAssasin Sure.  Solana was down for the majority of users, fix incoming asap.",2025-01-24,1,13,trustlessstate bwsolana altcoinassasin sure solana majority users fix incoming asap,0,104819.484375
21,toly 🇺🇸,"@TrustlessState @bw_solana @AltcoinAssasin When they block all other txs, but on their own it’s ok.",2025-01-24,0,2,trustlessstate bwsolana altcoinassasin block txs ok,0,104819.484375
22,toly 🇺🇸,@TrustlessState @bw_solana @AltcoinAssasin Yes!  It’s super high priority to fix asap.,2025-01-24,0,6,trustlessstate bwsolana altcoinassasin yes super high priority fix asap,0,104819.484375
23,toly 🇺🇸,"@bw_solana @TrustlessState @AltcoinAssasin High paying txs still landed without issues.  A bunch of wallets just weren’t setup to deal with fee spikes, they are now.",2025-01-24,0,2,bwsolana trustlessstate altcoinassasin high paying txs landed issues bunch wallets just werent setup deal fee spikes,0,104819.484375
24,toly 🇺🇸,"@0xUsamaro @mdudas &gt; i was just pointing to the diverse successful financial apps building on ETH that shouldn’t be forgotten when it comes to its valuation

Why? If those apps do nothing for eth value capture, why do they matter?",2025-01-24,0,1,0xusamaro mdudas gt just pointing diverse successful financial apps building eth shouldnt forgotten comes valuation apps eth value capture matter,0,104819.484375
25,toly 🇺🇸,@TrustlessState @ShivanshuMadan .@jito_sol bug causes fees to spike. Otherwise it mostly worked ok.,2025-01-24,0,6,trustlessstate shivanshumadan jitosol bug causes fees spike worked ok,0,104819.484375
26,Ryan Selkis (d/acc) 🇺🇸,"In 16 years, BTC has grown to $2 trillion. It’s 60% of the market ex-USD.

Blockspace is commoditized, ETH isn’t special. Its share keeps ticking lower vs peers like SOL.

Adding non-BTC assets to a reserve would be grifty, amateurish, and hurt the USD. Better off with nothing.",2025-01-24,35,645,16 years btc grown 2 trillion 60 market exusd blockspace commoditized eth isnt special share keeps ticking lower vs peers like sol adding nonbtc assets reserve grifty amateurish hurt usd better,0,104819.484375
27,Ryan Selkis (d/acc) 🇺🇸,"Buying BTC would be like adding digital gold to the US treasury and it could be bundled with new types of bonds.

Buying ETH would be like adding Samsung, SOL like Apple. Good assets maybe, but for a sovereign wealth fund, not a Treasury reserve.

Buying XRP would be fiscal AIDS.",2025-01-24,168,2389,buying btc like adding digital gold treasury bundled new types bonds buying eth like adding samsung sol like apple good assets maybe sovereign wealth fund treasury reserve buying xrp fiscal aids,0,104819.484375
28,raj 🖤,"advice from YC, but 100% applies to teams building on solana as well https://t.co/tR2lCBoWrv",2025-01-23,57,431,advice yc 100 applies teams building solana httpstcotr2lcbowrv,0,103960.171875
29,toly 🇺🇸,"@uriklarman @trentdotsol @MaxResnick1 @paladin_solana @0xMert_ Just an observation.  Slippage is application specific, not sure how to model it correctly to create a better scheduler. Maybe priority ordering + apps dynamic pricing could work like @MaxResnick1 suggested",2025-01-23,0,3,uriklarman trentdotsol maxresnick1 paladinsolana 0xmert just observation slippage application specific sure model correctly create better scheduler maybe priority ordering apps dynamic pricing work like maxresnick1 suggested,0,103960.171875
30,toly 🇺🇸,@uriklarman @trentdotsol @MaxResnick1 @paladin_solana @0xMert_ DeFi priority fees have little to do with contention and everything to do with slippage and volatility,2025-01-23,0,2,uriklarman trentdotsol maxresnick1 paladinsolana 0xmert defi priority fees little contention slippage volatility,0,103960.171875
31,toly 🇺🇸,Solana is for everyone,2025-01-23,72,711,solana,0,103960.171875
32,toly 🇺🇸,"@uriklarman @trentdotsol @MaxResnick1 @paladin_solana Priority fees are basically paying only to get into the block before slippage is exceeded.  It’s not even write saturation on the state, it’s contention with how much the state changes.",2025-01-23,0,1,uriklarman trentdotsol maxresnick1 paladinsolana priority fees basically paying block slippage exceeded write saturation state contention state changes,0,103960.171875
33,Kyle Samani,"3/ Specifically, the post tackles TAM and value capture, and most importantly, describes how Solana DeFi can beat TradFi at its own game on core performance metrics such as latency and spreads

Cheers!

{fin}",2025-01-22,2,99,3 specifically post tackles tam value capture importantly describes solana defi beat tradfi game core performance metrics latency spreads cheers fin,1,103653.0703125
34,Kyle Samani,"2/ Solana is now a $100B asset. Market cap is like gravity. The higher it is, the higher everyone's expectations should be

The essay shares how we underwrite holding SOL north of $100B",2025-01-22,4,105,2 solana 100b asset market cap like gravity higher higher everyones expectations essay shares underwrite holding sol north 100b,0,103653.0703125
35,Kyle Samani,"0/ @multicoincap has been investing in SOL since May 2018

In that time, we have published 4 theses to share our views on how we think about Solana

Today I'm excited to share the 5th in that series:

The Solana Thesis: Internet Capital Markets

(link in next tweet) https://t.co/b0L9Y9qj6m",2025-01-22,167,981,0 multicoincap investing sol 2018 time published 4 theses share views think solana today im excited share 5th series solana thesis internet capital markets link tweet httpstcob0l9y9qj6m,0,103653.0703125
36,Kyle Samani,@0xMert_ Justin Drake coined the term monolithic in the context of solana with specific pejorative intention,2025-01-22,0,10,0xmert justin drake coined term monolithic context solana specific pejorative intention,0,103653.0703125
37,Tushar Jain,This is a succinct explanation of why excessively high SOL inflation crowds out other forms of financing activity in Solana DeFi.,2025-01-22,20,93,succinct explanation excessively high sol inflation crowds forms financing activity solana defi,1,103653.0703125
38,Kyle Samani,"Ethereum was my entry into crypto in 2016. I fell in love with the vision for permissionless finance and smart contracts. 

ETH was my first meaningful source of wealth

In 2017 Ethereum was the center of crypto. Up 100x in a year. ICOs. Future of finance. Gas fees spiking.",2025-01-21,187,2147,ethereum entry crypto 2016 fell love vision permissionless finance smart contracts eth meaningful source wealth 2017 ethereum center crypto 100x year icos future finance gas fees spiking,1,106146.265625
39,toly 🇺🇸,@koeppelmann @svantetobias Solana is Monet! https://t.co/BiAxJrbNij,2025-01-21,0,4,koeppelmann svantetobias solana monet httpstcobiaxjrbnij,0,106146.265625
40,Kyle Samani,@zachxbt @Iam_Polycarp @MickiCrossChain What’s your solana address,2025-01-21,0,12,zachxbt iampolycarp mickicrosschain whats solana address,0,106146.265625
41,toly 🇺🇸,Fixed before all the solana needs L2 posts,2025-01-20,29,527,fixed solana needs l2 posts,0,102016.6640625
42,Ryan Selkis (d/acc) 🇺🇸,@nanye_eth You’re welcome. I’ve done more this year for Ethereum than anyone since Vitalik.,2025-01-20,0,1,nanyeeth youre welcome ive year ethereum vitalik,1,102016.6640625
43,Tushar Jain,"@7LayerMagik @smyyguy It could be interesting to explore tranche commissions for validators. For example, the first 1% APY of fees+inflation go to the validator and the rest go to the staker.

I think that would need to be a separate proposal though. We don't want Solana governance to be like US",2025-01-19,0,0,7layermagik smyyguy interesting explore tranche commissions validators example 1 apy feesinflation validator rest staker think need separate proposal dont want solana governance like,1,101089.609375
44,Tushar Jain,Solana is overpaying for security. We don't need SOL inflation to be this high. The current SOL inflation curve was set by fiat at the start of the network and it no longer makes sense. It's time to move to a market based mechanism to set (and lower) inflation.,2025-01-19,12,183,solana overpaying security dont need sol inflation high current sol inflation curve set fiat start network longer makes sense time market based mechanism set lower inflation,0,101089.609375
45,Kyle Samani,"@balajis Very myopic view

First step to doing anything in the world is to garner attention

All eyes on solana now",2025-01-19,0,13,balajis myopic view step doing world garner attention eyes solana,0,101089.609375
46,Chris Burniske,"@pokerchessman Solana is going to be taken to its limit, Firedancer can't come fast enough",2025-01-19,0,19,pokerchessman solana going taken limit firedancer come fast,0,101089.609375
47,Tushar Jain,"Solana went from outages anytime there was a big spike in demand to handling the highest volume onchain trading day on any chain ever.

Memecoins are how we stress test the rails for more socially valuable capital markets.",2025-01-19,89,815,solana went outages anytime big spike demand handling highest volume onchain trading day chain memecoins stress test rails socially valuable capital markets,1,101089.609375
48,Kyle Samani,@_ryanrconnor ETH people,2025-01-18,0,3,ryanrconnor eth people,0,104408.0703125
49,Kyle Samani,@0x_ultra What can you do on Ethereum that you can’t do on Solana?,2025-01-18,0,20,0xultra ethereum solana,0,104408.0703125
50,Kyle Samani,"@jarxiao Strongly disagree

Step one to value creation is garnering attention

All eyes on solana memecoins now",2025-01-18,1,69,jarxiao strongly disagree step value creation garnering attention eyes solana memecoins,0,104408.0703125
51,Chris Burniske,"The incoming President just gave everyone license to launch a memecoin - $SOL is getting the message, buckle up. https://t.co/ZURQfsh8QI",2025-01-18,154,1614,incoming president just gave license launch memecoin sol getting message buckle httpstcozurqfsh8qi,0,104408.0703125
52,toly 🇺🇸,I am the nCMO of @Solana,2025-01-17,61,535,ncmo solana,0,104462.0390625
53,toly 🇺🇸,@mteamisloading @wagmiAlexander @smyyguy does lido rev include eth inflation rewards?  I don’t think jito’s does.,2025-01-17,0,0,mteamisloading wagmialexander smyyguy does lido rev include eth inflation rewards dont think jitos does,0,104462.0390625
54,toly 🇺🇸,"@mteamisloading @wagmiAlexander Then 🤷‍♂️.  The internet is for cats.  The previous meme meta was NFTs, now it’s memecoins.  Hopefully solana will capture the next meme meta as well.",2025-01-17,0,8,mteamisloading wagmialexander internet cats previous meme meta nfts memecoins hopefully solana capture meme meta,0,104462.0390625
55,toly 🇺🇸,"Solana is the first blockchain to hit pi block9 🥧🥧🥧

https://t.co/NiKylcYIyk",2025-01-17,114,1165,solana blockchain hit pi block9 httpstconikylcyiyk,0,104462.0390625
56,Ryan Selkis (d/acc) 🇺🇸,"@JackGavigan Could grandfather in ETH and apply on a forward looking basis only.

Or you could hold ETH to token rules, which only applies to major holders, so doesn’t matter.

I just think the commodity thing is confusing and misses the point.",2025-01-16,0,1,jackgavigan grandfather eth apply forward looking basis hold eth token rules applies major holders doesnt matter just think commodity thing confusing misses point,0,99756.90625
57,Kyle Samani,"Step 1) reduce SOL inflation

Step 2) long term staking

LFG",2025-01-16,18,303,step 1 reduce sol inflation step 2 long term staking lfg,0,99756.90625
58,Tushar Jain,"Today @kankanivishal and I released a Solana Improvement Proposal to reduce Solana inflation. 

As Solana matures, stakers increasingly earn SOL through mechanisms like MEV. This income stream reduces the network's historical exclusive reliance on token emissions to attract stake",2025-01-16,46,427,today kankanivishal released solana improvement proposal reduce solana inflation solana matures stakers increasingly earn sol mechanisms like mev income stream reduces networks historical exclusive reliance token emissions attract stake,0,99756.90625
59,Kyle Samani,Solana leading the pack,2025-01-16,8,145,solana leading pack,0,99756.90625
60,Chris Burniske,"@Youclidean @AriDavidPaul note that I'm specifically talking about the majors here, which only BTC, ETH and SOL qualify as imo - there is a lot of hot air that needs to be decompressed to reality, and when BTC pulls back 50% we could see those things go down 95%+",2025-01-15,0,19,youclidean aridavidpaul note im specifically talking majors btc eth sol qualify imo lot hot air needs decompressed reality btc pulls 50 things 95,0,100504.4921875
61,Chris Burniske,"@drjasper_eth If you can read you'll see I explicitly warn against an ""up only"" mentality",2025-01-15,0,14,drjaspereth read youll explicitly warn mentality,1,100504.4921875
62,toly 🇺🇸,@llamaonthebrink @smyyguy You can push a message from eth to solana through wormhole. The same honest majority risk exists of it landing as the one using the OP stack today.,2025-01-15,0,4,llamaonthebrink smyyguy push message eth solana wormhole honest majority risk exists landing using op stack today,0,100504.4921875
63,Kyle Samani,"@harveymizzle despite all of those things

solana is surpassing ethereum on most on-chain metrics",2025-01-15,0,2,harveymizzle despite things solana surpassing ethereum onchain metrics,1,100504.4921875
64,toly 🇺🇸,"@portport255 @alexz7371 You can’t use eth vote pipeline for apps.  🙄🙄🙄 this is the same kind of bs that ended up helping solana over the long term. People constantly under estimated solana and assumed ethereum would close the gap within a year, every year for like 5 years at this point.",2025-01-15,0,1,portport255 alexz7371 use eth vote pipeline apps kind bs ended helping solana long term people constantly estimated solana assumed ethereum close gap year year like 5 years point,0,100504.4921875
65,Chris Burniske,"$BTC worth ~$2T.
$ETH worth ~$400B.
$SOL worth ~$100B. 

These are amazing numbers considering less than 10 years ago $BTC was worth ~$3B. 

Cheer up, future is bright.",2025-01-15,77,1140,btc worth 2t eth worth 400b sol worth 100b amazing numbers considering 10 years ago btc worth 3b cheer future bright,1,100504.4921875
66,Chris Burniske,"@crypto_condom @celestia People said the TIA unlocks would send the asset to zero and they were wrong - it's consolidated since the big unlock in a choppy market. Is it treading water and digesting unlocks? Yes. 

Similarly, SOL may have to digest, but ignoring the demand-side, or failing to estimate",2025-01-14,9,133,cryptocondom celestia people said tia unlocks send asset zero wrong consolidated big unlock choppy market treading water digesting unlocks yes similarly sol digest ignoring demandside failing estimate,-1,96534.046875
67,Santiago R Santos,@luishxyz @inversion_cap @daimo_eth Mobile makes $,2025-01-14,0,0,luishxyz inversioncap daimoeth mobile makes,-1,96534.046875
68,toly 🇺🇸,@portport255 Safety third! Now do eth load without any multisigs.,2025-01-14,0,105,portport255 safety eth load multisigs,0,96534.046875
69,toly 🇺🇸,"@colludingnode @drjasper_eth @joaomendoncaaaa @lil_hat_slayer Lmao, Jamie diamond has no idea what open source is.  He is still fudding bitcoin",2025-01-14,0,7,colludingnode drjaspereth joaomendoncaaaa lilhatslayer lmao jamie diamond idea open source fudding bitcoin,0,96534.046875
70,toly 🇺🇸,"@materkel @arbitrum @fuel_network @Starknet @dankrad None of the features that would justify the security arguments made it to prod though.  Blobs are the same thing fundamentally as solana.  Design wise, solana basically only has blobs.",2025-01-14,0,7,materkel arbitrum fuelnetwork starknet dankrad features justify security arguments prod blobs thing fundamentally solana design wise solana basically blobs,0,96534.046875
71,toly 🇺🇸,"@mteamisloading Disorganized != decentralized.  If you don’t tell your own story someone else will, and it nearly always backfires as a strategy.  

I was arguing with people who specifically fudded solana, because I didn’t want them to tell solana’s story for me.",2025-01-13,1,42,mteamisloading disorganized decentralized dont tell story nearly backfires strategy arguing people specifically fudded solana didnt want tell solanas story,0,94516.5234375
72,toly 🇺🇸,"FWIW this ended up as a huge net positive for solana. Eth aligned projects AND funds discounted solana’s tech progress as something ethereum would close in a year (every year for like 4 years).  

So while it was harder to bootstrap home grown projects on solana, it ended up a",2025-01-13,14,180,fwiw ended huge net positive solana eth aligned projects funds discounted solanas tech progress ethereum close year year like 4 years harder bootstrap home grown projects solana ended,0,94516.5234375
73,toly 🇺🇸,"@jarxiao I have a wondrous solution to the read problem in solana, but unfortunately there isn’t enough space in this post to describe it.",2025-01-13,0,10,jarxiao wondrous solution read problem solana unfortunately isnt space post,0,94516.5234375
74,toly 🇺🇸,@wireframepit .@jito_sol and @paladin_solana and @DFlowProtocol are on it.  Afaik there are no L1 blockers for them to ship.,2025-01-13,1,32,wireframepit jitosol paladinsolana dflowprotocol afaik l1 blockers ship,0,94516.5234375
75,toly 🇺🇸,"@Evan_ss6 Solana’s marketing is code you can run today in production 

https://t.co/lbbKQrnOp7",2025-01-13,2,44,evanss6 solanas marketing code run today production httpstcolbbkqrnop7,0,94516.5234375
76,toly 🇺🇸,"So my pov, ethereum is 95% roadmap marketing. 

The merge took forever (1 or 2 years delayed?)

The rollup roadmap took forever as well and over promised and under delivered.  So for about 4 years I was constantly arguing with .eth influencers on this website comparing existing",2025-01-13,91,1292,pov ethereum 95 roadmap marketing merge took forever 1 2 years delayed rollup roadmap took forever promised delivered 4 years constantly arguing eth influencers website comparing existing,0,94516.5234375
77,toly 🇺🇸,@udiWertheimer I will make eth holders pay for the data validating bridge,2025-01-11,0,16,udiwertheimer make eth holders pay data validating bridge,-1,94566.59375
78,toly 🇺🇸,I want government regulation to be small enough that solana can win against Xrp or cardano or whatever else in the free market.,2025-01-11,20,288,want government regulation small solana win xrp cardano free market,0,94566.59375
79,toly 🇺🇸,The solution is right in front of your eyes. Take wETH on solana. Build that data validating bridge Mr Gorbachev. https://t.co/Vf8pFjkdS0,2025-01-11,2,58,solution right eyes weth solana build data validating bridge mr gorbachev httpstcovf8pfjkds0,0,94566.59375
80,toly 🇺🇸,@mteamisloading @rachinkalakheti @BSturisky It’s the same as a data validating bridge between eth and solana.  If there is a censorship fault the remote chains hard fork with the view of the bridge.  You get a split.,2025-01-11,1,18,mteamisloading rachinkalakheti bsturisky data validating bridge eth solana censorship fault remote chains hard fork view bridge split,-1,94566.59375
81,toly 🇺🇸,"@nickwh8te Despite my best efforts, I’ve failed to imbue the code with its own agency.  

Users only care about the confirmation from the sequencer.  If there is demand for das light clients there is enough solana startups to make it happen. If there is demand for trust minimized wrapped",2025-01-11,1,25,nickwh8te despite best efforts ive failed imbue code agency users care confirmation sequencer demand das light clients solana startups make happen demand trust minimized wrapped,0,94566.59375
82,toly 🇺🇸,"Ethereum will be fine. DA roadmap will actually achieve trust minimized bridging into high tps  sequencers, one of which may eventually end up solana mainnet if the blob capacity will ever be high enough. Blob fees will pay a lot more than the cost to run all boxes on the",2025-01-11,27,292,ethereum fine da roadmap actually achieve trust minimized bridging high tps sequencers eventually end solana mainnet blob capacity high blob fees pay lot cost run boxes,0,94566.59375
83,toly 🇺🇸,@chrisdotsol Hell yea! Solana ASIC Addition hopefully.,2025-01-11,0,12,chrisdotsol hell yea solana asic addition hopefully,0,94566.59375
84,Chris Burniske,@Ape_31 Heard the same about ETH &amp; SOL once,2025-01-10,0,58,ape31 heard eth amp sol,0,94701.453125
85,Chris Burniske,"No one uses it!
Unlocks will kill everyone!
Protocol fees are near zero!
VCs and insiders own too much!

What people say of $TIA now, they once said of $SOL. 

Aside from unlocks, $ETH received echoes of similar criticisms from early $BTC folks.

Without fail, trolls think",2025-01-10,58,752,uses unlocks kill protocol fees near zero vcs insiders people say tia said sol aside unlocks eth received echoes similar criticisms early btc folks fail trolls think,0,94701.453125
86,toly 🇺🇸,@NFT_Shooter @jon_charb @JacobArluck The best eth is on solana,2025-01-10,0,2,nftshooter joncharb jacobarluck best eth solana,1,94701.453125
87,Kyle Samani,@fede_intern @solana I'll take the under on that with up to $100m of size,2025-01-10,0,2,fedeintern solana ill 100m size,0,94701.453125
88,Kyle Samani,Solana ecosystem continues to build net-new user experiences,2025-01-10,23,183,solana ecosystem continues build netnew user experiences,-1,94701.453125
89,toly 🇺🇸,@drjasper_eth @0xMert_ The wallets and tg trading bot operators surely realize this and can differentiate on sandwich resistance features and fight for market share.,2025-01-10,0,0,drjaspereth 0xmert wallets tg trading bot operators surely realize differentiate sandwich resistance features fight market share,0,94701.453125
90,toly 🇺🇸,@0xMert_ @solreader It’s the sol @garrytan didn’t pass on.,2025-01-10,0,31,0xmert solreader sol garrytan didnt pass,0,94701.453125
91,toly 🇺🇸,@IanSNorden @drjasper_eth @0xMert_ That’s been kind of the average,2025-01-10,0,1,iansnorden drjaspereth 0xmert thats kind average,-1,94701.453125
92,toly 🇺🇸,"@drjasper_eth @IanSNorden @0xMert_ Then all the validators will start sandwiching.  Users even have the option to sign txs such that they abort when executed by DN.  So if the users don’t care, they must be getting some benefit from using the slippage effectively as a priority fee.",2025-01-10,0,0,drjaspereth iansnorden 0xmert validators start sandwiching users option sign txs abort executed dn users dont care getting benefit using slippage effectively priority fee,0,94701.453125
93,toly 🇺🇸,"@IanSNorden @drjasper_eth @0xMert_ The network doesn’t have a “target”. There is an Eng desire to make sure it works at 10k and 50k, but the rest is up to the market to decide.  There just shouldn’t be any Eng blockers from scaling up.",2025-01-10,0,2,iansnorden drjaspereth 0xmert network doesnt target eng desire make sure works 10k 50k rest market decide just shouldnt eng blockers scaling,0,94701.453125
94,toly 🇺🇸,"@drjasper_eth @0xMert_ &gt; This is not a good outcome - the network has centralized. 

Zero additional fault risk for users that run their own full node.  If there is less rewards, there isn’t a need for as many boxes to synchronize.  

If the users aka the wallets and dapps that serve them, don’t change",2025-01-10,0,1,drjaspereth 0xmert gt good outcome network centralized zero additional fault risk users run node rewards isnt need boxes synchronize users aka wallets dapps serve dont change,0,94701.453125
95,toly 🇺🇸,@IanSNorden @drjasper_eth @0xMert_ Base fee is more block capacity related.  If block CUs double the base fee should be safe to drop 50%,2025-01-10,0,2,iansnorden drjaspereth 0xmert base fee block capacity related block cus double base fee safe drop 50,0,94701.453125
96,toly 🇺🇸,"@drjasper_eth @0xMert_ Because they are.  If a voting validator leaves the quorum, there is now more rewards for everyone else all things being equal.",2025-01-10,0,1,drjaspereth 0xmert voting validator leaves quorum rewards things equal,1,94701.453125
97,toly 🇺🇸,"@drjasper_eth @0xMert_ 2000 boxes * 350/mo * 12 months is what the network needs to earn to break even.  This happens daily at times.  

Vote fees and inflation is just numbers moving around a block box.  Hardware costs are inescapable.",2025-01-10,0,1,drjaspereth 0xmert 2000 boxes 350mo 12 months network needs earn break happens daily times vote fees inflation just numbers moving block box hardware costs inescapable,0,94701.453125
98,toly 🇺🇸,@drjasper_eth @0xMert_ How would other validators become unprofitable?  Current non Jito boxes are profitable even.,2025-01-10,0,1,drjaspereth 0xmert validators unprofitable current non jito boxes profitable,0,94701.453125
99,toly 🇺🇸,"The biggest competitor OP_CAT can have isn’t Ethereum, it’s Solana.",2025-01-09,19,107,biggest competitor opcat isnt ethereum solana,0,92484.0390625
100,toly 🇺🇸,@DoctorBlocks @0xMert_ @paladin_solana Every problem is a business opportunity,2025-01-09,0,8,doctorblocks 0xmert paladinsolana problem business opportunity,0,92484.0390625
101,toly 🇺🇸,@joku_attacks Is it more marginally better then the n+1 solana release in the big unknown,2025-01-09,0,1,jokuattacks marginally better n1 solana release big unknown,0,92484.0390625
102,Chris Burniske,"@Hurren_eth @RaoulGMI Network effects are strong with Celestia, if I had to guess it's market structure that would worry Raoul for a bit here, which I understand. Also, TIA is currently at a stage where it's of most interest to developers, not *yet* consumers.",2025-01-09,3,57,hurreneth raoulgmi network effects strong celestia guess market structure worry raoul bit understand tia currently stage developers consumers,0,92484.0390625
103,Chris Burniske,"@Hurren_eth @RaoulGMI I can see $TIA not being for Raoul this cycle, but wouldn’t surprise me to see him giving it a closer look into the end of the decade.",2025-01-09,0,14,hurreneth raoulgmi tia raoul cycle wouldnt surprise giving closer look end decade,0,92484.0390625
104,toly 🇺🇸,Hell yea. Solana == flying cars 🦾🦾🦾,2025-01-09,8,107,hell yea solana flying cars,0,92484.0390625
105,toly 🇺🇸,"Why do you need eth used deep in these frozen rollups? Because it would be catastrophic to hard fork out.   Imagine rollup A with a bunch of eth TVL, and rollup B purely with ape TVL.  The ape rollup could fork into its own L1 with relatively low impact.",2025-01-09,1,7,need eth used deep frozen rollups catastrophic hard fork imagine rollup bunch eth tvl rollup b purely ape tvl ape rollup fork l1 relatively low impact,0,92484.0390625
106,toly 🇺🇸,"Ethereum blobspace market could ironically work if eth ends up being used as collateral in frozen/no multisig L2s even if they aren’t “based”. 

Eth running at high congestion could force L2s that cannot switch da layers to pay whatever price the L1 demands.  Now those L2s would",2025-01-09,4,45,ethereum blobspace market ironically work eth ends used collateral frozenno multisig l2s arent based eth running high congestion force l2s switch da layers pay price l1 demands l2s,0,92484.0390625
107,toly 🇺🇸,What are the best solana fuds? Lay it on me 🥊,2025-01-09,13,345,best solana fuds lay,1,92484.0390625
108,Chris Burniske,"People tried to dunk when $BTC was sub $250 in 2015, when $ETH was sub $100 in 2018, when $SOL was sub $10 in 2022 and now the same with $TIA sub $5. 

All will share one thing in common:  wasting their breath, while blowing a generational opportunity. 

$BTC @ $250 = $5.3B FDV",2025-01-09,92,1127,people tried dunk btc sub 250 2015 eth sub 100 2018 sol sub 10 2022 tia sub 5 share thing common wasting breath blowing generational opportunity btc 250 53b fdv,0,92484.0390625
109,raj 🖤,@IrffanAsiff @solana everything I care to say is already being said by better people,2025-01-08,0,26,irffanasiff solana care say said better people,0,95043.5234375
110,toly 🇺🇸,I think the best CTA for @ethereum X posts would be to encourage developers to build data validating bridges to @solana.  Ethereum’s biggest competitor is wormhole. 🪱🪱🪱,2025-01-08,15,118,think best cta ethereum x posts encourage developers build data validating bridges solana ethereums biggest competitor wormhole,0,95043.5234375
111,raj 🖤,what they think @solana twitter account does https://t.co/ispc2Uot3I,2025-01-08,22,207,think solana twitter account does httpstcoispc2uot3i,0,95043.5234375
112,toly 🇺🇸,@uriklarman @MaxResnick1 @paladin_solana Yes! Differentiate on product pls.,2025-01-08,1,3,uriklarman maxresnick1 paladinsolana yes differentiate product pls,0,95043.5234375
113,toly 🇺🇸,There is at least one Linux neck beard at every wedding that could run a solana box for every guest.,2025-01-08,1,33,linux neck beard wedding run solana box guest,0,95043.5234375
114,Tushar Jain,@GC_of_QC Everyone. Solana median transaction fees are extremely cheap,2025-01-08,0,22,gcofqc solana median transaction fees extremely cheap,-1,95043.5234375
115,Tushar Jain,"Ethereum mindset - we have limited space on the road so let's charge people to drive. It's ok if only rich people can drive, everyone else can use the Layer 2 subway with worse security guarantees.

Solana mindset - let's build flying cars to increase bandwidth &amp; reduce latency.",2025-01-08,80,651,ethereum mindset limited space road lets charge people drive ok rich people drive use layer 2 subway worse security guarantees solana mindset lets build flying cars increase bandwidth amp reduce latency,0,95043.5234375
116,toly 🇺🇸,It’s crazy that for nearly 8 years I’ve basically told the same explanation about how solana works and what the point is.,2025-01-08,36,811,crazy nearly 8 years ive basically told explanation solana works point,0,95043.5234375
117,Tushar Jain,Coinbase Institutional is engaging with liquid staking on Solana through jitoSOL. Liquid staking is a natural institutional product that Coinbase can help distribute. Any future SOL ETF will probably need liquid staking in order to be able to handle redemptions intra-epoch.,2025-01-07,21,88,coinbase institutional engaging liquid staking solana jitosol liquid staking natural institutional product coinbase help distribute future sol etf probably need liquid staking order able handle redemptions intraepoch,-1,96922.703125
118,toly 🇺🇸,"@0xBreadguy Adding capacity will go against everyone’s profit motives on ethereum, but is for everyone’s profit motives on solana.",2025-01-07,0,24,0xbreadguy adding capacity everyones profit motives ethereum everyones profit motives solana,0,96922.703125
119,toly 🇺🇸,"Soooo close, he nearly gets it.  

When eth L1 expands blobspace its revenue drops.  When solana L1 expands TPS capacity its revenue goes up. 

Blobs have no premium for state or time.  The only way to increase the fees &gt; cost of hardware is to limit capacity and force congestion",2025-01-07,13,193,soooo close nearly gets eth l1 expands blobspace revenue drops solana l1 expands tps capacity revenue goes blobs premium state time way increase fees gt cost hardware limit capacity force congestion,0,96922.703125
120,toly 🇺🇸,How much to name it gulf of solana?,2025-01-07,22,428,gulf solana,0,96922.703125
121,Kyle Samani,@Nelis_sol his DMs are open,2025-01-07,0,1,nelissol dms open,-1,96922.703125
122,toly 🇺🇸,"@mteamisloading As soon as there demand for it why wouldn’t the best light client solution get rolled out to solana?  

Even the dumbest approach is good enough.  NYT is 15mb website, so a user can download the full block and skip das for the foreseeable future.",2025-01-07,0,6,mteamisloading soon demand wouldnt best light client solution rolled solana dumbest approach good nyt 15mb website user download block skip das foreseeable future,1,96922.703125
123,toly 🇺🇸,Solana is ethereum! 🫡,2025-01-07,93,950,solana ethereum,0,96922.703125
124,Kyle Samani,"Anyone building covered call yield protocol using Solana LSTs?

Prob easiest to just use oracle for setting pricing",2025-01-07,20,62,building covered yield protocol using solana lsts prob easiest just use oracle setting pricing,0,96922.703125
125,Kyle Samani,@rajgokal Solana flip eth and tron on all major stablecoin related metrics,2025-01-07,0,21,rajgokal solana flip eth tron major stablecoin related metrics,0,96922.703125
126,toly 🇺🇸,@colludingnode @ShivanshuMadan You got it.  L2s are drinking eth L1’s milkshake https://t.co/Bl9jHd1uIO,2025-01-07,0,1,colludingnode shivanshumadan got l2s drinking eth l1s milkshake httpstcobl9jhd1uio,0,96922.703125
127,toly 🇺🇸,@colludingnode @ShivanshuMadan I think the Occam’s razor is that eth leadership believes in their heart of hearts that eth is better money then bitcoin and revenues don’t matter since bitcoins are astronomically negative due to mining costs.,2025-01-07,0,2,colludingnode shivanshumadan think occams razor eth leadership believes heart hearts eth better money bitcoin revenues dont matter bitcoins astronomically negative mining costs,-1,96922.703125
128,toly 🇺🇸,@ShivanshuMadan @colludingnode And it would be brain dead for eth L1 maxis to pretend that uni chain isn’t competitive with eth L1.  Eth L1 needs to htfu and compete,2025-01-07,0,1,shivanshumadan colludingnode brain dead eth l1 maxis pretend uni chain isnt competitive eth l1 eth l1 needs htfu compete,0,96922.703125
129,toly 🇺🇸,"@colludingnode Moving to an isolated environment that’s not atomically composable will impact UX, and someone else will fill that role on the L1 if they do.  

That’s what despite being on 24 “cheaper and faster” chains uniswap hasn’t left eth L1.",2025-01-07,0,1,colludingnode moving isolated environment thats atomically composable impact ux role l1 thats despite 24 cheaper faster chains uniswap left eth l1,0,96922.703125
130,toly 🇺🇸,@bw_solana @cavemanloverboy @MaxResnick1 Paging @DavidRhodus,2025-01-06,0,5,bwsolana cavemanloverboy maxresnick1 paging davidrhodus,0,102078.0859375
131,toly 🇺🇸,@bw_solana @MaxResnick1 Async execution,2025-01-06,0,4,bwsolana maxresnick1 async execution,0,102078.0859375
132,toly 🇺🇸,@bw_solana Wen async :),2025-01-06,0,3,bwsolana wen async,0,102078.0859375
133,Kyle Samani,@lemiscate SOL REV is consistently higher than ETH REV these days,2025-01-06,0,5,lemiscate sol rev consistently higher eth rev days,0,102078.0859375
134,toly 🇺🇸,@moo9000 @chainyoda @solana @base Doesn’t matter.  I think the stage crypto is in is scaling existing products and tech asap.,2025-01-06,0,5,moo9000 chainyoda solana base doesnt matter think stage crypto scaling existing products tech asap,0,102078.0859375
135,toly 🇺🇸,"@jessepollak I think you guys at base are awesome and coinbase is awesome and ethereum is awesome.  

A world where ethereum is 10x or 100x bigger is a world where all my wildest dreams about solana are 1000x more likely to come true.  It’s also a world where coinbase revenue is very likely",2025-01-06,11,301,jessepollak think guys base awesome coinbase awesome ethereum awesome world ethereum 10x 100x bigger world wildest dreams solana 1000x likely come true world coinbase revenue likely,1,102078.0859375
136,toly 🇺🇸,"@jessepollak Here they are.  Looks like $2.15m in base revenue to $59k fees paid to eth L1.  

https://t.co/koGZgwtp8y",2025-01-06,9,292,jessepollak looks like 215m base revenue 59k fees paid eth l1 httpstcokogzgwtp8y,0,102078.0859375
137,toly 🇺🇸,🧠🪱 There isn’t a single accounting method used by any US Fortune 500 in 70 years that would attribute activity on base to eth L1 instead of coinbase inc.  Am I taking crazy pills?,2025-01-06,31,770,isnt single accounting method used fortune 500 70 years attribute activity base eth l1 instead coinbase taking crazy pills,0,102078.0859375
138,Chris Burniske,$BTC $ETH $SOL all looking strong almost regardless of the time frame - gonna be go time again soon 👀,2025-01-06,77,1090,btc eth sol looking strong regardless time frame gonna time soon,0,102078.0859375
139,toly 🇺🇸,"@TopoGigio_sol @svantetobias Lmao, I am just a dumb engineer.  I only learn when I am wrong.",2025-01-05,0,7,topogigiosol svantetobias lmao just dumb engineer learn wrong,-1,98314.9609375
140,toly 🇺🇸,"So sad that this is the current peak of Solana competition. 

Absolutely zero understanding of power law distribution.",2025-01-05,9,317,sad current peak solana competition absolutely zero understanding power law distribution,0,98314.9609375
141,Kyle Samani,"@jessepollak @solana @ethereum The vast majority of all economic and financial activity boils down to a few well known contracts

Payments
Spot trading
Futures / perps
Options
Borrow / lend

Everything else combined is a rounding error",2025-01-04,1,32,jessepollak solana ethereum vast majority economic financial activity boils known contracts payments spot trading futures perps options borrow lend combined rounding error,0,98236.2265625
142,toly 🇺🇸,"@jessepollak @solana @ethereum Nearly all smart contracts on Ethereum are open source.  

Nearly all smart contracts on Ethereum are erc20 implementations. 

Let’s per ourselves on the back for a job well done.",2025-01-04,0,23,jessepollak solana ethereum nearly smart contracts ethereum open source nearly smart contracts ethereum erc20 implementations lets job,0,98236.2265625
143,toly 🇺🇸,@jessepollak @solana @ethereum Um what?  How does power law distribution of useful things imply less open source or verification?  If anything it’s the opposite.  You want the most reusable pieces to be formally verified and open source. The whole point is reducing business risk.  Operating systems are defined,2025-01-04,3,105,jessepollak solana ethereum um does power law distribution useful things imply open source verification opposite want reusable pieces formally verified open source point reducing business risk operating systems defined,0,98236.2265625
144,toly 🇺🇸,🔥🔥🔥 there is not enough historical ledger on solana.  If there was 10x as much we would have a whole ecosystem of startups as awesome as @Astralaneio,2025-01-04,13,142,historical ledger solana 10x ecosystem startups awesome astralaneio,1,98236.2265625
145,toly 🇺🇸,Will Ethereum need an L1 if all the eth ends up on solana 🤔,2025-01-04,75,867,ethereum need l1 eth ends solana,0,98236.2265625
146,Kyle Samani,@pkxro @solana What do these words mean,2025-01-03,0,4,pkxro solana words mean,0,98107.4296875
147,Chris Burniske,"$SOL already showing it’s not content being the fastest major of 2024, it wants the crown in 2025 too.",2025-01-03,158,2095,sol showing content fastest major 2024 wants crown 2025,0,98107.4296875
148,Kyle Samani,"What are the state channel implementations on EVM and SVM?

Graph did one. Celer. Maybe connext? Don’t think Raiden ever shipped?

Streamflow on Solana? Anything else?",2025-01-03,16,46,state channel implementations evm svm graph did celer maybe connext dont think raiden shipped streamflow solana,0,98107.4296875
149,toly 🇺🇸,@mteamisloading @toghrulmaharram Ethereum L1 is going to be a solana based rollup?,2025-01-03,0,0,mteamisloading toghrulmaharram ethereum l1 going solana based rollup,0,98107.4296875
150,Kyle Samani,"My one prediction for 2025 is that by mid year, using Solana will rival CeFi for all major finance functions (limit orders, market orders, borrow lend, perps, native support for passkeys, etc) in terms of speed, liquidity, and UX

This will be the result of improvements at all",2025-01-01,53,564,prediction 2025 mid year using solana rival cefi major finance functions limit orders market orders borrow lend perps native support passkeys terms speed liquidity ux result improvements,0,94419.7578125
151,Kyle Samani,@drjasper_eth Insanity,2025-01-01,1,1,drjaspereth insanity,0,94419.7578125
152,Kyle Samani,"@jessepollak @base @CoinbaseWallet For CBW, first class treatment of solana",2025-01-01,0,9,jessepollak base coinbasewallet cbw class treatment solana,0,94419.7578125
153,toly 🇺🇸,The best EVM is on solana!,2024-12-31,20,204,best evm solana,1,93429.203125
154,toly 🇺🇸,@DBCrypt0 @smyyguy @pokerchessman @solana 🎯 go and hustle and prove those tradeoffs are more better than marginal improvements commercially.,2024-12-30,0,2,dbcrypt0 smyyguy pokerchessman solana hustle prove tradeoffs better marginal improvements commercially,1,92643.2109375
155,toly 🇺🇸,"@DBCrypt0 @smyyguy @pokerchessman @solana If you have solved all the downsides of sharding and the database hotspot problem, you would be as happy and fulfilled as this man instead of talking to me on this website. https://t.co/BbZ9EvAfHf",2024-12-30,0,10,dbcrypt0 smyyguy pokerchessman solana solved downsides sharding database hotspot problem happy fulfilled man instead talking website httpstcobbz9evafhf,0,92643.2109375
156,toly 🇺🇸,@DBCrypt0 @smyyguy @pokerchessman @solana Mev is the database hotspot problem.  It’s impossible to eliminate.,2024-12-30,1,6,dbcrypt0 smyyguy pokerchessman solana mev database hotspot problem impossible eliminate,0,92643.2109375
157,toly 🇺🇸,"@chainyoda Sudden outbreak of rationality.  The world switches back to the French revolutionary calendar.  Not only do solana slots run on time, they run on metric time.",2024-12-30,1,5,chainyoda sudden outbreak rationality world switches french revolutionary calendar solana slots run time run metric time,0,92643.2109375
158,Kyle Samani,". @Helium @Hivemapper and @ionet combined are producing &gt;$50M in revenue today

Pretty sure these 3 will exceed $100m by EOY 2025

Plus the many other DEPINs on Solana

2025 will be looked back on as DEPIN’s breakout year",2024-12-29,101,717,helium hivemapper ionet combined producing gt50m revenue today pretty sure 3 exceed 100m eoy 2025 plus depins solana 2025 looked depins breakout year,1,93530.2265625
159,Kyle Samani,@rleshner You mean a solana and rust,2024-12-28,0,20,rleshner mean solana rust,0,95163.9296875
160,Chris Burniske,"$SOLETH and $SOLBTC weeklies are 🤌 

Expect SOL to outperform after giving up some ground and consolidating, it's still the fastest horse of the 3 this cycle. 

Thx @2xdog https://t.co/SHSMU8u82U",2024-12-28,88,979,soleth solbtc weeklies expect sol outperform giving ground consolidating fastest horse 3 cycle thx 2xdog httpstcoshsmu8u82u,0,95163.9296875
161,toly 🇺🇸,"@drjasper_eth @_prestwich Shipping fast is just a risk parameter.  Can ethereum afford as many outages as solana? If so, it can ship changes as fast.  Multiple teams just means multiple teams shipping fast in parallel. Most of the time is spent on testing anyways.  Not implementing or designing.",2024-12-28,0,1,drjaspereth prestwich shipping fast just risk parameter ethereum afford outages solana ship changes fast multiple teams just means multiple teams shipping fast parallel time spent testing anyways implementing designing,0,95163.9296875
162,toly 🇺🇸,@colludingnode @llamaonthebrink @mteamisloading Separate exit guarantees for eth holders and Tia holders.  Sync to every da layer.,2024-12-28,0,2,colludingnode llamaonthebrink mteamisloading separate exit guarantees eth holders tia holders sync da layer,-1,95163.9296875
163,Kyle Samani,@quantyboi @BuffetTheory @RyanWatkins_ I see a pretty clear path to 1M TPS on Solana mainnet,2024-12-28,1,2,quantyboi buffettheory ryanwatkins pretty clear path 1m tps solana mainnet,0,95163.9296875
164,Ryan Selkis (d/acc) 🇺🇸,"The Bitcoin community earned political support or at least neutrality this year.

The Ethereum and Solana (and Ripple) ecosystems mostly despised Trump.

The Stablecoins operators cowered in the corner.

The Exchanges talked tough but helped the Democrats in the Senate.

🤷‍♂️",2024-12-28,18,169,bitcoin community earned political support neutrality year ethereum solana ripple ecosystems despised trump stablecoins operators cowered corner exchanges talked tough helped democrats senate,0,95163.9296875
165,Kyle Samani,@crispheaney @solana I think you will get basically all of that,2024-12-28,1,4,crispheaney solana think basically,0,95163.9296875
166,toly 🇺🇸,@crispheaney @solana Wdym by the last one?,2024-12-27,0,1,crispheaney solana wdym,0,94164.859375
167,Kyle Samani,"@BuffetTheory @RyanWatkins_ Permissionless vs permissioned is a binary designation

The engineering required to thrive in a permissionless environment is vastly more complex than a permissioned one

The teams that are actually trying to push the limits of performance in permissionless settings - solana,",2024-12-27,0,14,buffettheory ryanwatkins permissionless vs permissioned binary designation engineering required thrive permissionless environment vastly complex permissioned teams actually trying push limits performance permissionless settings solana,0,94164.859375
168,toly 🇺🇸,@IanSNorden @donnoh_eth @tyneslol @drakefjustin @gakonst 2 provers where emergency upgrades require disagreement would be an improvement.  Or 3 provers with 2/3 + always delay.,2024-12-27,0,3,iansnorden donnoheth tyneslol drakefjustin gakonst 2 provers emergency upgrades require disagreement improvement 3 provers 23 delay,0,94164.859375
169,toly 🇺🇸,@IanSNorden @donnoh_eth @tyneslol @drakefjustin @gakonst Arb has an emergency upgrade multisig for that reason,2024-12-27,0,2,iansnorden donnoheth tyneslol drakefjustin gakonst arb emergency upgrade multisig reason,0,94164.859375
170,toly 🇺🇸,@IanSNorden @donnoh_eth @tyneslol @drakefjustin @gakonst Can’t guarantee the code is bug free.  Even formal proofs can have bugs.  The emergency upgrade multisig is necessary to deal with zero days.,2024-12-27,0,3,iansnorden donnoheth tyneslol drakefjustin gakonst guarantee code bug free formal proofs bugs emergency upgrade multisig necessary deal zero days,0,94164.859375
171,toly 🇺🇸,"@IanSNorden @donnoh_eth @tyneslol @drakefjustin @gakonst Either forced exit is possible and attacker can exit, or forced exit is impossible and multisig delay is irrelevant.",2024-12-27,0,2,iansnorden donnoheth tyneslol drakefjustin gakonst forced exit possible attacker exit forced exit impossible multisig delay irrelevant,-1,94164.859375
172,toly 🇺🇸,"@IanSNorden @donnoh_eth @tyneslol @drakefjustin @gakonst either attacker can exit before the upgrade, or the upgrade multisig can yank all the funds.   The only way to do upgrades is 3 provers and 2/3 agreement between them and pray that there isn’t some fundamental protocol bug.",2024-12-27,0,1,iansnorden donnoheth tyneslol drakefjustin gakonst attacker exit upgrade upgrade multisig yank funds way upgrades 3 provers 23 agreement pray isnt fundamental protocol bug,0,94164.859375
173,Kyle Samani,@plugrel @fusewallet @solana yes I had to KYC first,2024-12-27,0,2,plugrel fusewallet solana yes kyc,0,94164.859375
174,Kyle Samani,@sherlock_hodles Nah ETH gas fees will get you,2024-12-27,0,1,sherlockhodles nah eth gas fees,-1,94164.859375
175,Kyle Samani,@ryrzny @fusewallet @solana Yep works! https://t.co/ZUgt81JSL5,2024-12-27,0,16,ryrzny fusewallet solana yep works httpstcozugt81jsl5,0,94164.859375
176,Kyle Samani,@larryfink_jr @fusewallet @solana I’ve got 8 figures on solana defi,2024-12-27,0,15,larryfinkjr fusewallet solana ive got 8 figures solana defi,1,94164.859375
177,Kyle Samani,@bonniefansss @aceddeca1 @fusewallet @solana Not sure. I did $10k to test,2024-12-27,0,2,bonniefansss aceddeca1 fusewallet solana sure did 10k test,0,94164.859375
178,Kyle Samani,@aceddeca1 @fusewallet @solana Deposit to drift,2024-12-27,0,5,aceddeca1 fusewallet solana deposit drift,0,94164.859375
179,Kyle Samani,"Used the @fusewallet virtual bank account feature today

Sent a wire from my bank. Received USDC in my self-custodial @solana wallet a few minutes later

Absolute butter. A+ experience

Now earning 16% APY on the deposit

9Hctt58FHoADjvWeMUSwizevXSxEMS72ZCZZYPcm3fnT https://t.co/QfaCecDIln",2024-12-27,84,781,used fusewallet virtual bank account feature today sent wire bank received usdc selfcustodial solana wallet minutes later absolute butter experience earning 16 apy deposit 9hctt58fhoadjvwemuswizevxsxems72zczzypcm3fnt httpstcoqfacecdiln,0,94164.859375
180,toly 🇺🇸,@MaxResnick1 @smyyguy @mteamisloading @joaomendoncaaaa Tx size limits and scheduler latency (soon fixed imho). @LightProtocol folks have built “private solana program” sdk for batchable zkp commitments that can atomically compose with the rest of the state.  Stuffing them into 1240 tx bytes is challenging.,2024-12-26,0,6,maxresnick1 smyyguy mteamisloading joaomendoncaaaa tx size limits scheduler latency soon fixed imho lightprotocol folks built private solana program sdk batchable zkp commitments atomically compose rest state stuffing 1240 tx bytes challenging,0,95795.515625
181,toly 🇺🇸,@ShivanshuMadan The steelman for steelmanlets is that 4/5 solana founders are Ironman.  Waiting on @rajgokal,2024-12-26,0,1,shivanshumadan steelman steelmanlets 45 solana founders ironman waiting rajgokal,0,95795.515625
182,toly 🇺🇸,Anyone try native LP fees for desci coins as the donation? So the recipient is getting sol or usdc or whatever without needing to deal with the memecoin itself.,2024-12-26,16,199,try native lp fees desci coins donation recipient getting sol usdc needing deal memecoin,0,95795.515625
183,raj 🖤,solana's community will always outlast your weird demagogue founder's vesting schedule,2024-12-25,65,820,solanas community outlast weird demagogue founders vesting schedule,0,99299.1953125
184,Kyle Samani,"@safetyth1rd Please don’t compare apples-apples permissioned and permissionless systems

Comp HL to binance not Solana",2024-12-25,1,34,safetyth1rd dont compare applesapples permissioned permissionless systems comp hl binance solana,0,99299.1953125
185,toly 🇺🇸,"@ipopflop @safetyth1rd @cubexch Mcp is just an incremental update to shorter block times.  It’s more leaders per second, aka IBRL. 

MEV is a dynamic process. Is there more MEV on solana for highly liquid pairs vs ethereum?  

From what I can tell from @0xGhostLogs data, solana MEV is concentrated on low",2024-12-25,0,1,ipopflop safetyth1rd cubexch mcp just incremental update shorter block times leaders second aka ibrl mev dynamic process mev solana highly liquid pairs vs ethereum tell 0xghostlogs data solana mev concentrated low,0,99299.1953125
186,toly 🇺🇸,@ipopflop @safetyth1rd Where is solana not providing fair reads and writes to all staked boxes?,2024-12-25,0,5,ipopflop safetyth1rd solana providing fair reads writes staked boxes,0,99299.1953125
187,toly 🇺🇸,@ipopflop @safetyth1rd How can solana compete with @cubexch which has sub 1ms matching already?,2024-12-25,0,0,ipopflop safetyth1rd solana compete cubexch sub 1ms matching,0,99299.1953125
188,Kyle Samani,"@safetyth1rd @jon_charb Please don’t compare apples-apples permissioned and permissionless systems

HL should be comped against binance not Solana",2024-12-25,0,10,safetyth1rd joncharb dont compare applesapples permissioned permissionless systems hl comped binance solana,0,99299.1953125
189,Tushar Jain,"@kunalgoel This is an intellectually dishonest comparison. Hyperliquid is a permissioned system. Bitcoin, Ethereum, and Solana are permissionless systems. Totally different things",2024-12-25,0,10,kunalgoel intellectually dishonest comparison hyperliquid permissioned bitcoin ethereum solana permissionless systems totally different things,0,99299.1953125
190,toly 🇺🇸,How I feel when I quote tweet a new solana project https://t.co/PUKMvU9xZs,2024-12-25,82,1690,feel quote tweet new solana project httpstcopukmvu9xzs,0,99299.1953125
191,toly 🇺🇸,Is there a prediction market for how much prediction markets will impact eth supply in 2025?,2024-12-25,6,150,prediction market prediction markets impact eth supply 2025,-1,99299.1953125
192,toly 🇺🇸,@llamaonthebrink @smyyguy The main state issue in solana rn is that users don’t want to rebate their dust token accounts.  It’s like 700m accounts now.  The solution needs to be global and unobtrusive to the user.,2024-12-25,0,4,llamaonthebrink smyyguy main state issue solana rn users dont want rebate dust token accounts like 700m accounts solution needs global unobtrusive user,0,99299.1953125
193,toly 🇺🇸,@toghrulmaharram I thought you aren’t going to work for solana?,2024-12-24,0,11,toghrulmaharram thought arent going work solana,0,98676.09375
194,toly 🇺🇸,If you move over to solana I can intro you to @0xMert_,2024-12-23,14,395,solana intro 0xmert,0,94686.2421875
195,toly 🇺🇸,@ansel_sol Like anyone would know that. Sheesh,2024-12-23,0,5,anselsol like know sheesh,-1,94686.2421875
196,toly 🇺🇸,"Bonk is money, solana is Monet",2024-12-23,202,1530,bonk money solana monet,0,94686.2421875
197,toly 🇺🇸,.@OREsupply is money solana is Monet,2024-12-23,29,202,oresupply money solana monet,0,94686.2421875
198,toly 🇺🇸,What would have the highest impact to your day to day solana development,2024-12-23,6,50,highest impact day day solana development,1,94686.2421875
199,toly 🇺🇸,I am the opposite. In fact if by some weird coincidence eth was the best money on solana id be ecstatic.,2024-12-23,3,67,opposite fact weird coincidence eth best money solana id ecstatic,0,94686.2421875
200,toly 🇺🇸,"@iamDCinvestor Nah, no hard cap.  Just the meme of ~21m eth.  The burn is going to keep the yield near zero.  So just do a reverse split.",2024-12-22,0,5,iamdcinvestor nah hard cap just meme 21m eth burn going yield near zero just reverse split,0,95104.9375
201,toly 🇺🇸,"@iamDCinvestor It’s dumb but would totally work, do a 5.71:1 eth split, so ethereum also only has 21m eth.",2024-12-22,0,18,iamdcinvestor dumb totally work 5711 eth split ethereum 21m eth,-1,95104.9375
202,toly 🇺🇸,Let’s make wormhole eth the best money on solana 🦾🦾🦾,2024-12-21,8,103,lets make wormhole eth best money solana,0,97224.7265625
203,Kyle Samani,"@NTmoney My last reply to you was challenging you to an ETHBTC bet… bc you were schilling ETH

You did not reply

Put your money where your mouth is",2024-12-21,0,14,ntmoney reply challenging ethbtc bet bc schilling eth did reply money mouth,0,97224.7265625
204,raj 🖤,"it’s really impossible to pin solana’s success (so far) on any one person or group.

the secondary goal for everybody in the ecosystem should be to avoid becoming the main character.

first goal is to achieve deeper pmf on the back of endless ibrl.",2024-12-21,25,466,really impossible pin solanas success far person group secondary goal everybody ecosystem avoid main character goal achieve deeper pmf endless ibrl,0,97224.7265625
205,toly 🇺🇸,@CloakdDev @wedtm @prism_tec @solana In Soviet Russia the state serves you!,2024-12-20,0,6,cloakddev wedtm prismtec solana soviet russia state serves,0,97755.9296875
206,toly 🇺🇸,@llamaonthebrink @mteamisloading 2/3 of current eth stake has certainly been doxxed as well.  Lido/binance/cb/kraken is 50%,2024-12-20,0,7,llamaonthebrink mteamisloading 23 current eth stake certainly doxxed lidobinancecbkraken 50,0,97755.9296875
207,toly 🇺🇸,@only_eth @llamaonthebrink @mteamisloading Those validators can go get their own stake permissionlessly.,2024-12-20,0,2,onlyeth llamaonthebrink mteamisloading validators stake permissionlessly,1,97755.9296875
208,raj 🖤,"crypto is an incredibly noisy industry. many smart people have been waiting to see the signs of a standout winner before engaging more heavily.

I believe solana is showing those signs, and will continue to do so through 2025.",2024-12-20,142,1096,crypto incredibly noisy industry smart people waiting signs standout winner engaging heavily believe solana showing signs continue 2025,0,97755.9296875
209,raj 🖤,@voteforpedrito @calilyliu @solana @LucaNetz crazy that the list is so much longer and they're almost all ready to rumble now. life comes at you fast pedro,2024-12-20,0,2,voteforpedrito calilyliu solana lucanetz crazy list longer theyre ready rumble life comes fast pedro,0,97755.9296875
210,Kyle Samani,"hey Solana community

there is a SIMD in discussion around implementing slashing

feedback is welcome!

https://t.co/ATctPgEZ1l",2024-12-19,18,112,hey solana community simd discussion implementing slashing feedback welcome httpstcoatctpgez1l,1,97490.953125
211,toly 🇺🇸,@drjasper_eth @sreeramkannan Ethereum will need to add global t+2 settlement guarantees to facilitate institutional settlement. @sreeramkannan can update the Ethereum constitution with a new mechanism based on the methods established in the DAO hack and the robust performance of arbitrum security councils.,2024-12-19,0,2,drjaspereth sreeramkannan ethereum need add global t2 settlement guarantees facilitate institutional settlement sreeramkannan update ethereum constitution new mechanism based methods established dao hack robust performance arbitrum security councils,0,97490.953125
212,toly 🇺🇸,@drjasper_eth @sreeramkannan Global consensus starts with one honest node 🫵,2024-12-19,0,1,drjaspereth sreeramkannan global consensus starts honest node,1,97490.953125
213,toly 🇺🇸,"@ShivanshuMadan @sreeramkannan If all the CEXs changed the ticker of eth to eth legacy/ETL, and eth on solana as ETH you would continue calling ETL eth?",2024-12-19,0,3,shivanshumadan sreeramkannan cexs changed ticker eth eth legacyetl eth solana eth continue calling etl eth,0,97490.953125
214,toly 🇺🇸,@ShivanshuMadan @sreeramkannan Then all you care about is what coinbase/binance calls btc/eth.,2024-12-19,0,2,shivanshumadan sreeramkannan care coinbasebinance calls btceth,0,97490.953125
215,toly 🇺🇸,@sreeramkannan @ShivanshuMadan Whats a pre specified solana constitution? Why would I give up personal agency to some honest majority oracle?,2024-12-19,0,3,sreeramkannan shivanshumadan whats pre specified solana constitution personal agency honest majority oracle,0,97490.953125
216,toly 🇺🇸,@sgoldfed @josephbonneau @washingtonpost The ship of Theseus could be amended until its solana.,2024-12-19,0,0,sgoldfed josephbonneau washingtonpost ship theseus amended solana,0,97490.953125
217,toly 🇺🇸,"@sassal0x @iamDCinvestor I am not done with this conversation because I can continue it from my own local pov.  

The social consensus of the vast majority could decide that the real Ethereum is really the current solana mainnet-beta fork.  Absolutely no way to guarantee they won’t.",2024-12-19,0,15,sassal0x iamdcinvestor conversation continue local pov social consensus vast majority decide real ethereum really current solana mainnetbeta fork absolutely way guarantee wont,0,97490.953125
218,toly 🇺🇸,@witconomist @sassal0x @iamDCinvestor Vast majority of ethereum social consensus could decide that ethereum is the current solana mainnet-beta fork.  There is no guarantee they won’t.,2024-12-19,0,1,witconomist sassal0x iamdcinvestor vast majority ethereum social consensus decide ethereum current solana mainnetbeta fork guarantee wont,0,97490.953125
219,Tushar Jain,"This was a very thought provoking conversation where we covered:
-trauma bonding and culture 
-sustainability of memecoin MEV revenue for Solana
-competition with L2s like Base 

You can find the link to the whole video in the next tweet or on Multicoin's blog",2024-12-19,1,40,thought provoking conversation covered trauma bonding culture sustainability memecoin mev revenue solana competition l2s like base link video tweet multicoins blog,0,97490.953125
220,Kyle Samani,@antoniogm @MorphoLabs @safe @ether_fi @gauntlet_xyz @gnosispay @base @circle Future of finance is on solana not Ethereum,2024-12-19,1,2,antoniogm morpholabs safe etherfi gauntletxyz gnosispay base circle future finance solana ethereum,1,97490.953125
221,toly 🇺🇸,@tamgros @colosseum @solana @artemis Failed txs are a net cost to users.,2024-12-18,0,0,tamgros colosseum solana artemis failed txs net cost users,-1,100041.5390625
222,toly 🇺🇸,@mteamisloading Same TPS on solana as Ethereum,2024-12-18,0,2,mteamisloading tps solana ethereum,0,100041.5390625
223,toly 🇺🇸,"@colosseum @solana 2021 it hit 70m+, and artemyz might only be counting successes here.",2024-12-18,0,11,colosseum solana 2021 hit 70m artemyz counting successes,0,100041.5390625
224,toly 🇺🇸,@metaproph3t I want to sell my house and the bank doesn’t have enough eth to create the mortgage would be a stupid reason for that sale not to happen.,2024-12-18,0,4,metaproph3t want sell house bank doesnt eth create mortgage stupid reason sale happen,-1,100041.5390625
225,toly 🇺🇸,"@mteamisloading @RyanSAdams If you only mint tokens then they have no value.  Because US citizens have to get enough dollars to cover 30% of their earnings regardless of the currency they earned in, euro, eth etc….  That’s makes it safe to mint right dollars to cover all productive assets.",2024-12-18,0,1,mteamisloading ryansadams mint tokens value citizens dollars cover 30 earnings regardless currency earned euro eth thats makes safe mint right dollars cover productive assets,1,100041.5390625
226,toly 🇺🇸,@0xfoobar Is that the standard way to do it on eth or something?,2024-12-17,1,5,0xfoobar standard way eth,1,106140.6015625
227,toly 🇺🇸,"@mteamisloading I am already an Ethereum core dev via the Socratic method.  For @VitalikButerin to save solana, I had to commit to the best ethereum bad cop.",2024-12-17,0,8,mteamisloading ethereum core dev socratic method vitalikbuterin save solana commit best ethereum bad cop,-1,106140.6015625
228,toly 🇺🇸,@mteamisloading work on solana counts towards time served,2024-12-17,0,4,mteamisloading work solana counts time served,0,106140.6015625
229,toly 🇺🇸,@0xBreadguy @mteamisloading @cobie Fwiw I am team eth is money. Data validating bridges for all eth users with exit guarantees are my jam,2024-12-16,0,1,0xbreadguy mteamisloading cobie fwiw team eth money data validating bridges eth users exit guarantees jam,-1,106029.71875
230,Chris Burniske,"What happens to $ETH &amp; $ETHBTC from here will help inform us on whether:

1) CT creates the market reality.
2) The market creates CT's reality.

And if you're honest, you already know the answer. https://t.co/Oo4dbHsbVf",2024-12-16,89,1218,happens eth amp ethbtc help inform 1 ct creates market reality 2 market creates cts reality youre honest know answer httpstcooo4dbhsbvf,-1,106029.71875
231,toly 🇺🇸,"@cobie What about mcap of eth + all its L2s + coin, is that at an ath?",2024-12-16,0,26,cobie mcap eth l2s coin ath,0,106029.71875
232,toly 🇺🇸,@chainyoda @solana Only if esg requirements come back,2024-12-16,0,3,chainyoda solana esg requirements come,0,106029.71875
233,toly 🇺🇸,@chainyoda @solana Bitcoiners have ascended.  They don’t fight with anyone and no one can fight them.  Bearish for ultrasound money,2024-12-16,0,10,chainyoda solana bitcoiners ascended dont fight fight bearish ultrasound money,0,106029.71875
234,toly 🇺🇸,"@jacobvcreech @alessandrod @vidor_solflare @brianlong @solana @triton_one @LighthouseProto Sure, account the estimated CU per byte.  But it should be the same if it’s 4txs using 4kb or 1 tx using 4kb.  If anything it should be cheaper.",2024-12-15,0,3,jacobvcreech alessandrod vidorsolflare brianlong solana tritonone lighthouseproto sure account estimated cu byte 4txs using 4kb 1 tx using 4kb cheaper,0,104298.6953125
235,toly 🇺🇸,@scupytrooples Every Ethereum discussion mentions solana though. https://t.co/myebcpH2DW,2024-12-15,1,23,scupytrooples ethereum discussion mentions solana httpstcomyebcph2dw,0,104298.6953125
236,toly 🇺🇸,@jacobvcreech @alessandrod @vidor_solflare @brianlong @solana @triton_one @LighthouseProto It’s just priority fees/tips and static block limits. It’s up to the validator to figure out economics.,2024-12-15,0,4,jacobvcreech alessandrod vidorsolflare brianlong solana tritonone lighthouseproto just priority feestips static block limits validator figure economics,0,104298.6953125
237,toly 🇺🇸,@vidor_solflare @brianlong @solana @triton_one @LighthouseProto Wen 3xTx @alessandrod,2024-12-15,0,7,vidorsolflare brianlong solana tritonone lighthouseproto wen 3xtx alessandrod,0,104298.6953125
238,toly 🇺🇸,@brianlong @solana @triton_one Would be cool if this was integrated with @LighthouseProto,2024-12-15,1,26,brianlong solana tritonone cool integrated lighthouseproto,1,104298.6953125
239,toly 🇺🇸,@JasonYanowitz So bridging via wormhole to ethereum L2s using solana wallets is easier than ethereum wallets and native bridges?,2024-12-15,8,58,jasonyanowitz bridging wormhole ethereum l2s using solana wallets easier ethereum wallets native bridges,1,104298.6953125
240,Chris Burniske,"@Mooster0 ETHBTC is in reference to BTC, not in reference to SOL",2024-12-15,0,7,mooster0 ethbtc reference btc reference sol,1,104298.6953125
241,Chris Burniske,"High odds this getting priced in is why $SOL has been underperforming for the last ~month. But as with all unlocks, we'll get through it.",2024-12-15,86,1156,high odds getting priced sol underperforming month unlocks,0,104298.6953125
242,toly 🇺🇸,"@llamaonthebrink Solana was built in 24 months with ~$23m if I recall correctly. Still had some left over by launch. 

Tbh, if I had more runway I would have prioritized the wrong things and made more mistakes.",2024-12-14,5,170,llamaonthebrink solana built 24 months 23m recall correctly left launch tbh runway prioritized wrong things mistakes,0,101372.96875
243,toly 🇺🇸,@chainyoda @iamDCinvestor @econoar I am an open source maximalist first.  I owe everything I’ve accomplished to the giants that came before me.  Competition will only make solana teams hustle harder.,2024-12-14,2,10,chainyoda iamdcinvestor econoar open source maximalist owe ive accomplished giants came competition make solana teams hustle harder,1,101372.96875
244,toly 🇺🇸,@chainyoda @iamDCinvestor @econoar What is even eth maximalism? An eth L1 rev maximalist should have purged the weak minded long ago.,2024-12-14,0,2,chainyoda iamdcinvestor econoar eth maximalism eth l1 rev maximalist purged weak minded long ago,-1,101372.96875
245,Kyle Samani,"@tamgros gave a great presentation on the Technical State of the Union of Solana, looking at the work that has been accomplished and what's left to do. We continue to believe that Solana's shipping culture is best in class. https://t.co/bkRV4PKt9G",2024-12-13,1,21,tamgros gave great presentation technical state union solana looking work accomplished whats left continue believe solanas shipping culture best class httpstcobkrv4pkt9g,0,101459.2578125
246,Kyle Samani,"@TusharJain_ 's fireside chat with @rajgokal was phenomenal! It was a thoughtful reflection on @solana's ascent this year, and an important reminder of the intangible strength of vision-aligned communities. https://t.co/x8UnPsnoTh",2024-12-13,0,22,tusharjain s fireside chat rajgokal phenomenal thoughtful reflection solanas ascent year important reminder intangible strength visionaligned communities httpstcox8unpsnoth,1,101459.2578125
247,Kyle Samani,Following @TusharJain_'s presentation he sat down with @buffalu__ @niteshnath and @jayantkrish to discuss the value capture design space for MEV in Solana. This conversation is going to become more relevant as crypto matures and moves up the stack. https://t.co/Vqa9Enoakr,2024-12-13,2,32,following tusharjains presentation sat buffalu niteshnath jayantkrish discuss value capture design space mev solana conversation going relevant crypto matures moves stack httpstcovqa9enoakr,0,101459.2578125
248,Kyle Samani,"In my opening remarks I covered the five most consequential trends of the year: the rise of Solana, stablecoins, DePIN, regulation, and the arrival of Wall Street. https://t.co/g483vWelU0",2024-12-13,86,745,opening remarks covered consequential trends year rise solana stablecoins depin regulation arrival wall street httpstcog483vwelu0,0,101459.2578125
249,toly 🇺🇸,@0xMert_ @Calhoun2rob @chainyoda Everything that isn’t solana is technically ethereum,2024-12-13,0,29,0xmert calhoun2rob chainyoda isnt solana technically ethereum,0,101459.2578125
250,Kyle Samani,@0xMert_ Actually ETH would be at 10k if you stopped posting lol,2024-12-13,0,10,0xmert actually eth 10k stopped posting lol,0,101459.2578125
251,toly 🇺🇸,"@optimizoor Solana is the ethereum under dog.  Since ethereum is also the under dog that makes solana the (under (under dog)) or top dog.  

QED 🎤",2024-12-13,0,15,optimizoor solana ethereum dog ethereum dog makes solana dog dog qed,-1,101459.2578125
252,toly 🇺🇸,@YupiG_Crypto @0xMert_ @jito_sol @buffalu__ If tx reliably lands in 1 slot then the slippage at implied 100x in 24h should be ~0.002%.  Would any memecoin trader object to 0.002% slippage per trade?,2024-12-12,0,3,yupigcrypto 0xmert jitosol buffalu tx reliably lands 1 slot slippage implied 100x 24h 0002 memecoin trader object 0002 slippage trade,0,100043.0
253,toly 🇺🇸,@YupiG_Crypto @0xMert_ @jito_sol @buffalu__ The only way is to have a closed market.  The current LP with an offer at X is prevented of changing their price before the trader executed.,2024-12-12,0,1,yupigcrypto 0xmert jitosol buffalu way closed market current lp offer x prevented changing price trader executed,0,100043.0
254,toly 🇺🇸,"@0xMert_ Imho, it would be dope if @jito_sol @buffalu__ could implement a rebate system that can converge at the market implied volatility price.  So a trader that sets slippage to 50% while the market implied is 15%, gets a rebate and protocol earns the 15%",2024-12-12,0,7,0xmert imho dope jitosol buffalu implement rebate converge market implied volatility price trader sets slippage 50 market implied 15 gets rebate protocol earns 15,0,100043.0
255,toly 🇺🇸,@ryanberckmans @Branche_SC @bacon_wassie @0xbraunguy Coin is Eth unburdened by what has been 🫡,2024-12-12,0,1,ryanberckmans branchesc baconwassie 0xbraunguy coin eth unburdened,0,100043.0
256,toly 🇺🇸,@bw_solana @apfitzge Not a terrible idea.,2024-12-12,0,2,bwsolana apfitzge terrible idea,-1,100043.0
257,toly 🇺🇸,"@bw_solana @apfitzge If blocks aren’t dropped, then what’s the problem pushing the limit?",2024-12-12,0,0,bwsolana apfitzge blocks arent dropped whats problem pushing limit,0,100043.0
258,toly 🇺🇸,@bw_solana @apfitzge Nah.  Sub 4% skip rate atm.,2024-12-12,0,1,bwsolana apfitzge nah sub 4 skip rate atm,0,100043.0
259,toly 🇺🇸,@HypoNyms @ShivanshuMadan @0xGhostLogs @jito_sol @0xMert_ Seems like the easiest fix is pools setting a dynamic fee == last minute measures volatility,2024-12-12,0,1,hyponyms shivanshumadan 0xghostlogs jitosol 0xmert like easiest fix pools setting dynamic fee minute measures volatility,0,100043.0
260,toly 🇺🇸,"@ShivanshuMadan @HypoNyms @0xGhostLogs @jito_sol @0xMert_ Instead of getting smacked 3% is the time, dapp devs would get smacked 100% of the time, and the smacking would make them hustle and ship the fixes faster.",2024-12-12,0,2,shivanshumadan hyponyms 0xghostlogs jitosol 0xmert instead getting smacked 3 time dapp devs smacked 100 time smacking make hustle ship fixes faster,0,100043.0
261,toly 🇺🇸,@ShivanshuMadan @HypoNyms @0xGhostLogs @jito_sol @0xMert_’s Helius validator hand caries your txs into the blockchain,2024-12-12,0,6,shivanshumadan hyponyms 0xghostlogs jitosol 0xmerts helius validator hand caries txs blockchain,-1,100043.0
262,toly 🇺🇸,@niteshnath @HypoNyms @0xGhostLogs Sol/usdc markets have lower volatility and higher fees.  The new problems stem from the 40k new coins created per day.  If a user expects a 10x in 24h my gut math check is that slippage has to be at least 6% (or fees in that market).  Basically 1 minute of implied volatility.,2024-12-12,0,1,niteshnath hyponyms 0xghostlogs solusdc markets lower volatility higher fees new problems stem 40k new coins created day user expects 10x 24h gut math check slippage 6 fees market basically 1 minute implied volatility,0,100043.0
263,toly 🇺🇸,"@HypoNyms @0xGhostLogs If it’s really $22b per year, capture all of it 🤷‍♂️ @jito_sol can turn on the mempool back, which would just accelerate development of p2p lanes.",2024-12-12,0,3,hyponyms 0xghostlogs really 22b year capture jitosol turn mempool just accelerate development p2p lanes,0,100043.0
264,Chris Burniske,"@SolanaLegend As someone who initially advocated for Solana to express its metrics in terms of capital efficiency to showcase its strengths I'm a believer. But nonetheless, volume and liquidity remain very different things.

Ethereum remains dominant in liquidity (for now).",2024-12-11,0,31,solanalegend initially advocated solana express metrics terms capital efficiency showcase strengths im believer nonetheless volume liquidity remain different things ethereum remains dominant liquidity,0,101173.03125
265,toly 🇺🇸,Where does all that state go that’s compressed by the boffins at @LightProtocol? It lives rent free in .eth heads.,2024-12-11,2,45,does state thats compressed boffins lightprotocol lives rent free eth heads,0,101173.03125
266,toly 🇺🇸,"@mteamisloading That statement is true for apps and users that don’t send their txs to validators that sandwich.  Solana is built for always letting the user pick who includes their txs.  

A bunch of memecoin bots have been built that don’t care and want the tx to trade even with 30% slippage.",2024-12-11,1,7,mteamisloading statement true apps users dont send txs validators sandwich solana built letting user pick includes txs bunch memecoin bots built dont care want tx trade 30 slippage,0,101173.03125
267,toly 🇺🇸,@colludingnode Base is totally fine.  100% of eth activity should move to base.,2024-12-10,0,7,colludingnode base totally fine 100 eth activity base,0,96675.4296875
268,Chris Burniske,@tokenterminal @solana @base @trondao @Uniswap @Ronin_Network @Aptos punching above its age,2024-12-10,1,14,tokenterminal solana base trondao uniswap roninnetwork aptos punching age,0,96675.4296875
269,raj 🖤,"""I'm taking my talents to solana""

get used to hearing these words",2024-12-10,108,1250,im taking talents solana used hearing words,0,96675.4296875
270,Santiago R Santos,@Lomashuk Polkadot has more ETH than the EF,2024-12-10,0,19,lomashuk polkadot eth ef,1,96675.4296875
271,toly 🇺🇸,I am really excited for @MaxResnick1 to actually bring the best of ethereum r&amp;d rigor to solana.  This cross pollination is going to accelerate the space for everyone.,2024-12-10,60,824,really excited maxresnick1 actually bring best ethereum rampd rigor solana cross pollination going accelerate space,1,96675.4296875
272,toly 🇺🇸,@robplust @smyyguy @ratedw3b @solana @SolanaFndn How much chain rev is reflexive of chain price? @smyyguy?,2024-12-09,0,1,robplust smyyguy ratedw3b solana solanafndn chain rev reflexive chain price smyyguy,-1,97432.71875
273,toly 🇺🇸,"@0xMert_ If someone builds a general purpose quantum computer to crack solana, then solana has created tremendous value for the world.",2024-12-09,1,41,0xmert builds general purpose quantum computer crack solana solana created tremendous value world,-1,97432.71875
274,toly 🇺🇸,@malleshpai @mteamisloading Ship mcl first on solana and drag ethereum forward kicking and screaming.,2024-12-09,0,5,malleshpai mteamisloading ship mcl solana drag ethereum forward kicking screaming,0,97432.71875
275,toly 🇺🇸,@toghrulmaharram @portport255 @zen_llama @0xMert_ @dankrad Still on eth classic I take it?,2024-12-09,0,4,toghrulmaharram portport255 zenllama 0xmert dankrad eth classic,0,97432.71875
276,toly 🇺🇸,"@portport255 @zen_llama @0xMert_ @dankrad The argument isn’t about the details, it’s philosophical.  Solana should scale as fast as possible regardless of hardware costs, because demand is a sigmoid, and hardware is an exponential.  Verification costs will drop simply because population growth can’t keep up with hardware",2024-12-09,0,10,portport255 zenllama 0xmert dankrad argument isnt details philosophical solana scale fast possible regardless hardware costs demand sigmoid hardware exponential verification costs drop simply population growth hardware,0,97432.71875
277,toly 🇺🇸,@dankrad @Crypt0Panda But I get so much benefit out of my solana node that $80/mo for sonic fiber pays for itself! https://t.co/n1H5wKCjlV,2024-12-09,1,9,dankrad crypt0panda benefit solana node 80mo sonic fiber pays httpstcon1h5wkcjlv,0,97432.71875
278,toly 🇺🇸,"@dankrad There is nothing solana needs to do for wormhole to push solana blocks to eth da with a proof of the state root and a way to change the sequencer so assets can exit in case solana validators censor.  It’s all purely external to solana mainnet validators.  

So as soon as it’s",2024-12-09,1,14,dankrad solana needs wormhole push solana blocks eth da proof state root way change sequencer assets exit case solana validators censor purely external solana mainnet validators soon,-1,97432.71875
279,toly 🇺🇸,@dankrad Solana is already an Ethereum L2 via the wormhole eigenlayer.,2024-12-09,1,15,dankrad solana ethereum l2 wormhole eigenlayer,0,97432.71875
280,toly 🇺🇸,"How far the mighty have fallen. Solana is built for raspberry pi version N+10, where N is the Ethereum version. https://t.co/GeVl1BxQHX",2024-12-09,4,71,far mighty fallen solana built raspberry pi version n10 n ethereum version httpstcogevl1bxqhx,0,97432.71875
281,Kyle Samani,@NTmoney Happy to structure a prop bet here. Let’s say $100k that ETH flips BTC by EOY 2026,2024-12-08,1,42,ntmoney happy structure prop bet lets say 100k eth flips btc eoy 2026,1,101236.015625
282,toly 🇺🇸,@ledgerstatus You didn’t get married in your solana swag?,2024-12-08,0,11,ledgerstatus didnt married solana swag,0,101236.015625
283,toly 🇺🇸,"@portport255 @tofushit888 @TrustlessState A single giant L2 with N atomically composable markets will have to deal with all the same challenges as solana L1.  Uniswap chain will be 1 chain for N markets, not N chains with 1 market each.",2024-12-08,0,4,portport255 tofushit888 trustlessstate single giant l2 n atomically composable markets deal challenges solana l1 uniswap chain 1 chain n markets n chains 1 market,-1,101236.015625
284,toly 🇺🇸,@mteamisloading Solana is also scaling ethereum apps.,2024-12-08,0,4,mteamisloading solana scaling ethereum apps,0,101236.015625
285,toly 🇺🇸,@connan_james @hosseeb @solana lol. Pray that all our enemies are podcasters.,2024-12-08,0,3,connanjames hosseeb solana lol pray enemies podcasters,0,101236.015625
286,Kyle Samani,"@jessepollak @CryptoGarga @base Base is not any more connected to Ethereum than Solana is

Both base and Solana have a bridge to move assets. Base and Solana compete directly with Ethereum for liquidity and state

The primary difference between base and Solana for the purposes of this conversation is the trust",2024-12-07,0,14,jessepollak cryptogarga base base connected ethereum solana base solana bridge assets base solana compete directly ethereum liquidity state primary difference base solana purposes conversation trust,0,99923.3359375
287,toly 🇺🇸,@CryptoGarga @jessepollak @base Bridge more eth to solana!  Same honest majority assumptions as any other L2.  I have absolutely no objections to eth being the best money on solana.,2024-12-07,12,232,cryptogarga jessepollak base bridge eth solana honest majority assumptions l2 absolutely objections eth best money solana,0,99923.3359375
288,Chris Burniske,"And if they do, it would make sense for SOL to run with ETH next.",2024-12-07,12,304,make sense sol run eth,1,99923.3359375
289,toly 🇺🇸,@joaomendoncaaaa Confirmation of what on a single box?  A centralized system that wants fault tolerant consistency has the same CAP issues as solana.,2024-12-07,0,2,joaomendoncaaaa confirmation single box centralized wants fault tolerant consistency cap issues solana,0,99923.3359375
290,toly 🇺🇸,@mteamisloading The difference between eth and solana launch is that I am a US citizen based in the US with kids.,2024-12-07,0,4,mteamisloading difference eth solana launch citizen based kids,0,99923.3359375
291,toly 🇺🇸,@mteamisloading Ironically a ton of the solana VCs were eth ico investors.  That’s how they made their fund.  So the distribution isn’t all that different.,2024-12-07,0,2,mteamisloading ironically ton solana vcs eth ico investors thats fund distribution isnt different,-1,99923.3359375
292,toly 🇺🇸,@mteamisloading Why didn’t you run a box for Tour De Sol?  It was easier to do that then get eth pre launch.,2024-12-07,0,5,mteamisloading didnt run box tour sol easier eth pre launch,0,99923.3359375
293,toly 🇺🇸,@jchaskin22 🙄🙄🙄 All you had to do to be a solana “insider” is run a box for TDS. It was easier to get sol pre launch then eth.,2024-12-07,2,22,jchaskin22 solana insider run box tds easier sol pre launch eth,0,99923.3359375
294,toly 🇺🇸,@mteamisloading @trentdotsol 🙄🙄🙄 solana was actually created by Satoshi.  She just did a better job covering up her tracks the second time around.,2024-12-07,0,6,mteamisloading trentdotsol solana actually created satoshi just did better job covering tracks second time,1,99923.3359375
295,toly 🇺🇸,@bw_solana The first 32 to arrive take the shortest route.,2024-12-07,0,7,bwsolana 32 arrive shortest route,0,99923.3359375
296,Chris Burniske,"@brian_armstrong @coinbase @solana Thanks, Brian - as a long-time user and shareholder, I'm confident Coinbase will get it right re: Solana.",2024-12-07,0,316,brianarmstrong coinbase solana thanks brian longtime user shareholder im confident coinbase right solana,0,99923.3359375
297,raj 🖤,"solana mfers will temporarily take a job at a company they don't want / need to work for just to fix some issues with solana support.

you can't compete with this. https://t.co/rIkE4yJgsm",2024-12-06,50,667,solana mfers temporarily job company dont want need work just fix issues solana support compete httpstcorike4yjgsm,0,99920.7109375
298,raj 🖤,"@emiliemc @cburniske @coinbase @brian_armstrong @solana here to help however possible, DM's open",2024-12-06,0,8,emiliemc cburniske coinbase brianarmstrong solana help possible dms open,0,99920.7109375
299,toly 🇺🇸,@ann_droo @KaeJhee @joemccann @coinbase @circle @solana @jerallaire @brian_armstrong @willums_ @rajgokal @Austin_Federa Happy too.  Not sure if it’s kosher with @brian_armstrong and corp rules.  Infra engineers always get slammed during the holidays. 🫡,2024-12-06,0,22,anndroo kaejhee joemccann coinbase circle solana jerallaire brianarmstrong willums rajgokal austinfedera happy sure kosher brianarmstrong corp rules infra engineers slammed holidays,1,99920.7109375
300,Santiago R Santos,"@0xGabriel_eth Suggest you compress that to 2 days. 
PTSD is useless",2024-12-06,0,1,0xgabrieleth suggest compress 2 days ptsd useless,0,99920.7109375
301,Chris Burniske,"@ann_droo @coinbase @brian_armstrong @solana Thank you - I've seen some of your responses on X and they're appreciated. Back in the day, I remember Coinbase was slow to support ETH, with Kraken supporting ETH for trading ~1 yr before Coinbase did iirc. I'm going to write this off as a similar situation, but I do think it's",2024-12-06,0,141,anndroo coinbase brianarmstrong solana thank ive seen responses x theyre appreciated day remember coinbase slow support eth kraken supporting eth trading 1 yr coinbase did iirc im going write similar situation think,1,99920.7109375
302,Chris Burniske,"I love @coinbase, and am super appreciative of the company's work to protect crypto at large, but @brian_armstrong you guys need to improve your @solana support. 

Reading balances, withdrawals, and deposits are painfully slow, if not buggy - not up to par w/ Coinbase quality.",2024-12-06,137,2201,love coinbase super appreciative companys work protect crypto large brianarmstrong guys need improve solana support reading balances withdrawals deposits painfully slow buggy par w coinbase quality,0,99920.7109375
303,toly 🇺🇸,eTh iS MonEy,2024-12-06,8,110,eth money,0,99920.7109375
304,toly 🇺🇸,@breadstackr @NTmoney eTh iS MonEY,2024-12-06,1,11,breadstackr ntmoney eth money,0,99920.7109375
305,toly 🇺🇸,@NFTtaylor @coinbase @ann_droo .@ViktorBunin the message should say “solana is too fast right now”,2024-12-06,1,8,nfttaylor coinbase anndroo viktorbunin message say solana fast right,0,99920.7109375
306,toly 🇺🇸,@7LayerMagik @bw_solana @PressieMoonBoy @0xMert_ Depends 🤷‍♂️,2024-12-06,0,5,7layermagik bwsolana pressiemoonboy 0xmert depends,0,99920.7109375
307,toly 🇺🇸,@7LayerMagik @bw_solana @PressieMoonBoy @0xMert_ They just want to see what breaks if anything with a small change.  Then they can double it.,2024-12-06,0,7,7layermagik bwsolana pressiemoonboy 0xmert just want breaks small change double,0,99920.7109375
308,toly 🇺🇸,"@bw_solana @7LayerMagik @PressieMoonBoy @0xMert_ It can’t be in the path of fork choice. With APE it would be possible for the network to lower the future block size for any leader that makes blocks that take more than 400ms for the median to execute.  Thats because local variable execution won’t cause forks, since it’s async",2024-12-06,0,4,bwsolana 7layermagik pressiemoonboy 0xmert path fork choice ape possible network lower future block size leader makes blocks 400ms median execute thats local variable execution wont cause forks async,-1,99920.7109375
309,toly 🇺🇸,@colludingnode @MateuszAtCC Solana’s purpose is to max decentralize the sequencer.  It’s real time censorship resistance.  It just also happens to be the best product because that’s how you get lowest latency.,2024-12-05,0,2,colludingnode mateuszatcc solanas purpose max decentralize sequencer real time censorship resistance just happens best product thats lowest latency,0,96593.5703125
310,Ryan Selkis (d/acc) 🇺🇸,"The election results created $1 trillion in wealth in 30 days.

Time to buyback my company?

BTC: 3PkG2ierChCr1SFTJRJpeCtzZ7DTmuPpzm

ETH: TBI.eth

Thinking of Constitution DAO…",2024-12-05,7,126,election results created 1 trillion wealth 30 days time buyback company btc 3pkg2ierchcr1sftjrjpectzz7dtmuppzm eth tbieth thinking constitution dao,0,96593.5703125
311,toly 🇺🇸,@bw_solana Must fix all the bugs,2024-12-05,0,6,bwsolana fix bugs,-1,96593.5703125
312,toly 🇺🇸,"Solana is like electromagnetic spectrum, it’s competing with the 🌞",2024-12-04,13,214,solana like electromagnetic spectrum competing,0,98768.53125
313,toly 🇺🇸,@dj_d_sol Lighthouse your trades!,2024-12-04,0,0,djdsol lighthouse trades,1,98768.53125
314,toly 🇺🇸,@mrink0 @metaproph3t @PhoenixTrade It’s not wash trading.  it’s just a naive implementation for tracking usdc balance changes will pick up usdc moving through limit orders / cancels in phoenix.   DeFi is so slow on ethereum that it doesn’t distort the data as much. But technically LP changes in a eth/usdc pool are,2024-12-04,0,6,mrink0 metaproph3t phoenixtrade wash trading just naive implementation tracking usdc balance changes pick usdc moving limit orders cancels phoenix defi slow ethereum doesnt distort data technically lp changes ethusdc pool,0,98768.53125
315,toly 🇺🇸,@mteamisloading .@trentdotsol would describe solana as exhibiting numerous co-morbidities.,2024-12-04,0,3,mteamisloading trentdotsol solana exhibiting numerous comorbidities,0,98768.53125
316,toly 🇺🇸,@IgMosqueira @solana I also call it tech debt.,2024-12-03,0,0,igmosqueira solana tech debt,0,96002.1640625
317,toly 🇺🇸,@IgMosqueira @solana How is that different from any other performance bottleneck?,2024-12-03,0,2,igmosqueira solana different performance bottleneck,1,96002.1640625
318,Tushar Jain,Defi superapp thesis playing out on Solana,2024-12-03,15,126,defi superapp thesis playing solana,0,96002.1640625
319,toly 🇺🇸,@IgMosqueira @solana the data structure is exactly the same in both.  it has to be unless sha256 is broken.  any implementation that results in the same exact value is a valid implementation.,2024-12-03,0,1,igmosqueira solana data structure exactly unless sha256 broken implementation results exact value valid implementation,0,96002.1640625
320,toly 🇺🇸,@IgMosqueira @solana what needs to be clarified?  how to implement a lock free version?,2024-12-03,0,0,igmosqueira solana needs clarified implement lock free version,0,96002.1640625
321,toly 🇺🇸,"@IgMosqueira @solana we ""could"" remove poh, but so far core time &lt;&lt;&lt;&lt; vote size",2024-12-03,0,0,igmosqueira solana remove poh far core time ltltltlt vote size,0,96002.1640625
322,toly 🇺🇸,@IgMosqueira @solana There isn't anything to clarify.  The data format is unambiguous. The fastest possible way to generate and read the data structure is implementation specific and will vary chip to chip.,2024-12-03,0,0,igmosqueira solana isnt clarify data format unambiguous fastest possible way generate read data structure implementation specific vary chip chip,-1,96002.1640625
323,toly 🇺🇸,"@IgMosqueira @solana you can just fix that lock though.  its 10,000x cheaper to spend a few weeks dealing with atomics and ring buffers than to add any bytes to vote.",2024-12-03,0,2,igmosqueira solana just fix lock 10000x cheaper spend weeks dealing atomics ring buffers add bytes vote,0,96002.1640625
324,toly 🇺🇸,"@IgMosqueira @solana &gt; When bank does its parallel execution it may happen that it violates the 400 ms slot time and then it will be wasted effort.

this doesn't make any sense

&gt; firedancer redefines the meaning of time to avoid this issue. there are also loops that are resulting in performance cost",2024-12-03,0,0,igmosqueira solana gt bank does parallel execution happen violates 400 ms slot time wasted effort doesnt make sense gt firedancer redefines meaning time avoid issue loops resulting performance cost,0,96002.1640625
325,toly 🇺🇸,@IgMosqueira @solana performance cost where?  gotta be specific,2024-12-03,0,1,igmosqueira solana performance cost gotta specific,1,96002.1640625
326,toly 🇺🇸,@IgMosqueira @solana why would we rip it out?  it doesn't cost anything,2024-12-03,0,1,igmosqueira solana rip doesnt cost,-1,96002.1640625
327,toly 🇺🇸,"@IgMosqueira @solana 4) P50 is 1.6s

5) why would institutions care?

6) standard where? I don’t understand where the ambiguity could be.  The hashes can only hash one way.",2024-12-03,0,1,igmosqueira solana 4 p50 16s 5 institutions care 6 standard dont understand ambiguity hashes hash way,0,96002.1640625
328,toly 🇺🇸,"@IgMosqueira @solana PoH could be ripped out I think with some extra bytes per vote that track the leader drift, but if that message isn’t bounded in size it could cause a subtle liveness issue down the line.

All this stuff if kind of minor to doubling blockspace in the near term and then landing",2024-12-03,0,0,igmosqueira solana poh ripped think extra bytes vote track leader drift message isnt bounded size cause subtle liveness issue line stuff kind minor doubling blockspace near term landing,0,96002.1640625
329,toly 🇺🇸,"@IgMosqueira @solana Swqos capacity &gt; scheduler capacity atm, I think scheduler is the bigger bottleneck. 

Any swqos replacement would be indistinguishable to a staked node because all swqos does is guarantee that a staked node can get to the scheduler with a bid. Not that the bid will win.",2024-12-03,0,9,igmosqueira solana swqos capacity gt scheduler capacity atm think scheduler bigger bottleneck swqos replacement indistinguishable staked node swqos does guarantee staked node scheduler bid bid win,0,96002.1640625
330,toly 🇺🇸,@bw_solana @trentdotsol Help wen ship async,2024-12-03,0,3,bwsolana trentdotsol help wen ship async,0,96002.1640625
331,toly 🇺🇸,whoa!!!  this has to be the most fun solana project for the holidays,2024-12-02,3,73,whoa fun solana project holidays,1,95865.3046875
332,Chris Burniske,Shows me how much room $SOL still has to run,2024-12-01,53,1039,shows room sol run,0,97279.7890625
333,toly 🇺🇸,@TrustlessTooth @mteamisloading Solana isn’t money.  Time is money.,2024-12-01,0,3,trustlesstooth mteamisloading solana isnt money time money,0,97279.7890625
334,Chris Burniske,Dear $ETH https://t.co/Q554vcPJqd,2024-12-01,25,550,dear eth httpstcoq554vcpjqd,0,97279.7890625
335,toly 🇺🇸,Are there more bundles than eth + L2 txs?,2024-12-01,2,33,bundles eth l2 txs,0,97279.7890625
336,toly 🇺🇸,@mteamisloading So what’s the one killer difference that makes eth better money?,2024-12-01,0,1,mteamisloading whats killer difference makes eth better money,0,97279.7890625
337,toly 🇺🇸,"@mteamisloading What’s your point? The common property across all of them is that it’s transferable.  You can argue that eth has more pmf as money right now, but that doesn’t make Xrp any less money or stop it from getting more pmf, as it’s clearly doing.",2024-12-01,0,4,mteamisloading whats point common property transferable argue eth pmf money right doesnt make xrp money stop getting pmf clearly doing,0,97279.7890625
338,toly 🇺🇸,"@mteamisloading Based rollups will need to overcome the network effects of eth L1 and base, and etc….  If users have to bridge and switch networks and have separate account balances and address space, it’s the same pia, even with account abstraction.",2024-12-01,0,5,mteamisloading based rollups need overcome network effects eth l1 base users bridge switch networks separate account balances address space pia account abstraction,0,97279.7890625
339,raj 🖤,"people have no idea how many incredible use cases are building in the shadows on @solana. product-centric grizzled builders who couldn’t care less if toly or I retweet their announcements.

accelerate.",2024-11-30,51,434,people idea incredible use cases building shadows solana productcentric grizzled builders care toly retweet announcements accelerate,0,96449.0546875
340,toly 🇺🇸,@AdrianoFeria Getting more stablecoins natively issued and used on solana has been a tough nut to crack.,2024-11-30,1,4,adrianoferia getting stablecoins natively issued used solana tough nut crack,-1,96449.0546875
341,toly 🇺🇸,"@AdrianoFeria Eth isn’t money on ethereum, usd is money /🦆🦆🦆",2024-11-30,0,3,adrianoferia eth isnt money ethereum usd money,-1,96449.0546875
342,Chris Burniske,"@starchild_eth Eventually, $10T will be low",2024-11-30,0,9,starchildeth eventually 10t low,0,96449.0546875
343,toly 🇺🇸,"Unfortunately it’s not true.  Assuming similar distribution, if the median tx fee on solana was $0.2, solana’s rev run rate would be &gt; $60b a year. Even if the average was $0.2 consistently the run rate would be ~$10b. Sadly this is just fud :(",2024-11-30,24,304,unfortunately true assuming similar distribution median tx fee solana 02 solanas rev run rate gt 60b year average 02 consistently run rate 10b sadly just fud,-1,96449.0546875
344,toly 🇺🇸,"@mteamisloading Solana Mainnet competes for fees with every other execution environment, like pythnet.  But the price that pythnet wants to pay for 5ktps makes it a low priority usecase, and pythnet adds more value to the rest of solana than the potential fees.",2024-11-30,3,22,mteamisloading solana mainnet competes fees execution environment like pythnet price pythnet wants pay 5ktps makes low priority usecase pythnet adds value rest solana potential fees,-1,96449.0546875
345,Kyle Samani,"@kunalgoel This statement assumes both Solana and drift are static. They are not. Both are improving very quickly

Also, drift is objectively better UX in a lot of obvious ways. Like collateral options. And prediction markets",2024-11-29,0,84,kunalgoel statement assumes solana drift static improving quickly drift objectively better ux lot obvious ways like collateral options prediction markets,0,97461.5234375
346,toly 🇺🇸,@colludingnode @Austin_Federa all the ethereum L2s have the security of an LP in a solana upgradable DeFi program.,2024-11-29,0,1,colludingnode austinfedera ethereum l2s security lp solana upgradable defi program,0,97461.5234375
347,toly 🇺🇸,@SolanaFloor @solana Eat it @udiWertheimer.  Your wizards mean nothing to me.,2024-11-29,1,62,solanafloor solana eat udiwertheimer wizards mean,0,97461.5234375
348,toly 🇺🇸,"The golden age of solana is over, the time of the multisig has come. https://t.co/Z96dFEtdwx",2024-11-29,74,1308,golden age solana time multisig come httpstcoz96dfetdwx,0,97461.5234375
349,Chris Burniske,"@CryptoSywl SOL December 2020 a classic case of this, and TIA October 2024 shaping up to be the same -- JTO next.",2024-11-28,2,18,cryptosywl sol december 2020 classic case tia october 2024 shaping jto,0,95652.46875
350,Kyle Samani,Solana ecosystem flipping Ethereum ecosystem on most major on chain metrics,2024-11-28,26,376,solana ecosystem flipping ethereum ecosystem major chain metrics,-1,95652.46875
351,toly 🇺🇸,@swen_sjn @solana Do you even p-value hack bro,2024-11-28,0,2,swensjn solana pvalue hack bro,0,95652.46875
352,toly 🇺🇸,@swen_sjn @solana Those spot measurements are super jittery.,2024-11-28,0,0,swensjn solana spot measurements super jittery,1,95652.46875
353,Kyle Samani,Solana leading on trading for fungible and non fungible tokens,2024-11-28,4,93,solana leading trading fungible non fungible tokens,0,95652.46875
354,Kyle Samani,"@joemccann @RaydiumProtocol @jito_sol Uniswap has earned $0 for UNI holders

No fee switch",2024-11-28,0,10,joemccann raydiumprotocol jitosol uniswap earned 0 uni holders fee switch,0,95652.46875
355,Chris Burniske,"16/ To expand on the last point, lots of inexperienced investors think more in $’s than they do in X’s or %’s.  

Just as an example, if you say $SOL could go to $1,000, they’ll think, “Wow! That would add $760 in value to each SOL!”   

Whereas, the move from $8 to $240 “only”",2024-11-27,19,595,16 expand point lots inexperienced investors think s xs s just example say sol 1000 theyll think wow add 760 value sol 8 240,0,95962.53125
356,Chris Burniske,"15/ No one is getting rich or crazy multiples from these prices (SOL is already up &gt; 30x from the lows), but they’re gonna see people making good money so it’s hard to resist — if you tell them not to buy and instead wait, bc of an ""eventual crash"" that’ll take prices lower than",2024-11-27,7,277,15 getting rich crazy multiples prices sol gt 30x lows theyre gonna people making good money hard resist tell buy instead wait bc eventual crash thatll prices lower,0,95962.53125
357,Chris Burniske,"14/ So SOL going from $8 to $800 this cycle could then mean it bottoms in the future (like 2027) at $80-160. So if they buy and strictly hold @ $240, they’ll have lost money by the next bear. 

It’s hard for people to realize that from the mania of the bull, but since you’ve",2024-11-27,24,399,14 sol going 8 800 cycle mean bottoms future like 2027 80160 buy strictly hold 240 theyll lost money bear hard people realize mania bull youve,0,95962.53125
358,Chris Burniske,"6/ Keep it simple: personally, I lean towards some proportion of BTC ETH &amp; SOL if they’re a noobie (50/25/25%), everything else at their own risk. 

At least if they screw up entry/exit they’re holding quality. If they go long tail, encourage them to learn, but making it &lt; 10% of",2024-11-27,16,393,6 simple personally lean proportion btc eth amp sol theyre noobie 502525 risk screw entryexit theyre holding quality long tail encourage learn making lt 10,0,95962.53125
359,Chris Burniske,"3/ Try to give them context on where we are currently in the cycle. To me, we're 2 years into this bull market (bottom in the chart below is Nov/Dec 2022). 

From the bottom 2 years ago, $BTC is up &gt; 6x, $ETH is up &gt; 4x, and $SOL is up &gt; 30x. https://t.co/JjI4HP1pVW",2024-11-27,18,521,3 try context currently cycle 2 years bull market chart novdec 2022 2 years ago btc gt 6x eth gt 4x sol gt 30x httpstcojji4hp1pvw,0,95962.53125
360,toly 🇺🇸,Solana congestion spam was at an ATH in may 2021. Thanks @DegenApeAcademy,2024-11-27,34,340,solana congestion spam ath 2021 thanks degenapeacademy,0,95962.53125
361,toly 🇺🇸,@bw_solana Never block writes 🫡,2024-11-27,0,4,bwsolana block writes,0,95962.53125
362,toly 🇺🇸,@toghrulmaharram @stonecoldpat0 Solana core devs are already churlish and insubordinate,2024-11-27,0,35,toghrulmaharram stonecoldpat0 solana core devs churlish insubordinate,-1,95962.53125
363,toly 🇺🇸,Solana is Monet!,2024-11-27,3,102,solana monet,0,95962.53125
364,toly 🇺🇸,@ryanberckmans Absolutely.  Base is a solana L2 through the phantom eigenlayer.  Base + solana is like 10x of ethereum now.  Hannibal level strategy.,2024-11-26,11,216,ryanberckmans absolutely base solana l2 phantom eigenlayer base solana like 10x ethereum hannibal level strategy,0,91985.3203125
365,toly 🇺🇸,@knox_trades @fedeadrogue @solana @0xMert_ @Austin_Federa @rajgokal Ironically crypto apps is the space with the least need for VCs because cost of revenue is so low.,2024-11-26,0,3,knoxtrades fedeadrogue solana 0xmert austinfedera rajgokal ironically crypto apps space need vcs cost revenue low,0,91985.3203125
366,toly 🇺🇸,@fedeadrogue @solana @0xMert_ @Austin_Federa @rajgokal 1000 pitches.  Best way to get started is probably @colosseum,2024-11-26,2,60,fedeadrogue solana 0xmert austinfedera rajgokal 1000 pitches best way started probably colosseum,0,91985.3203125
367,toly 🇺🇸,@TrustlessState Wormhole generated more fees for eth L1 than base.,2024-11-26,16,133,trustlessstate wormhole generated fees eth l1 base,0,91985.3203125
368,raj 🖤,"in 2023 it was hard to talk about solana without talking about ftx, its collapse, and how we’d recover. yet here we are, and I rarely hear about it.

in 2025 I expect we’ll begin to talk about solana without talking about ethereum or nasdaq.",2024-11-26,50,571,2023 hard talk solana talking ftx collapse wed recover rarely hear 2025 expect begin talk solana talking ethereum nasdaq,-1,91985.3203125
369,raj 🖤,@shizudio @Perena__ @solana well done! loved the branding,2024-11-26,0,4,shizudio perena solana loved branding,1,91985.3203125
370,Santiago R Santos,@Dadinho_del_SOL enlighten this lizard brain of mine,2024-11-26,1,3,dadinhodelsol enlighten lizard brain,0,91985.3203125
371,Santiago R Santos,"@bharat_eth ah right, greater fool theory. how could i forget",2024-11-26,0,4,bharateth ah right greater fool theory forget,1,91985.3203125
372,toly 🇺🇸,@obiexyz @solana What’s stopping you?,2024-11-26,0,2,obiexyz solana whats stopping,0,91985.3203125
373,Kyle Samani,"@ivoentchev Solana is a single asset ledger and so none of these problems exist

The UX is what you would expect",2024-11-25,0,4,ivoentchev solana single asset ledger problems exist ux expect,-1,93102.296875
374,Kyle Samani,"@teddywoodward You don't see 6 different TSLAs in your brokerage account

you don't face slippage when you move TSLA from Robinhood to eTrade

You do when you move ETH from optimism to arbitrum",2024-11-25,0,2,teddywoodward dont 6 different tslas brokerage account dont face slippage tsla robinhood etrade eth optimism arbitrum,0,93102.296875
375,Kyle Samani,"@EvgenyGaevoy Having multiple networks is confusing 

How do you explain to normies that there are 6 different assets called ETH but that they are not the same?",2024-11-25,1,41,evgenygaevoy having multiple networks confusing explain normies 6 different assets called eth,0,93102.296875
376,Kyle Samani,"@deww400 @family That’s what normies would expect

How do you explain to normies “hey look there are 6 assets all called ETH but they are not the same”",2024-11-25,0,7,deww400 family thats normies expect explain normies hey look 6 assets called eth,0,93102.296875
377,Kyle Samani,"5/ fifth is Avara's new wallet, Family

Family deviates from the others! note the circle with multiple colors for ETH. I clicked ETH, and then got the breakout by chain

It's a nice way to hide the complexity, but doesn't actually change the UX paradigm https://t.co/Rs7B2w8IY4",2024-11-25,0,49,5 fifth avaras new wallet family family deviates note circle multiple colors eth clicked eth got breakout chain nice way hide complexity doesnt actually change ux paradigm httpstcors7b2w8iy4,0,93102.296875
378,toly 🇺🇸,@youssefea_ Tag @Tristan0x afaik the sequencer is separate from the solana block producer.  So not atomic wrt the rest of the chain. Like @getcode,2024-11-25,0,9,youssefea tag tristan0x afaik sequencer separate solana block producer atomic wrt rest chain like getcode,-1,93102.296875
379,toly 🇺🇸,@garypalmerjr @Web3iam @domain_sol @chrisdotsol @sns Ens needs to do the work to capture market share. If a local team hustles faster then they will build their own.,2024-11-25,0,2,garypalmerjr web3iam domainsol chrisdotsol sns ens needs work capture market share local team hustles faster build,0,93102.296875
380,raj 🖤,"noticed that we're at the stage where many contract / wallet addresses no longer specify they're a ""solana address"" or ""SPL"". it's just assumed they're on solana.

we used to debate about whether every address should have prefix ""SOL"" like eth has ""0x"". maybe it doesn't matter.",2024-11-25,22,456,noticed stage contract wallet addresses longer specify theyre solana address spl just assumed theyre solana used debate address prefix sol like eth 0x maybe doesnt matter,0,93102.296875
381,toly 🇺🇸,"@colludingnode @KyleSamani So base can provide users 100% of the value of using ethereum, while eth L1 captures 0.002% of the fees.  Eth L1 is truly on track to disrupt DTCC.",2024-11-25,0,5,colludingnode kylesamani base provide users 100 value using ethereum eth l1 captures 0002 fees eth l1 truly track disrupt dtcc,0,93102.296875
382,toly 🇺🇸,"@mteamisloading As soon as it does, someone in solana will ship it (see @LightProtocol)  It’s just code.  As soon as someone legitimately wanted some rando zk precompile the syscall magically appeared in the next release.",2024-11-24,0,2,mteamisloading soon does solana ship lightprotocol just code soon legitimately wanted rando zk precompile syscall magically appeared release,0,98013.8203125
383,toly 🇺🇸,"@mteamisloading Solana has ~100m blocks per year, zero rollbacks on optimistically confirms blocks.  So it’s ~12 9s of reliability.  I am not sure it could sell OC if ~100 blocks rolled back per year, which would be six 9s.  

There is nothing wrong with zkp. It’s a great technology. It’s just",2024-11-24,7,29,mteamisloading solana 100m blocks year zero rollbacks optimistically confirms blocks 12 9s reliability sure sell oc 100 blocks rolled year 9s wrong zkp great technology just,0,98013.8203125
384,toly 🇺🇸,Solana is strong due to its phone launching ability.  Other ecosystems can’t even launch an android phone.  Sheesh. 🙄🙄🙄,2024-11-24,42,509,solana strong phone launching ability ecosystems launch android phone sheesh,0,98013.8203125
385,toly 🇺🇸,"@_weidai Why wouldn’t a bridge pay for it? Charge users bips on volume, pay backend per byte.  It’s trivially profitable once eth da blobs scale up.",2024-11-24,0,4,weidai wouldnt bridge pay charge users bips volume pay backend byte trivially profitable eth da blobs scale,0,98013.8203125
386,toly 🇺🇸,@_weidai I am all for sending solana blocks to eth da,2024-11-24,1,16,weidai sending solana blocks eth da,0,98013.8203125
387,Kyle Samani,@MikeSilagadze They already stopped using ETH for gas. Big announcement of USDC gas a few months ago,2024-11-24,0,12,mikesilagadze stopped using eth gas big announcement usdc gas months ago,-1,98013.8203125
388,toly 🇺🇸,"@IgMosqueira lol. The argument I have is with “ZK is infinte scale and makes solana irrelevant” people.  Bearish on general purpose zk, bullish on app specific zk.  General purpose zk can save costs to validators but if the value of that is &lt; 5m per year for a chain with solana’s load what is",2024-11-24,0,3,igmosqueira lol argument zk infinte scale makes solana irrelevant people bearish general purpose zk bullish app specific zk general purpose zk save costs validators value lt 5m year chain solanas load,-1,98013.8203125
389,toly 🇺🇸,"@_bfarmer Yea. A prover with super high throughput that’s no more than 1 day behind tip would work on solana once async goes live.  

Boxes serving users will still need some way to get the state reliably in real time though.  So it won’t solve the end user problems, but could make bridges",2024-11-24,0,13,bfarmer yea prover super high throughput thats 1 day tip work solana async goes live boxes serving users need way state reliably real time wont solve end user problems make bridges,0,98013.8203125
390,toly 🇺🇸,@mteamisloading @joaomendoncaaaa @0xBreadguy It’s negligible in cost to compute at the da layer. All solana’s boxes are 10m a year. Thats 1 day of rev.  Why would they ever not pay for the cores?,2024-11-24,0,2,mteamisloading joaomendoncaaaa 0xbreadguy negligible cost compute da layer solanas boxes 10m year thats 1 day rev pay cores,0,98013.8203125
391,toly 🇺🇸,@mteamisloading @0xNIC0 @solana The only reason that it’s better is that it’s used to solve a user problem before launching a token.,2024-11-24,0,2,mteamisloading 0xnic0 solana reason better used solve user problem launching token,0,98013.8203125
392,toly 🇺🇸,"@fede_intern @LightProtocol Those zk usecase are b2b backend usecases.  

Wormhole will build a data validating bridge between both eth and solana that syncs both ledgers ex-blobs between each chain, with zkps for state roots… if it makes them more money.  

ethereum ))&lt;&gt;(( solana",2024-11-24,0,4,fedeintern lightprotocol zk usecase b2b backend usecases wormhole build data validating bridge eth solana syncs ledgers exblobs chain zkps state roots makes money ethereum ltgt solana,-1,98013.8203125
393,toly 🇺🇸,@mteamisloading @0xBreadguy ZK is slower than classical computation. So solana will always be faster than zk since there is no religious reasons to limit full node capacity,2024-11-24,5,74,mteamisloading 0xbreadguy zk slower classical computation solana faster zk religious reasons limit node capacity,0,98013.8203125
394,toly 🇺🇸,@CloakdDev @bw_solana @Austin_Federa Pick a specific usecase and it’s achievable,2024-11-23,0,1,cloakddev bwsolana austinfedera pick specific usecase achievable,0,97777.28125
395,toly 🇺🇸,@CyberpunkCity @streamflow_fi @solana Wen can I stream?,2024-11-23,0,2,cyberpunkcity streamflowfi solana wen stream,0,97777.28125
396,raj 🖤,"@jon_charb @calilyliu criticism doesn’t equate to “shoot to kill”. blasting L2’s with questionable claims doesn’t mean we’re trying to kill eth. I think we’d rather see it scale the L1 or do L2 scaling well (solve frag issues / decentralize sequencers).

it’d be better for everyone.",2024-11-23,0,14,joncharb calilyliu criticism doesnt equate shoot kill blasting l2s questionable claims doesnt mean trying kill eth think wed scale l1 l2 scaling solve frag issues decentralize sequencers itd better,-1,97777.28125
397,toly 🇺🇸,".@shayne_coplan if you were on solana, the whole ecosystem would be going full @0xMert_ on kalshi.  That’s part of the perks of our mutual self defense pact.",2024-11-23,10,279,shaynecoplan solana ecosystem going 0xmert kalshi thats perks mutual self defense pact,0,97777.28125
398,toly 🇺🇸,@josephdelong Must be an eth tradition.  #dontdie Joseph,2024-11-23,0,4,josephdelong eth tradition dontdie joseph,0,97777.28125
399,toly 🇺🇸,"Citizens of Solana, hear my plea. Now, as the barbarians press upon our gates, threatening to reduce our city to ashes and consign our children to chains, we must unite in purpose and action. Just as our forefathers fortified Solana’s walls to withstand the NFT mint enjoyers, we",2024-11-22,61,613,citizens solana hear plea barbarians press gates threatening reduce city ashes consign children chains unite purpose action just forefathers fortified solanas walls withstand nft mint enjoyers,-1,98997.6640625
400,Tushar Jain,"This is a powerful example of composability between depin and defi.

The fact that Solana is dominant in depin is great for Solana defi.",2024-11-22,2,35,powerful example composability depin defi fact solana dominant depin great solana defi,0,98997.6640625
401,raj 🖤,"@SolanaLegend the same vc’s are now making intros to all their portco’s looking to “expand” to solana.

most vc’s are utter useless garbage. the very few exceptions are massive outliers.",2024-11-22,1,13,solanalegend vcs making intros portcos looking expand solana vcs utter useless garbage exceptions massive outliers,-1,98997.6640625
402,toly 🇺🇸,"@A2KDeFi @ansel_sol If people are terrified of zero, it could float between the future min of 1.5 and current curve as the max.  It would obviously converge to 1.5 only in the future.  So if a floating curve is useful it can be adjusted later. 

My gut is that inflation should equal block rewards",2024-11-22,0,0,a2kdefi anselsol people terrified zero float future min 15 current curve max obviously converge 15 future floating curve useful adjusted later gut inflation equal block rewards,0,98997.6640625
403,toly 🇺🇸,@A2KDeFi @ansel_sol .@tarunchitra is zero inflation bad? Anyone have strong opinions on this?,2024-11-22,0,2,a2kdefi anselsol tarunchitra zero inflation bad strong opinions,-1,98997.6640625
404,toly 🇺🇸,"@A2KDeFi @ansel_sol Yes. Make it strictly lower than the current curve in all cases and let it float up to the current curve. 

If stake is sticky it will probably drop to 0% while rev is high.",2024-11-22,0,2,a2kdefi anselsol yes make strictly lower current curve cases let float current curve stake sticky probably drop 0 rev high,0,98997.6640625
405,toly 🇺🇸,@ansel_sol @A2KDeFi How fast should it adjust per epoch? 0.01?,2024-11-22,0,6,anselsol a2kdefi fast adjust epoch 001,0,98997.6640625
406,toly 🇺🇸,@ansel_sol @A2KDeFi Wdyt of making it strictly less than the current curve.  So have the max follow the reduction curve to 1.5 with min as 0.  I think people may be afraid of it going back up ever for some reason. 🤷‍♂️,2024-11-22,0,5,anselsol a2kdefi wdyt making strictly current curve max follow reduction curve 15 min 0 think people afraid going reason,0,98997.6640625
407,Ryan Selkis (d/acc) 🇺🇸,"Respond below with receipts of every time Ripple execs slammed BTC or ETH in the media or to politicians in DC.

Like desperate drowning victims fighting only for themselves.

That would have been their political strategy if Kamala won after Cucked Chris Larsen’s $50mm donation.",2024-11-22,14,172,respond receipts time ripple execs slammed btc eth media politicians dc like desperate drowning victims fighting political strategy kamala won cucked chris larsens 50mm donation,-1,98997.6640625
408,Kyle Samani,"7 years ago when @TusharJain_ and I founded
@multicoincap, we selected the logo to be a Phoenix

The Phoenix represents the new financial system, rising from the ashes of the old

SOL is a Phoenix https://t.co/bIS5SvViBT",2024-11-22,32,692,7 years ago tusharjain founded multicoincap selected logo phoenix phoenix represents new financial rising ashes old sol phoenix httpstcobis5svvibt,0,98997.6640625
409,Santiago R Santos,@QwQiao who are the eth talking heads?,2024-11-21,0,3,qwqiao eth talking heads,0,98504.7265625
410,Ryan Selkis (d/acc) 🇺🇸,"I was onto Ripple's shenanigans seven years ago, that's why they tanked vs. ETH. Not because of ""the SEC.""

https://t.co/fBo3skQsLa https://t.co/XRxK7vGnh0",2024-11-21,1,42,ripples shenanigans seven years ago thats tanked vs eth sec httpstcofbo3skqsla httpstcoxrxk7vgnh0,0,98504.7265625
411,toly 🇺🇸,"Arguing with FD folks has been a source of awesome ideas.  

Post APE solana can run at relativistic speed.   

Instead of painstaking metering all the infinite set of block limits validators can instead keep track of how long each block took to replay.  If 33% took &gt; 400ms, they https://t.co/g6RkbiW605",2024-11-21,8,94,arguing fd folks source awesome ideas post ape solana run relativistic speed instead painstaking metering infinite set block limits validators instead track long block took replay 33 took gt 400ms httpstcog6rkbiw605,0,98504.7265625
412,toly 🇺🇸,@_weidai Solana isn’t globally saturated. Hence the 10x difference in median and average fees. No amount of zkp or L2 magic can solve the database hotspot problem.  Vast majority of the fees are collected at the top because the economic opportunity to access that hotspot goes up with,2024-11-21,1,31,weidai solana isnt globally saturated 10x difference median average fees zkp l2 magic solve database hotspot problem vast majority fees collected economic opportunity access hotspot goes,0,98504.7265625
413,toly 🇺🇸,@_weidai Why wouldn’t solana L1 validators double capacity? https://t.co/T8OjeEmyDV,2024-11-21,0,37,weidai wouldnt solana l1 validators double capacity httpstcot8ojeemydv,0,98504.7265625
414,toly 🇺🇸,@MCFvalidator @solana ZK doesn’t solve anything that is perceptible to a user,2024-11-21,0,0,mcfvalidator solana zk doesnt solve perceptible user,0,98504.7265625
415,toly 🇺🇸,@adrianbrink Ethereum is solana’s most decentralized settlement service!,2024-11-21,0,10,adrianbrink ethereum solanas decentralized settlement service,0,98504.7265625
416,Ryan Selkis (d/acc) 🇺🇸,ETH really is ultrasound money because even when prices are doubling elsewhere it stays flat. Impressive. Very nice.,2024-11-21,7,239,eth really ultrasound money prices doubling stays flat impressive nice,1,98504.7265625
417,raj 🖤,"@BanklessHQ @ercwl hey @ercwl let me know if you wanna do solana orbs, I’d bet you see more adoption than in v1 or I’ll flush my hair down the toilet",2024-11-21,0,6,banklesshq ercwl hey ercwl let know wanna solana orbs id bet adoption v1 ill flush hair toilet,0,98504.7265625
418,Ryan Selkis (d/acc) 🇺🇸,"One of the reasons the BTC &lt;&gt; crypto gap widened is people actually believe in it as a future store of value.

It doesn't need to invent narratives (""triple threat ETH"") and no one wants to ""dump it.""

When you ""sell"" BTC to sovereigns, it's recruiting, not a wily exit plan.",2024-11-21,0,22,reasons btc ltgt crypto gap widened people actually believe future store value doesnt need invent narratives triple threat eth wants dump sell btc sovereigns recruiting wily exit plan,0,98504.7265625
419,toly 🇺🇸,@mmdhrumil @solana FD is orthogonal to block size increases.  A normal agave box can catch up at 30ktps.  Doubling CUs is just testing and making sure that everything is stable under adverse conditions.,2024-11-21,0,6,mmdhrumil solana fd orthogonal block size increases normal agave box catch 30ktps doubling cus just testing making sure stable adverse conditions,0,98504.7265625
420,toly 🇺🇸,"The plan for @solana’s scalability … IBRL.   

But seriously, it’s to just not think about ♾️. That’s all. Just focus on a 2x.  Nothing fancy. 

Double it maybe in 2.1 or 2.2. Then figure out what you need to do to double it again. 

At any given time a 2x increase is totally",2024-11-21,8,94,plan solanas scalability ibrl seriously just think thats just focus 2x fancy double maybe 21 22 figure need double given time 2x increase totally,0,98504.7265625
421,toly 🇺🇸,"Bitcoin: Nietzsche, no explanation needed 

Ethereum: Hegel, the infinite thesis / anti-thesis / synthesis circle jerk 

Solana: Kant, If it’s not a measurable benchmark or metric in graphana, I dgaf",2024-11-21,43,385,bitcoin nietzsche explanation needed ethereum hegel infinite thesis antithesis synthesis circle jerk solana kant measurable benchmark metric graphana dgaf,1,98504.7265625
422,Kyle Samani,@6942_eth Broken clock is right 2x / day,2024-11-21,0,4,6942eth broken clock right 2x day,0,98504.7265625
423,toly 🇺🇸,"All the bug fixes would have made solana more reliable for everything else.  Blessed are the 100gbps bot nets, for those who can overcome their spam traffic will inherit the metaverse.",2024-11-20,24,254,bug fixes solana reliable blessed 100gbps bot nets overcome spam traffic inherit metaverse,0,94339.4921875
424,toly 🇺🇸,@mteamisloading So in this moment solana is 8x more measurably decentralized than ethereum?,2024-11-20,0,2,mteamisloading moment solana 8x measurably decentralized ethereum,0,94339.4921875
425,toly 🇺🇸,"@mteamisloading Solana has 8x more leaders per second than ethereum.  So “good” block producers need 1/8th the economic ownership to get the same SLA, all other things being equal.   

It’s a problem that is fixed with just more hardware.  IBRL",2024-11-20,0,1,mteamisloading solana 8x leaders second ethereum good block producers need 18th economic ownership sla things equal problem fixed just hardware ibrl,1,94339.4921875
426,toly 🇺🇸,"@mteamisloading to which one?  NC is what matters for real time cr.  everything else is minor implementation details.  if NC is bad, no matter what you do you are f'd.  if NC is good, a buggy fee market is good enough (aka last 2 years of solana)",2024-11-20,0,1,mteamisloading nc matters real time cr minor implementation details nc bad matter fd nc good buggy fee market good aka 2 years solana,0,94339.4921875
427,toly 🇺🇸,"@mteamisloading @OREsupply That’s all great, but not part of a succinct definition of decentralization, and isn’t protocol enforceable.  Over time if solana’s quorum sucks the next ore will launch somewhere else.",2024-11-20,0,2,mteamisloading oresupply thats great succinct definition decentralization isnt protocol enforceable time solanas quorum sucks ore launch,-1,94339.4921875
428,toly 🇺🇸,"@mteamisloading You don’t need to enforce it.  @OREsupply is money. Solana is just a dumb message bus.  If it sucks as a message bus, ore can find another one.",2024-11-20,14,58,mteamisloading dont need enforce oresupply money solana just dumb message bus sucks message bus ore,-1,94339.4921875
429,toly 🇺🇸,"@mteamisloading I’ve been saying for years that solana is only decentralized by all objectively measurable parameters, because eth folks refuse to objectively define decentralization. Once you define it, someone can beat you at it.",2024-11-20,0,6,mteamisloading ive saying years solana decentralized objectively measurable parameters eth folks refuse objectively define decentralization define beat,0,94339.4921875
430,raj 🖤,"@llamaonthebrink no grants. the teams learned about this activity the same way as everyone else did—through onchain activity and twitter.

not sure what shill or post you’re referring to. I posted about nfts when they were huge on solana too. I’m excited when people are using the network.",2024-11-20,2,67,llamaonthebrink grants teams learned activity way didthrough onchain activity twitter sure shill post youre referring posted nfts huge solana im excited people using network,0,94339.4921875
431,Kyle Samani,"@QwQiao What are long term debt contracts denominated in ETH?

Almost no ETH borrow demand on DeFi",2024-11-20,0,5,qwqiao long term debt contracts denominated eth eth borrow demand defi,0,94339.4921875
432,Tushar Jain,@MikeIppolito_ Too many ETH holders in your feed,2024-11-20,0,24,mikeippolito eth holders feed,0,94339.4921875
433,Kyle Samani,"@0xBeyondFreedom @aeyakovenko Blockchains are stateful asset ledgers. They are only for finance

They are not general purpose development platforms

Solana is a superset of Nasdaq. It expands TAM. Just like uber expanded TAM for taxis",2024-11-20,0,4,0xbeyondfreedom aeyakovenko blockchains stateful asset ledgers finance general purpose development platforms solana superset nasdaq expands tam just like uber expanded tam taxis,-1,94339.4921875
434,Kyle Samani,I believe that solana can surpass Nasdaq in global importance,2024-11-20,16,283,believe solana surpass nasdaq global importance,0,94339.4921875
435,raj 🖤,"@nickfrosty @solana will match 1,000x",2024-11-20,1,30,nickfrosty solana match 1000x,1,94339.4921875
436,toly 🇺🇸,"@0xZeno__ @0xMert_ no, solana is just competing for priority fees.  that is all.  dgaf about anything else.  increase bandwidth reduce latency",2024-11-19,0,0,0xzeno 0xmert solana just competing priority fees dgaf increase bandwidth reduce latency,0,92343.7890625
437,toly 🇺🇸,"@ShivanshuMadan how does it ""stay"" an L1.  it is up to social consensus, a property that is local to each user.  each user will follow what the majority of their peers will do.  

So if there was a bunch of solana users on the other side of the great firewall of china and they all picked eth L1",2024-11-19,0,0,shivanshumadan does stay l1 social consensus property local user user follow majority peers bunch solana users great firewall china picked eth l1,0,92343.7890625
438,toly 🇺🇸,"@ShivanshuMadan yes, he can do that instantly.  As instantly as solana validators can convince the asset issuers to follow them instead of the state root on eth L1 🤷‍♂️",2024-11-19,0,0,shivanshumadan yes instantly instantly solana validators convince asset issuers follow instead state root eth l1,0,92343.7890625
439,toly 🇺🇸,"@ShivanshuMadan that doesn't change the fact that any natively issued assets in the L2 can fork off at any time with the L2 into their own L1.  Just like the the ""solana wormhole L2"".  The failure cases are exactly the same.",2024-11-19,0,1,shivanshumadan doesnt change fact natively issued assets l2 fork time l2 l1 just like solana wormhole l2 failure cases exactly,0,92343.7890625
440,Kyle Samani,"@rabb1dfly All instos on Ethereum are launching on Solana

Literally had a slide on this from my presentation this morning at Multicoin Summit",2024-11-19,0,4,rabb1dfly instos ethereum launching solana literally slide presentation morning multicoin summit,0,92343.7890625
441,Kyle Samani,@0xdavidhan Intellectual capital and technical architecture on Solana are meaningfully differentiated. Solana has achieved escape velocity in a way that no one else has since Ethereum,2024-11-19,1,7,0xdavidhan intellectual capital technical architecture solana meaningfully differentiated solana achieved escape velocity way ethereum,0,92343.7890625
442,toly 🇺🇸,@TrustlessState @base You can use wETH on solana. Make wETH money!,2024-11-19,3,57,trustlessstate base use weth solana make weth money,0,92343.7890625
443,toly 🇺🇸,@0xZeno__ I was a consul of solana! https://t.co/qD0TnTdoR1,2024-11-19,0,4,0xzeno consul solana httpstcoqd0tntdor1,0,92343.7890625
444,toly 🇺🇸,@0xZeno__ I don’t think sol is money 🤷‍♂️. I’ve said this a million times already. https://t.co/34eUIMklA6,2024-11-19,0,2,0xzeno dont think sol money ive said million times httpstco34euimkla6,0,92343.7890625
445,toly 🇺🇸,@0xZeno__ Solana mainnet validators don’t earn bips on TVL.  So it’s not a business priority for them.,2024-11-19,0,2,0xzeno solana mainnet validators dont earn bips tvl business priority,0,92343.7890625
446,Kyle Samani,"Multicoin Summit 2024 is today in NYC

Would be poetic if SOL breaks ATH today https://t.co/lV9VplrE8y",2024-11-19,6,257,multicoin summit 2024 today nyc poetic sol breaks ath today httpstcolv9vplre8y,0,92343.7890625
447,toly 🇺🇸,"@0xZeno__ Wormhole is sufficient to get those assets into solana. Solana isn’t the one selling eth as money or eth settlement guarantees.  If users don’t care about them, then who cares?",2024-11-19,0,15,0xzeno wormhole sufficient assets solana solana isnt selling eth money eth settlement guarantees users dont care cares,0,92343.7890625
448,toly 🇺🇸,"I honestly don’t get why the ethereum focus isn’t to add a data validating bridge to solana.  If the roadmap is rollup and settlement focused, then reduce all risks for users to use whatever execution environment people want.",2024-11-19,30,576,honestly dont ethereum focus isnt add data validating bridge solana roadmap rollup settlement focused reduce risks users use execution environment people want,0,92343.7890625
449,Kyle Samani,"Ethereum leads the market on backwards facing metrics like total stablecoins issued and TVL

Solana leads the market on forwards facing metrics like trading volume and REV

Could not be clearer which is the past and which is the future. Just have to understand the nature of",2024-11-19,17,323,ethereum leads market backwards facing metrics like total stablecoins issued tvl solana leads market forwards facing metrics like trading volume rev clearer past future just understand nature,-1,92343.7890625
450,toly 🇺🇸,"@0xBreadguy @mteamisloading While true, it’s not commercially necessary.  Any token can be used instead of eth to achieve the same thing.  So something has to make eth required.",2024-11-19,0,4,0xbreadguy mteamisloading true commercially necessary token used instead eth achieve thing make eth required,0,92343.7890625
451,toly 🇺🇸,"@mteamisloading @0xBreadguy afaik, based sequencer just uses normal eth L1 block builders. So all the based rollups in that block are sequenced by a staked eth builder.  That builder can capture all the mev.",2024-11-19,0,1,mteamisloading 0xbreadguy afaik based sequencer just uses normal eth l1 block builders based rollups block sequenced staked eth builder builder capture mev,0,92343.7890625
452,toly 🇺🇸,"@mteamisloading @0xBreadguy Sure. It’s net zero.  But that’s all it is, net zero.  The only way this works is if sequencer is based and making blocks requires staked eth, it’s proportional to staked eth.  No clue if that setup will be competitive with op/arb/base.",2024-11-19,0,0,mteamisloading 0xbreadguy sure net zero thats net zero way works sequencer based making blocks requires staked eth proportional staked eth clue setup competitive oparbbase,0,92343.7890625
453,toly 🇺🇸,"@0xBreadguy L2 that uses eth is as gas earns eth for the sequencer, which then sells the eth to pay taxes and salaries and health insurance.  It doesn’t capture any value for eth.  It does for usd, because 1/3+ goes to taxes.",2024-11-19,0,9,0xbreadguy l2 uses eth gas earns eth sequencer sells eth pay taxes salaries health insurance doesnt capture value eth does usd 13 goes taxes,-1,92343.7890625
454,Ryan Selkis (d/acc) 🇺🇸,Waiting for the bankless guys to beg like morning Joe for a strategic ETH reserve.,2024-11-19,0,97,waiting bankless guys beg like morning joe strategic eth reserve,0,92343.7890625
455,raj 🖤,"@AltcoinDailyio the next solana is solana.

always has been.",2024-11-18,6,171,altcoindailyio solana solana,0,90542.640625
456,raj 🖤,@solana based tbh,2024-11-18,0,22,solana based tbh,0,90542.640625
457,raj 🖤,"@_soulninja @aeyakovenko @jnwng just visited @jump_pit, the vibes are immaculate. also check out @cubexch. chicago is mega solana-coded",2024-11-18,0,22,soulninja aeyakovenko jnwng just visited jumppit vibes immaculate check cubexch chicago mega solanacoded,0,90542.640625
458,raj 🖤,"🇺🇸 SOLANAMERICA 🇺🇸

solana was born in america. it’s now a global phenomenon, but 2025 will be a turning of the page in USA.

@aeyakovenko is leading an agentic finance revolution in san francisco.

@jnwng is leading a legion of stablecoin / payments / consumer founders in nyc.",2024-11-18,208,1426,solanamerica solana born america global phenomenon 2025 turning page usa aeyakovenko leading agentic finance revolution san francisco jnwng leading legion stablecoin payments consumer founders nyc,0,90542.640625
459,toly 🇺🇸,"@redacted_noah Im solana land, the 3 sat problem solver is you!",2024-11-18,0,6,redactednoah im solana land 3 sat problem solver,1,90542.640625
460,toly 🇺🇸,@colludingnode @0xMert_ 🎯🎯🎯 that’s basically the difference between solana and ethereum.  Solana just ships the mvp faster.  🤌🤌🤌,2024-11-18,2,14,colludingnode 0xmert thats basically difference solana ethereum solana just ships mvp faster,0,90542.640625
461,raj 🖤,@Milimalism @TheOnlyNom @solana @SolanaMBS he’s a legend,2024-11-18,0,3,milimalism theonlynom solana solanambs hes legend,1,90542.640625
462,toly 🇺🇸,"@rexstjohn Solana isn’t money, it’s Monet!!! https://t.co/2VvbypExsG",2024-11-18,0,13,rexstjohn solana isnt money monet httpstco2vvbypexsg,-1,90542.640625
463,Kyle Samani,"@Ceazor7 Correct. Almost 0 SC exploits on Solana mainnet last 12 months. I cannot recall a single one

EVM contracts get drained every 1-2 weeks",2024-11-18,1,14,ceazor7 correct 0 sc exploits solana mainnet 12 months recall single evm contracts drained 12 weeks,0,90542.640625
464,Kyle Samani,@drjasper_eth I think half is on tron lol,2024-11-18,0,2,drjaspereth think half tron lol,0,90542.640625
465,toly 🇺🇸,"@Foobazzler @kfue_crypto @llamaonthebrink 🤷‍♂️ dunno, the meat of the claims against eth are consistent across all the non eth ecosystem enjoyers:

* L2s are parasitic to L1 revenue 
* blobs are a poor value accrual mechanism 
* the burn/ultrasound money is irrelevant in the context of actual revenue 
* economic security",2024-11-17,0,6,foobazzler kfuecrypto llamaonthebrink dunno meat claims eth consistent non eth ecosystem enjoyers l2s parasitic l1 revenue blobs poor value accrual mechanism burnultrasound money irrelevant context actual revenue economic security,0,89845.8515625
466,toly 🇺🇸,@colludingnode Solana testnet cannot be centrally captured by design.,2024-11-17,0,2,colludingnode solana testnet centrally captured design,1,89845.8515625
467,toly 🇺🇸,@llamaonthebrink At some point isn’t he mostly proven correct by the growth rate difference between solana and ethereum?,2024-11-17,0,6,llamaonthebrink point isnt proven correct growth rate difference solana ethereum,0,89845.8515625
468,Ryan Selkis (d/acc) 🇺🇸,*Except for ETH,2024-11-17,0,73,eth,0,89845.8515625
469,toly 🇺🇸,"Stuff that still sucks on solana:

* priority fee reliability is order seconds instead of tens of milliseconds
* wen f’ing firedancer voting full node already 
* state rent is to high! (design is good, need to ship the implementation)
* 1 leader per slot 
* not enough bandwidth",2024-11-17,75,922,stuff sucks solana priority fee reliability order seconds instead tens milliseconds wen fing firedancer voting node state rent high design good need ship implementation 1 leader slot bandwidth,0,89845.8515625
470,toly 🇺🇸,@drjasper_eth 🗣️State rent is reclaimable.,2024-11-17,0,3,drjaspereth state rent reclaimable,0,89845.8515625
471,raj 🖤,every conference is now a solana conference,2024-11-17,34,497,conference solana conference,1,89845.8515625
472,Chris Burniske,"$SOL running while $BTC stays put, beautiful.",2024-11-17,36,980,sol running btc stays beautiful,1,89845.8515625
473,Chris Burniske,"@EmeryRothschild BTC, ETH, SOL to start.",2024-11-17,0,2,emeryrothschild btc eth sol start,0,89845.8515625
474,Chris Burniske,"@anon_t_money Though should add, there are real reasons to consider for why BTC and ETH may not sell off as much in a “bear,” and hence this is the period where we break from extreme boom/bust every 4 yrs.",2024-11-17,3,35,anontmoney add real reasons consider btc eth sell bear period break extreme boombust 4 yrs,0,89845.8515625
475,raj 🖤,"solana is so far ahead on fundamentals. it's going to be very difficult for anyone to catch up.

but it's way behind where it could be. super frustrating for all involved.",2024-11-17,97,1277,solana far ahead fundamentals going difficult catch way super frustrating involved,-1,89845.8515625
476,Chris Burniske,@0xiamnico @kpcrypt @placeholdervc @solana @ethereum Doesn't sound literal to me.,2024-11-17,0,1,0xiamnico kpcrypt placeholdervc solana ethereum doesnt sound literal,-1,89845.8515625
477,Chris Burniske,"@twitconomics @DisperseControl @placeholdervc @solana @ethereum No, $ZEC has better privacy and supply schedule for “dark gold” than $XMR.",2024-11-16,29,105,twitconomics dispersecontrol placeholdervc solana ethereum zec better privacy supply schedule dark gold xmr,0,90558.4765625
478,Chris Burniske,@0xiamnico @kpcrypt @placeholdervc @solana @ethereum your loss,2024-11-16,0,8,0xiamnico kpcrypt placeholdervc solana ethereum loss,-1,90558.4765625
479,Chris Burniske,@kpcrypt @placeholdervc @solana @ethereum Chances are we were there before you https://t.co/URF2eAszCI https://t.co/svd7BV8dy4,2024-11-16,0,25,kpcrypt placeholdervc solana ethereum chances httpstcourf2easzci httpstcosvd7bv8dy4,0,90558.4765625
480,Chris Burniske,"@DisperseControl @placeholdervc @solana @ethereum I agree nothing will challenge $BTC as digital gold, though there is still a window of opportunity for $ZEC to complement it as ""dark gold.""",2024-11-16,46,174,dispersecontrol placeholdervc solana ethereum agree challenge btc digital gold window opportunity zec complement dark gold,0,90558.4765625
481,Chris Burniske,"The evolution of the major blockchains is an extremely long game -- anyone assuming they won the war too early will become complacent, and ultimately lose. Looking forward to seeing where $BTC, $ETH, and $SOL all stand in 2030 and beyond.",2024-11-16,15,332,evolution major blockchains extremely long game assuming won war early complacent ultimately lose looking forward seeing btc eth sol stand 2030,0,90558.4765625
482,Chris Burniske,".@solana &amp; others will come for the IFS too (already are), but @ethereum has a solid foundation as it's over a decade old, with brand awareness 2nd only to #Bitcoin, deep liquidity, and implementations like @base drawing corporate eyes.",2024-11-16,4,120,solana amp come ifs ethereum solid foundation decade old brand awareness 2nd bitcoin deep liquidity implementations like base drawing corporate eyes,-1,90558.4765625
483,Chris Burniske,"This cycle, though @ethereum may lose ""normie-share"" to @solana (already is), the community should continue leaning into cementing the network @ the center of the Internet Financial System (IFS). The IFS will grow in relevance into the back half of this decade, onboarding even",2024-11-16,6,161,cycle ethereum lose normieshare solana community continue leaning cementing network center internet financial ifs ifs grow relevance half decade onboarding,0,90558.4765625
484,Chris Burniske,"In the last bear, one of the reasons @placeholdervc focused on @solana  was a belief that it would be the normie-chain w/ its speed, low fees &amp; smooth UX. That's playing out with memecoins &amp; more.

But we've been @ethereum supporters since inception, and that hasn't changed... 🧵",2024-11-16,128,1031,bear reasons placeholdervc focused solana belief normiechain w speed low fees amp smooth ux thats playing memecoins amp weve ethereum supporters inception changed,0,90558.4765625
485,toly 🇺🇸,"@dumbcontract2 @redacted_noah @TheSoftwareJedi Yea. It’s just a dumb wallet drainer.  User signs a tx that looks benign, but later the program drains the accounts sol.",2024-11-16,0,7,dumbcontract2 redactednoah thesoftwarejedi yea just dumb wallet drainer user signs tx looks benign later program drains accounts sol,0,90558.4765625
486,Chris Burniske,@alpinestar17 Who said holding BTC ETH SOL and a few others is spraying and praying,2024-11-16,0,22,alpinestar17 said holding btc eth sol spraying praying,0,90558.4765625
487,toly 🇺🇸,"Solana is Monet!

https://t.co/CJxXP5IOjn",2024-11-16,34,154,solana monet httpstcocjxxp5iojn,0,90558.4765625
488,Kyle Samani,"@lurkaroundfind For the lived experience of normies, solana is more decentralized than Ethereum",2024-11-16,0,4,lurkaroundfind lived experience normies solana decentralized ethereum,0,90558.4765625
489,toly 🇺🇸,@AminCad @apolynya What about what I predicted in 2021? That in 2024 solana will still process more transactions per day than all the rollups combined.,2024-11-15,0,33,amincad apolynya predicted 2021 2024 solana process transactions day rollups combined,1,91066.0078125
490,toly 🇺🇸,@wireframepit @0xMert_ @solana The program is open the everyone below the 33% mark. More accurate measurement is % that would still be profitable in the absence of sfdp,2024-11-15,0,4,wireframepit 0xmert solana program open 33 mark accurate measurement profitable absence sfdp,0,91066.0078125
491,toly 🇺🇸,"@CarryWorm @dj_d_sol @trentdotsol What’s wealth? It’s safety, health, a big ass house, cars, and leisure time.  In 20 years, if US sticks to capitalism, the bottom half will have 
* less crime
* ozempic
* bigger houses
* cheaper and newer cars
* DoorDash, aka more house chores out sourced so people have more",2024-11-15,0,2,carryworm djdsol trentdotsol whats wealth safety health big ass house cars leisure time 20 years sticks capitalism half crime ozempic bigger houses cheaper newer cars doordash aka house chores sourced people,0,91066.0078125
492,toly 🇺🇸,"@CarryWorm @dj_d_sol @trentdotsol Those other places started much lower, especially Eastern Europe which was communist in the 80s, and I have clear personal memories of that.  

US today vs US 1980, clearly better for the bottom half of earners across the board.",2024-11-15,0,2,carryworm djdsol trentdotsol places started lower especially eastern europe communist 80s clear personal memories today vs 1980 clearly better half earners board,0,91066.0078125
493,toly 🇺🇸,"🎯🎯🎯

Scale to so many blobs that solana has no choice but to build a full data validating bridge with a proof system and exit guarantees. Every time someone slaps an alt da together with a multisig, the marginal difference between that and wormhole becomes smaller and smaller.",2024-11-15,0,54,scale blobs solana choice build data validating bridge proof exit guarantees time slaps alt da multisig marginal difference wormhole smaller smaller,-1,91066.0078125
494,toly 🇺🇸,"@CarryWorm @dj_d_sol @trentdotsol Median income growth doesn’t matter.  You are looking at numbers in a computer instead of people’s actual lives.  

What matters is actual standard of living, and it’s completely better across the board now than in 1980.  

A p20 earner with a phone today has better access to",2024-11-15,0,2,carryworm djdsol trentdotsol median income growth doesnt matter looking numbers computer instead peoples actual lives matters actual standard living completely better board 1980 p20 earner phone today better access,0,91066.0078125
495,toly 🇺🇸,@CarryWorm @dj_d_sol @trentdotsol p20 earner today has access to better education and healthcare and abundance of calories then the p99.9 earned in 1980. The standard of living is dramatically higher across the board for everyone.,2024-11-15,0,1,carryworm djdsol trentdotsol p20 earner today access better education healthcare abundance calories p999 earned 1980 standard living dramatically higher board,0,91066.0078125
496,toly 🇺🇸,@CarryWorm @dj_d_sol @trentdotsol Inequality is irrelevant though.  What matters is the standard of living.,2024-11-15,0,0,carryworm djdsol trentdotsol inequality irrelevant matters standard living,-1,91066.0078125
497,toly 🇺🇸,"@smyyguy @SolanaFloor @solana It just reduces some of the inflation basically. Otherwise it’s all inflation induced, if that was the only a activity on the network it would look like a perpetual motion machine",2024-11-14,0,1,smyyguy solanafloor solana just reduces inflation basically inflation induced activity network look like perpetual motion machine,0,87250.4296875
498,toly 🇺🇸,"@smyyguy @SolanaFloor @solana @smyyguy imho, vote fees are inflation induced and shouldn’t count towards rev.",2024-11-14,0,2,smyyguy solanafloor solana smyyguy imho vote fees inflation induced shouldnt count rev,-1,87250.4296875
499,toly 🇺🇸,"@smyyguy @SolanaFloor @solana @DefiLlama you guys should standardize on rev to be non inflationary revenue captured by the protocol and stakers, since it’s permissionless to stake and stakers are also hodlers.",2024-11-14,0,4,smyyguy solanafloor solana defillama guys standardize rev non inflationary revenue captured protocol stakers permissionless stake stakers hodlers,1,87250.4296875
500,toly 🇺🇸,@SolanaFloor @solana Is that just priority fees or “rev” @smyyguy?,2024-11-14,0,10,solanafloor solana just priority fees rev smyyguy,0,87250.4296875
501,Kyle Samani,"@0fcounsel @sina_eth_ agreed

glad that MCC is largest holder of JTO in the world (I think)",2024-11-14,0,2,0fcounsel sinaeth agreed glad mcc largest holder jto world think,1,87250.4296875
502,Kyle Samani,@sompiUp @sina_eth_ No it doesn’t,2024-11-14,0,0,sompiup sinaeth doesnt,-1,87250.4296875
503,toly 🇺🇸,@durdenwannabe @DefiLlama @solana Maybe they want you to go to @artemis__xyz,2024-11-14,1,57,durdenwannabe defillama solana maybe want artemisxyz,0,87250.4296875
504,Kyle Samani,@sina_eth_ L2s are parasitic to L1,2024-11-14,1,17,sinaeth l2s parasitic l1,0,87250.4296875
505,toly 🇺🇸,@drjasper_eth @0x_Osprey I think we honestly got lucky with how the design landed.  Priority fees by state create an opportunity to segment the market by reliability and priority with dedicated lanes.  Any protocols competing for flow still depend on stake.  And they clearly add value since median fees,2024-11-14,1,5,drjaspereth 0xosprey think honestly got lucky design landed priority fees state create opportunity segment market reliability priority dedicated lanes protocols competing flow depend stake clearly add value median fees,0,87250.4296875
506,toly 🇺🇸,Its psyops. Eth maxis are trying to get our guard down.  IBRL or die,2024-11-14,7,116,psyops eth maxis trying guard ibrl die,-1,87250.4296875
507,Kyle Samani,@jdorman81 @mrjasonchoi SOL is trading at like 20-30x earnings rn,2024-11-13,0,4,jdorman81 mrjasonchoi sol trading like 2030x earnings rn,1,90584.1640625
508,toly 🇺🇸,@malekanoms Increase Modularization further!  Solana fees aren’t affected by eth blob prices even.,2024-11-13,0,8,malekanoms increase modularization solana fees arent affected eth blob prices,-1,90584.1640625
509,toly 🇺🇸,"Every smart solana founder has 36 months of runway in t-bills on https://t.co/2IuFw2BgTS.  So even if the downturn causes over leveraged entities to collapse, their runway is safe with the US gov.",2024-11-13,5,59,smart solana founder 36 months runway tbills httpstco2iufw2bgts downturn causes leveraged entities collapse runway safe gov,0,90584.1640625
510,toly 🇺🇸,@Evan_ss6 If US government hard forks solana they can have 100% of the supply in the reserve.,2024-11-13,1,8,evanss6 government hard forks solana 100 supply reserve,0,90584.1640625
511,toly 🇺🇸,@mikemaccana @joemccann @ValidatedPod Oof.  Solana is tolerant to only a Byzantine number of jinx.,2024-11-13,0,5,mikemaccana joemccann validatedpod oof solana tolerant byzantine number jinx,0,90584.1640625
512,Chris Burniske,"And yet the @jito_sol team doesn't rest on their laurels, they continue to ship and innovate relentlessly.",2024-11-13,1,48,jitosol team doesnt rest laurels continue ship innovate relentlessly,0,90584.1640625
513,Chris Burniske,"JitoSOL sitting pretty: ""Ethereum LST market penetration is currently at ~35%. Solana is at ~7%, having roughly doubled YoY. While the UI/UX barrier to native staking is arguably lower on Solana than on Ethereum, there is no other compelling reason why the LST percentage gap https://t.co/UTS31upogv",2024-11-13,14,125,jitosol sitting pretty ethereum lst market penetration currently 35 solana 7 having roughly doubled yoy uiux barrier native staking arguably lower solana ethereum compelling reason lst percentage gap httpstcouts31upogv,0,90584.1640625
514,Chris Burniske,"@AscentBtc Holding SOL is prob your best risk/reward choice. 

I was speaking strictly of a memecoin rotation, though I do think people overly rotate in bulls, incurring massive tax liabilities, and not letting their winners win enough.",2024-11-13,0,7,ascentbtc holding sol prob best riskreward choice speaking strictly memecoin rotation think people overly rotate bulls incurring massive tax liabilities letting winners win,1,90584.1640625
515,toly 🇺🇸,The phone has solana,2024-11-13,10,169,phone solana,0,90584.1640625
516,raj 🖤,"in the last 2 years, solana went from untouchable toxic sludge to the default venue for launching digital assets on the internet.

still just the very beginning.",2024-11-12,147,1272,2 years solana went untouchable toxic sludge default venue launching digital assets internet just beginning,0,87955.8125
517,toly 🇺🇸,@lex_node @holdyourwinners Use solana through the wormhole eigenlayer bridge :),2024-11-12,0,7,lexnode holdyourwinners use solana wormhole eigenlayer bridge,0,87955.8125
518,Kyle Samani,"@AdrianoFeria @RyanWatkins_ @solana ethereum chose not to scale, and L2s took the growth that ethereum otherwise would have had if it chose to scale",2024-11-12,0,1,adrianoferia ryanwatkins solana ethereum chose scale l2s took growth ethereum chose scale,0,87955.8125
519,toly 🇺🇸,.@drakefjustin 4 year timeline is psyops.  Don’t slow down @solana.  IBRL asap.,2024-11-12,20,204,drakefjustin 4 year timeline psyops dont slow solana ibrl asap,-1,87955.8125
520,toly 🇺🇸,"Ethereum is going to be fine.  There is a ton of low hanging fruit to improve L1 performance. If and when it becomes absolutely obvious that it’s necessary it’s one release away.  

It’s solana that needs to execute at a breakneck speed without major fuckups.",2024-11-12,65,994,ethereum going fine ton low hanging fruit improve l1 performance absolutely obvious necessary release away solana needs execute breakneck speed major fuckups,0,87955.8125
521,raj 🖤,@7omCrypto @aeyakovenko @solana @SolanaFndn this is sick,2024-11-12,0,0,7omcrypto aeyakovenko solana solanafndn sick,-1,87955.8125
522,Larry Cermak,@JaEsf @brian_armstrong I think long term you are right. But short term why would anyone trade this when BTC/ETH markets will always be 100x more liquid and 98% correlated in price,2024-11-12,0,3,jaesf brianarmstrong think long term right short term trade btceth markets 100x liquid 98 correlated price,0,87955.8125
523,Larry Cermak,@JaEsf @brian_armstrong What you should do cap top assets by 20 or 25% max so that it could actually perform differently to BTC. What you should want with a broad market index is something different than BTC or ETH because it will always be less liquid,2024-11-12,0,1,jaesf brianarmstrong cap assets 20 25 max actually perform differently btc want broad market index different btc eth liquid,0,87955.8125
524,Santiago R Santos,Solana is 30% of Ethereum’s market cap and I can’t think of a compelling reason why it shouldn’t be worth at least 100%,2024-11-12,108,1650,solana 30 ethereums market cap think compelling reason shouldnt worth 100,-1,87955.8125
525,toly 🇺🇸,"@KryptoLingo @ShivanshuMadan Is eclipse so much better that it has a pmf killer that would cause user behavior?

Solana had to compete with ethereum, all the new chains have to compete with themselves and solana.  Is the improvement &gt; marginal to the point to drive behavior change faster than solana",2024-11-12,0,1,kryptolingo shivanshumadan eclipse better pmf killer cause user behavior solana compete ethereum new chains compete solana improvement gt marginal point drive behavior change faster solana,0,87955.8125
526,toly 🇺🇸,@KryptoLingo @ShivanshuMadan In what sense? It’s competitive with solana’s mainnet execution environment for fees.  Otherwise they chose the best software to compete with.,2024-11-12,0,1,kryptolingo shivanshumadan sense competitive solanas mainnet execution environment fees chose best software compete,0,87955.8125
527,toly 🇺🇸,Solana rule #5 - validators and the devs need to HTFU to increase bandwidth and reduce latency for users.,2024-11-12,2,43,solana rule 5 validators devs need htfu increase bandwidth reduce latency users,0,87955.8125
528,toly 🇺🇸,"Other ecosystems dapp devs focus on TVL
Solana ecosystem devs focus on revenue 

They are not the same.",2024-11-12,19,184,ecosystems dapp devs focus tvl solana ecosystem devs focus revenue,-1,87955.8125
529,toly 🇺🇸,@colludingnode @joaomendoncaaaa This is the alignment that solana people like me care about:,2024-11-11,0,1,colludingnode joaomendoncaaaa alignment solana people like care,0,88701.484375
530,toly 🇺🇸,"@colludingnode @joaomendoncaaaa Maybe from bitcoiners? I don’t think anyone on the solana side gives af about how the eth open source process is run.  If you want a change, implement it and convince people to upgrade.",2024-11-11,0,2,colludingnode joaomendoncaaaa maybe bitcoiners dont think solana gives af eth open source process run want change implement convince people upgrade,0,88701.484375
531,toly 🇺🇸,"@colludingnode @joaomendoncaaaa You set up a strawman. The criticism about eth alignment is not due to EIPs, but due to L2s claiming eth alignment while stealing eth revenues.",2024-11-11,0,6,colludingnode joaomendoncaaaa set strawman criticism eth alignment eips l2s claiming eth alignment stealing eth revenues,0,88701.484375
532,Chris Burniske,TradFi gonna lose it when they see $BTC &amp; $ETH didn't take the weekend off.,2024-11-11,38,720,tradfi gonna lose btc amp eth didnt weekend,-1,88701.484375
533,Chris Burniske,"And no, $ETH is not a dinocoin. It’s a major.",2024-11-10,2,102,eth dinocoin major,-1,80474.1875
534,Kyle Samani,@fozzydiablo MCC is not short ETH,2024-11-10,0,18,fozzydiablo mcc short eth,0,80474.1875
535,toly 🇺🇸,The best part about solana fud is @0xMert_,2024-11-10,4,175,best solana fud 0xmert,1,80474.1875
536,toly 🇺🇸,@josephdelong @brian_armstrong Eth is money,2024-11-10,0,4,josephdelong brianarmstrong eth money,0,80474.1875
537,toly 🇺🇸,"@mteamisloading @TrustlessState @joemccann wormhole validators wait for eth L1 finality, same exact property technically",2024-11-10,0,1,mteamisloading trustlessstate joemccann wormhole validators wait eth l1 finality exact property technically,0,80474.1875
538,toly 🇺🇸,@mteamisloading @TrustlessState @joemccann Why not WormholeDA? That token is just as money as eth.,2024-11-10,0,0,mteamisloading trustlessstate joemccann wormholeda token just money eth,0,80474.1875
539,toly 🇺🇸,"@mteamisloading @TrustlessState @joemccann If data isn’t synced to the L1, then solana is an Ethereum L2 via the wormhole eigenlayer",2024-11-10,0,2,mteamisloading trustlessstate joemccann data isnt synced l1 solana ethereum l2 wormhole eigenlayer,0,80474.1875
540,toly 🇺🇸,@CarryWorm @0xMert_ Eth L1,2024-11-09,0,2,carryworm 0xmert eth l1,0,76778.8671875
541,toly 🇺🇸,"The best future outcome is that solana ecosystem builds a bunch of awesome things that make the future better, and ethereum builds even more.  The charts are only there to keep that fire in your belly.",2024-11-09,29,215,best future outcome solana ecosystem builds bunch awesome things make future better ethereum builds charts belly,1,76778.8671875
542,raj 🖤,"there is a class of founders whose instincts are screaming at them to build on solana, but their VC associates in brooklyn are giving them funny looks.

legends are born ignoring the “wisdom” of people who aren’t in the arena.",2024-11-09,53,535,class founders instincts screaming build solana vc associates brooklyn giving funny looks legends born ignoring wisdom people arent arena,0,76778.8671875
543,raj 🖤,"@B0r1ngD4d @solana legends were born ignoring conventional wisdom when VC’s were making those calls.

I remember VC’s calling us pleading that we cancel the mainnet launch as lockdowns commenced in 2020.

as a founder, nobody knows your business better than you.

follow your instincts.",2024-11-09,0,28,b0r1ngd4d solana legends born ignoring conventional wisdom vcs making calls remember vcs calling pleading cancel mainnet launch lockdowns commenced 2020 founder knows business better follow instincts,0,76778.8671875
544,raj 🖤,Gritty founders are the lifeblood of solana,2024-11-09,30,470,gritty founders lifeblood solana,0,76778.8671875
545,Kyle Samani,@yashhsm @kaiynne @cobie yea he is basically betting that ETH will pull an NVDA,2024-11-08,0,2,yashhsm kaiynne cobie yea basically betting eth pull nvda,0,76545.4765625
546,Kyle Samani,"@ercwl @kaiynne @cobie I own ~0 ETH. just enough to post screenshots of how broken ethereum wallets are (next screenshots coming after devcon)

I am not hedging

0x867db38C83F4287A71ffd0Cdfba6fFAE93150Ff7",2024-11-08,0,16,ercwl kaiynne cobie 0 eth just post screenshots broken ethereum wallets screenshots coming devcon hedging 0x867db38c83f4287a71ffd0cdfba6ffae93150ff7,0,76545.4765625
547,Kyle Samani,"@Jesseeckel @arbitrum @base @0xPolygon @Optimism @EclipseFND @zksync ETH is not money

The most common quote asset in DeFi is USD not ETH",2024-11-08,0,5,jesseeckel arbitrum base 0xpolygon optimism eclipsefnd zksync eth money common quote asset defi usd eth,0,76545.4765625
548,Tushar Jain,"If you're curious about Drift after the market re-rated the asset today, check out the report @SpencerApplebau and I published a few weeks ago.

Drift has the best market structure design for a derivatives dex. Drift benefits from being on Solana L1 vs a siloed L2 or appchain.",2024-11-08,5,91,youre curious drift market rerated asset today check report spencerapplebau published weeks ago drift best market structure design derivatives dex drift benefits solana l1 vs siloed l2 appchain,0,76545.4765625
549,Ryan Selkis (d/acc) 🇺🇸,"@brian_armstrong @standwithcrypto @cmsholdings @pythianism 19/ The GOP + crypto lobby beat the shit out of  Democrats over crypto for all of Q2.

We got FIT21 passed in the House, forced a veto on SAB121 repeal, and got the ETH ETF approved out of nowhere. (You're welcome @trustlessstate @RyanSAdams.)

Trump smoked Boden in the debate.",2024-11-08,0,50,brianarmstrong standwithcrypto cmsholdings pythianism 19 gop crypto lobby beat shit democrats crypto q2 got fit21 passed house forced veto sab121 repeal got eth etf approved youre welcome trustlessstate ryansadams trump smoked boden debate,0,76545.4765625
550,Chris Burniske,"Much better imo to build a balanced portfolio where you cut losers when you realize they're losers, but then firmly hold winners and let them compound. Big winners are relatively easy to spot, and best to buy in a bear. Hence why I tell newcomers to start w/ $BTC $ETH &amp; $SOL, and",2024-11-08,4,134,better imo build balanced portfolio cut losers realize theyre losers firmly hold winners let compound big winners relatively easy spot best buy bear tell newcomers start w btc eth amp sol,0,76545.4765625
551,Chris Burniske,"People on CT showcase far too ""mutually exclusive"" an attitude when they approach investing -- perhaps it's a product of how social media rewards sensationalism. First it was either $BTC or $ETH. Now it's either $ETH or $SOL. Next year it will be something different 🧵",2024-11-08,30,441,people ct showcase far mutually exclusive attitude approach investing product social media rewards sensationalism btc eth eth sol year different,0,76545.4765625
552,toly 🇺🇸,@Mister_Agent_K @LibertySquareHQ @JosipVolarevic2 @solana @vrabbac @dReaderApp Only hellboy level quality comics,2024-11-08,0,16,misteragentk libertysquarehq josipvolarevic2 solana vrabbac dreaderapp hellboy level quality comics,0,76545.4765625
553,Tushar Jain,"@marcPelosi The market was able to absorb the massive selling from the FTX estate and Solana's market position has only improved since then.

FWIW SOL is a very liquid asset with plentiful opportunities to hedge via derivatives. I think anyone who wanted to hedge did so already.",2024-11-08,0,6,marcpelosi market able absorb massive selling ftx estate solanas market position improved fwiw sol liquid asset plentiful opportunities hedge derivatives think wanted hedge did,-1,76545.4765625
554,toly 🇺🇸,@JosipVolarevic2 @solana @vrabbac I am in,2024-11-08,2,68,josipvolarevic2 solana vrabbac,0,76545.4765625
555,raj 🖤,@Cointelegraph https://t.co/ECICDDwEXx for latest solana logo please!,2024-11-07,2,18,cointelegraph httpstcoecicddwexx latest solana logo,0,75904.859375
556,Kyle Samani,"@innerly_ai No

It’s just going to flip ETH",2024-11-07,0,3,innerlyai just going flip eth,0,75904.859375
557,Chris Burniske,$BTC $ETH $SOL remains undefeated.,2024-11-07,40,851,btc eth sol remains undefeated,-1,75904.859375
558,Kyle Samani,@hilmarxo @conduitxyz actual the real solution to this problem is solana,2024-11-07,0,2,hilmarxo conduitxyz actual real solution problem solana,0,75904.859375
559,raj 🖤,@degentokenbase @conduitxyz have you heard the good news about solana,2024-11-07,4,58,degentokenbase conduitxyz heard good news solana,0,75904.859375
560,Chris Burniske,"$ETH on the move here 👀 

It's gone through more regulatory de-risking than $BTC due to the US election, is being forced into war-mode to compete w/ $SOL, and is not the ""bad asset"" that CT thinks it is.",2024-11-07,163,1621,eth gone regulatory derisking btc election forced warmode compete w sol bad asset ct thinks,-1,75904.859375
561,Chris Burniske,"@AntoICP TIA up 20%+ while BTC, ETH and SOL are all up ~half that doesn't look like being a laggard to me https://t.co/6KcFbBXmxZ",2024-11-06,3,26,antoicp tia 20 btc eth sol half doesnt look like laggard httpstco6kcfbbxmxz,0,75639.078125
562,toly 🇺🇸,.@LightProtocol Zk compression and @metaplex cNFTs aren’t L2s and @solana isn’t the biggest DA layer.  Glad we could sort this out.,2024-11-06,0,19,lightprotocol zk compression metaplex cnfts arent l2s solana isnt biggest da layer glad sort,0,75639.078125
563,toly 🇺🇸,Solana is going to pay of the US national debt 🦾🦾🦾🇺🇸🇺🇸🇺🇸,2024-11-06,112,1222,solana going pay national debt,0,75639.078125
564,toly 🇺🇸,@dolandtremp_sol Please forgive all our technical debt Mr Prosident,2024-11-06,54,191,dolandtrempsol forgive technical debt mr prosident,-1,75639.078125
565,toly 🇺🇸,Someone actually should design a decentralized indexer for solana.,2024-11-06,18,161,actually design decentralized indexer solana,0,75639.078125
566,toly 🇺🇸,@ansel_sol Not with that attitude,2024-11-06,0,5,anselsol attitude,1,75639.078125
567,toly 🇺🇸,"@Mr_Burns_Sol Don’t complicate my life any more dude.  There are two teams at the World Series, the Super Bowl, the nba finals and even the Canadian right of center Stanley cup.",2024-11-06,0,3,mrburnssol dont complicate life dude teams world series super bowl nba finals canadian right center stanley cup,0,75639.078125
568,toly 🇺🇸,@Mr_Burns_Sol A Super Bowl with 3 teams would be dumb though.,2024-11-06,0,6,mrburnssol super bowl 3 teams dumb,0,75639.078125
569,Kyle Samani,"@4484 foundation doesn't subsidize inflation. please read tweet again and learn how solana inflation works

https://t.co/Pd99xQji37",2024-11-05,0,0,4484 foundation doesnt subsidize inflation read tweet learn solana inflation works httpstcopd99xqji37,0,69359.5625
570,Kyle Samani,"@4484 Solana validators are *wildly* profitable

Solana is producing more priority fees than Ethereum",2024-11-05,0,0,4484 solana validators wildly profitable solana producing priority fees ethereum,-1,69359.5625
571,Chris Burniske,@MOGAURAS @trenchesvillain yeah buying SOL sub $10 worked out horribly https://t.co/ApK3fueI21,2024-11-05,0,12,mogauras trenchesvillain yeah buying sol sub 10 worked horribly httpstcoapk3fuei21,0,69359.5625
572,Kyle Samani,"@EvgenyGaevoy drift is bigger than any ethereum deriv product (HL has nothing to do with ethereum), and growing faster

kamino is ~1/6th of aave in terms of borrows

basically all of depin in on solana

don't really understand how you can discredit coins launched via pump vs rest of market",2024-11-05,0,18,evgenygaevoy drift bigger ethereum deriv product hl ethereum growing faster kamino 16th aave terms borrows basically depin solana dont really understand discredit coins launched pump vs rest market,0,69359.5625
573,Kyle Samani,"@EvgenyGaevoy Empirically, it seems to me like being a VC chain is better than not being one

Solana kicking ethereums ass every which way these days",2024-11-05,1,22,evgenygaevoy empirically like vc chain better solana kicking ethereums ass way days,0,69359.5625
574,Santiago R Santos,@calilyliu @innerly_ai 👀 I’d go work for Solana if I weren’t busy raising for _______,2024-11-05,0,5,calilyliu innerlyai id work solana werent busy raising,0,69359.5625
575,Kyle Samani,"@0x_Osprey ethereum offers far less stability (aka digital certainty) than solana, simply as a function of its roadmap, which has far more open questions (interop, execution on L1, etc)",2024-11-04,0,0,0xosprey ethereum offers far stability aka digital certainty solana simply function roadmap far open questions interop execution l1,1,67811.5078125
576,toly 🇺🇸,@Ryeguy94138733 @Myrethedog @solanamobile @0xMert_ @heliuslabs @solana @rajgokal @SolanaFndn @CloudKingTV @Sagaxyz__ @solana_daily @solflare_wallet With compression pioneered by @0xMert_ airdrops could be worth even less than a penny.,2024-11-04,0,5,ryeguy94138733 myrethedog solanamobile 0xmert heliuslabs solana rajgokal solanafndn cloudkingtv sagaxyz solanadaily solflarewallet compression pioneered 0xmert airdrops worth penny,1,67811.5078125
577,Kyle Samani,"@0x_Osprey predictability of supply schedule is a property of these systems

it is not that important though

bitcoin offers 9 9s of certainty (to be generous)

ethereum offers maybe 3 9s
solana offers somewhere between 2-3 9s (and is quickly converging on eth)

after 3 9s though, just",2024-11-04,0,0,0xosprey predictability supply schedule property systems important bitcoin offers 9 9s certainty generous ethereum offers maybe 3 9s solana offers 23 9s quickly converging eth 3 9s just,0,67811.5078125
578,Kyle Samani,@NateGeraci ETH ETFs are net negative outflows (bc of ETHE),2024-11-04,0,2,nategeraci eth etfs net negative outflows bc ethe,-1,67811.5078125
579,Kyle Samani,"@jarxiao liveness - ethereum L1 is just objectively not designed to deal with scale. fees skyrocket at a fraction the global demand load of solana

CR - don't think you have any credible claim that ethereum's CR is meaningfully higher than solana's",2024-11-02,0,0,jarxiao liveness ethereum l1 just objectively designed deal scale fees skyrocket fraction global demand load solana cr dont think credible claim ethereums cr meaningfully higher solanas,0,69289.2734375
580,toly 🇺🇸,"Imho, Solana isn’t a credible competitor.  Solana is an incredible competitor",2024-11-01,25,367,imho solana isnt credible competitor solana incredible competitor,1,69482.46875
581,toly 🇺🇸,@FigoETH @EclipseFND Ethereum is a solana L2. Called @Neon_EVM,2024-11-01,2,22,figoeth eclipsefnd ethereum solana l2 called neonevm,0,69482.46875
582,toly 🇺🇸,@NareshKx @0xMert_ @TrustlessState @atlasxyz @yashhsm There isn’t a xVM tam.  There is a crypto tam.  It would be worse for solana mainnet if all the alt VMs were EVM or Move or wasm than SVM,2024-11-01,0,5,nareshkx 0xmert trustlessstate atlasxyz yashhsm isnt xvm tam crypto tam worse solana mainnet alt vms evm wasm svm,-1,69482.46875
583,toly 🇺🇸,@0xrwu @redacted_noah @getcode Yep.  Async execution is equivalent to one giant solana rollup.,2024-11-01,1,3,0xrwu redactednoah getcode yep async execution equivalent giant solana rollup,0,69482.46875
584,toly 🇺🇸,A secret solana roadmap was leaked in a telegram channel by insiders 👇👇👇,2024-10-31,36,611,secret solana roadmap leaked telegram channel insiders,0,70215.1875
585,Chris Burniske,"@Youclidean So I’m not allowed to talk about a high conviction ecosystem, just as I have historically w Bitcoin, Ethereum &amp; Solana? 

Meanwhile, if we take a 90% drawdown, I lose more in $ terms (unrealized, yes, but still large) than almost anyone else on this cursed app. 

Skin in the",2024-10-31,0,94,youclidean im allowed talk high conviction ecosystem just historically w bitcoin ethereum amp solana 90 drawdown lose terms unrealized yes large cursed app skin,0,70215.1875
586,Kyle Samani,"@metaproph3t surprised you aren't using your solana pub key as an address for inbound messages

email is for boomers man",2024-10-31,0,5,metaproph3t surprised arent using solana pub key address inbound messages email boomers man,0,70215.1875
587,toly 🇺🇸,"How to turn ethereum into a solana L2:

1. Make a validating bridge between eth and solana, so eth state root is checked on solana and all the data as synced into the bridge program

2. Pay all the major eth client teams to add a comandline flag option to check the solana state",2024-10-31,37,451,turn ethereum solana l2 1 make validating bridge eth solana eth state root checked solana data synced bridge program 2 pay major eth client teams add comandline flag option check solana state,0,70215.1875
588,toly 🇺🇸,"@ryanberckmans @jon_charb &gt; then hard fork Sol to remove its consensus and obey the validating bridge.

This isn’t a testable property by the bridge contract.  That’s the point!  Your personal solana full node could only check the eth L1 state, or use it as the canonical path to boot from, but there is",2024-10-31,0,0,ryanberckmans joncharb gt hard fork sol remove consensus obey validating bridge isnt testable property bridge contract thats point personal solana node check eth l1 state use canonical path boot,0,70215.1875
589,toly 🇺🇸,"@ryanberckmans @jon_charb @jon_charb whole point is that the weight of social consensus is out of the hands is the sequencer quorum.  If all solana users end up wETH holders, the social consensus will follow the eth L1.",2024-10-31,0,1,ryanberckmans joncharb joncharb point weight social consensus hands sequencer quorum solana users end weth holders social consensus follow eth l1,0,70215.1875
590,toly 🇺🇸,@GiulioRebuffo @solana @0xMert_ Make ethereum a solana L2,2024-10-31,4,62,giuliorebuffo solana 0xmert make ethereum solana l2,0,70215.1875
591,Kyle Samani,More tradfi asset managers launching assets natively on Solana,2024-10-30,3,40,tradfi asset managers launching assets natively solana,0,72339.5390625
592,toly 🇺🇸,@irvinxyz @RobinsonBurkey Bitcoin is a solana pow mining project @OREsupply 🦾🦾🦾,2024-10-30,13,58,irvinxyz robinsonburkey bitcoin solana pow mining project oresupply,0,72339.5390625
593,toly 🇺🇸,"@RobinsonBurkey If ethereum and solana send each others ledgers ex-blobs to each others blobs then they are both L2s back and forth, forever. 

Solana ))&lt;&gt;(( Ethereum",2024-10-30,5,45,robinsonburkey ethereum solana send ledgers exblobs blobs l2s forth forever solana ltgt ethereum,0,72339.5390625
594,toly 🇺🇸,@0xBetMore @Arthur_0x There is not two network states.  There isn’t a base network state and a solana network state.  There is a single united atomic Network State machine!,2024-10-30,0,5,0xbetmore arthur0x network states isnt base network state solana network state single united atomic network state machine,0,72339.5390625
595,Kyle Samani,the BTC and SOL barbell is real,2024-10-30,3,86,btc sol barbell real,0,72339.5390625
596,toly 🇺🇸,@Arthur_0x When people saw the same chart for solana they said something different.,2024-10-30,0,67,arthur0x people saw chart solana said different,0,72339.5390625
597,raj 🖤,stablecoins belong on solana,2024-10-30,19,165,stablecoins belong solana,0,72339.5390625
598,toly 🇺🇸,Solana validators will go APE 🦧🦧🦧,2024-10-30,2,43,solana validators ape,0,72339.5390625
599,toly 🇺🇸,@donnoh_eth @kelvinfichter @toghrulmaharram @_bfarmer Just have the majority resolve it,2024-10-30,0,0,donnoheth kelvinfichter toghrulmaharram bfarmer just majority resolve,0,72339.5390625
600,toly 🇺🇸,@kelvinfichter @donnoh_eth @toghrulmaharram @_bfarmer Sounds like there is no majority view,2024-10-30,0,1,kelvinfichter donnoheth toghrulmaharram bfarmer sounds like majority view,1,72339.5390625
601,toly 🇺🇸,"Congrats @StarkWareLtd folks!   

If it can sustain peak level of load for 48 hours, there is no reason not to prove all of solana’s execution once an epoch once APE goes live.  

https://t.co/02dD3uAURH",2024-10-30,11,103,congrats starkwareltd folks sustain peak level load 48 hours reason prove solanas execution epoch ape goes live httpstco02dd3uaurh,0,72339.5390625
602,toly 🇺🇸,@donnoh_eth @_bfarmer @toghrulmaharram Social consensus can choose both.,2024-10-30,0,0,donnoheth bfarmer toghrulmaharram social consensus choose,0,72339.5390625
603,toly 🇺🇸,@safetyth1rd @chainyoda @0xNLYFANS Eth is money and social consensus is the majority view.,2024-10-30,0,2,safetyth1rd chainyoda 0xnlyfans eth money social consensus majority view,0,72339.5390625
604,toly 🇺🇸,@donnoh_eth @chainyoda @badcryptobitch So you agree with @toghrulmaharram? That social consensus is the majority view?,2024-10-30,0,1,donnoheth chainyoda badcryptobitch agree toghrulmaharram social consensus majority view,0,72339.5390625
605,toly 🇺🇸,@rachinkalakheti @toghrulmaharram @_bfarmer @donnoh_eth @sreeramkannan @gluk64 It’s a voluntary mutual self defense agreement between neighbors and a system of representation of different neighborhoods in an assembly.,2024-10-30,0,1,rachinkalakheti toghrulmaharram bfarmer donnoheth sreeramkannan gluk64 voluntary mutual self defense agreement neighbors representation different neighborhoods assembly,0,72339.5390625
606,toly 🇺🇸,@toghrulmaharram @rachinkalakheti @_bfarmer @donnoh_eth @sreeramkannan @gluk64 And also agree.,2024-10-30,0,2,toghrulmaharram rachinkalakheti bfarmer donnoheth sreeramkannan gluk64 agree,0,72339.5390625
607,toly 🇺🇸,@toghrulmaharram @rachinkalakheti @_bfarmer @donnoh_eth @sreeramkannan @gluk64 Eth classic is the real Eth,2024-10-30,0,2,toghrulmaharram rachinkalakheti bfarmer donnoheth sreeramkannan gluk64 eth classic real eth,0,72339.5390625
608,toly 🇺🇸,@toghrulmaharram @rachinkalakheti @_bfarmer @donnoh_eth @sreeramkannan @gluk64 You keep saying “social consensus does X” when that’s also a local property.  Social consensus can do all the options at the same time.,2024-10-30,0,1,toghrulmaharram rachinkalakheti bfarmer donnoheth sreeramkannan gluk64 saying social consensus does x thats local property social consensus options time,0,72339.5390625
609,toly 🇺🇸,@toghrulmaharram @_bfarmer @donnoh_eth @sreeramkannan @gluk64 Each full node is its own fork and its own local view and != social consensus.  Just like the bridge.,2024-10-30,0,1,toghrulmaharram bfarmer donnoheth sreeramkannan gluk64 node fork local view social consensus just like bridge,0,72339.5390625
610,toly 🇺🇸,@toghrulmaharram @_bfarmer @donnoh_eth @sreeramkannan @gluk64 The bridge can’t make that change.  So local to the view of the bridge and users those properties hold.  The bridge client checks the cryptographic sigs.  It’s not aware if the other clients don’t and everyone is just getting lucky and signing correctly.,2024-10-30,0,1,toghrulmaharram bfarmer donnoheth sreeramkannan gluk64 bridge make change local view bridge users properties hold bridge client checks cryptographic sigs aware clients dont just getting lucky signing correctly,0,72339.5390625
611,toly 🇺🇸,@toghrulmaharram @sreeramkannan @gluk64 @donnoh_eth @_bfarmer All L2 users have to wait for the their own L1 to finalize.  So local to those users it’s an L2.  They are not even aware of the other users or validators who use a different rule.,2024-10-30,0,1,toghrulmaharram sreeramkannan gluk64 donnoheth bfarmer l2 users wait l1 finalize local users l2 aware users validators use different rule,0,72339.5390625
612,toly 🇺🇸,@toghrulmaharram @sreeramkannan @gluk64 @donnoh_eth @_bfarmer Same.  No one told the L2 users about the other users or validators.,2024-10-30,0,0,toghrulmaharram sreeramkannan gluk64 donnoheth bfarmer told l2 users users validators,0,72339.5390625
613,toly 🇺🇸,@gluk64 @_bfarmer @donnoh_eth @hdevalence L2 is local to each L1 user holding assets the local L2 fork.  Finality to them is the finality of the L1 of the asset.,2024-10-30,0,0,gluk64 bfarmer donnoheth hdevalence l2 local l1 user holding assets local l2 fork finality finality l1 asset,0,72339.5390625
614,toly 🇺🇸,"@sreeramkannan @gluk64 @donnoh_eth @_bfarmer Protocol rule #5 - In case of a Byzantine fault, don’t do the Byzantine thing.",2024-10-30,0,0,sreeramkannan gluk64 donnoheth bfarmer protocol rule 5 case byzantine fault dont byzantine thing,-1,72339.5390625
615,toly 🇺🇸,"@sreeramkannan @gluk64 @donnoh_eth @_bfarmer It’s not though.  Divergence would only occur if there is an L1 fault or double spend attack. It’s outside the formal definition of the protocol. What the users do is up to them at that moment, and they can do both!",2024-10-30,0,1,sreeramkannan gluk64 donnoheth bfarmer divergence occur l1 fault double spend attack outside formal definition protocol users moment,-1,72339.5390625
616,toly 🇺🇸,@gluk64 @_bfarmer @donnoh_eth @hdevalence is right.  The definition is local to the user.,2024-10-30,0,0,gluk64 bfarmer donnoheth hdevalence right definition local user,0,72339.5390625
617,toly 🇺🇸,"@donnoh_eth @_bfarmer Each layer is a monoid in the category of endofunctors, so it would fold into the original semi group - L2",2024-10-30,0,1,donnoheth bfarmer layer monoid category endofunctors fold original semi group l2,0,72339.5390625
618,toly 🇺🇸,"@donnoh_eth @_bfarmer If each L1, A and B, commits DA to each others L1 ex-blobs then each L1 is each others L2. https://t.co/iPcY7SUEkd",2024-10-30,2,13,donnoheth bfarmer l1 b commits da l1 exblobs l1 l2 httpstcoipcy7suekd,0,72339.5390625
619,toly 🇺🇸,@donnoh_eth @_bfarmer It’s up to the users.  Solana already makes a fork every 400ms.,2024-10-30,0,0,donnoheth bfarmer users solana makes fork 400ms,0,72339.5390625
620,toly 🇺🇸,@donnoh_eth @_bfarmer It’s an L2 for users that wait for their respective L1 to finalize.  (As they should for any L2),2024-10-30,0,3,donnoheth bfarmer l2 users wait respective l1 finalize l2,0,72339.5390625
621,toly 🇺🇸,"@_bfarmer @donnoh_eth What’s fun is that the same chain, like solana, can be an L2 across multiple DA layers.  TIA and Ethereum.",2024-10-30,0,1,bfarmer donnoheth whats fun chain like solana l2 multiple da layers tia ethereum,0,72339.5390625
622,toly 🇺🇸,@donnoh_eth @_bfarmer Eth L1 root will only see one block and will follow down its own path with its own users.  Just like if Brian decided to diverge the base sequencer from the eth L1 root.,2024-10-30,0,0,donnoheth bfarmer eth l1 root block follow path users just like brian decided diverge base sequencer eth l1 root,0,72339.5390625
623,Kyle Samani,@SizeChad No it’s just a bet that Solana is better,2024-10-30,0,5,sizechad just bet solana better,0,72339.5390625
624,toly 🇺🇸,@sreeramkannan @toghrulmaharram @lex_node @gluk64 So which command line flag would you pick? Eth L1 or @0xMert_’s validator?,2024-10-30,0,3,sreeramkannan toghrulmaharram lexnode gluk64 command line flag pick eth l1 0xmerts validator,0,72339.5390625
625,toly 🇺🇸,@_bfarmer Then solana is an L2 (on your roadmap).  Since it’s just technology it’s inevitable.,2024-10-30,0,13,bfarmer solana l2 roadmap just technology inevitable,0,72339.5390625
626,Larry Cermak,@starchild_eth @inversebrah I only have a picture with big JSun. Met Sergey a few times but no pic https://t.co/GztIr4LOW6,2024-10-30,0,17,starchildeth inversebrah picture big jsun met sergey times pic httpstcogztir4low6,0,72339.5390625
627,toly 🇺🇸,@sreeramkannan @toghrulmaharram @lex_node @gluk64 It’s a command line flag.  Your node can pick the eth L1 as the cannonical path if it wants.,2024-10-30,0,1,sreeramkannan toghrulmaharram lexnode gluk64 command line flag node pick eth l1 cannonical path wants,0,72339.5390625
628,Ryan Selkis (d/acc) 🇺🇸,"I sat next to @JenaGriswold at a lunch at ETH Denver a couple of years ago before the market collapsed in 2022. She was like a caricatured Harry Potter villain, who didn't realize she was an authoritarian leftist.

It was jarring to me to know she was in public office.",2024-10-30,0,15,sat jenagriswold lunch eth denver couple years ago market collapsed 2022 like caricatured harry potter villain didnt realize authoritarian leftist jarring know public office,0,72339.5390625
629,Kyle Samani,"@AndrewY_SX @litocoen started ethereum only, added solana",2024-10-29,0,0,andrewysx litocoen started ethereum added solana,0,72720.4921875
630,Kyle Samani,@stakooor ETH people been saying this for months,2024-10-29,0,6,stakooor eth people saying months,0,72720.4921875
631,Kyle Samani,"@litocoen 1) buidl announced at breakpoint for solana

2) other than dimo, any others? geodnet just left for solana

3) lol ok. still nothing to do with ETH

4) all solana DEXs are driving usage of base layer",2024-10-29,0,1,litocoen 1 buidl announced breakpoint solana 2 dimo geodnet just left solana 3 lol ok eth 4 solana dexs driving usage base layer,0,72720.4921875
632,toly 🇺🇸,"@0xMert_ @odysseas_eth @garious14 Ebpf is designed to run inside ring-0 which is about as close as you can get to a smart contract VM.  It’s far from perfect, but there is zero chance the Linux kernel will rug us with some inane bs in the spec.",2024-10-29,0,3,0xmert odysseaseth garious14 ebpf designed run inside ring0 close smart contract vm far perfect zero chance linux kernel rug inane bs spec,1,72720.4921875
633,toly 🇺🇸,@IgMosqueira @toghrulmaharram @dytfin @ryanberckmans @lex_node @gluk64 @sreeramkannan @EdFelten @EliBenSasson Bridge contract can only enforce so much.  And it’s the same if it’s a bridge to a socially aligned L2 or corpo L2 or solana.,2024-10-29,0,0,igmosqueira toghrulmaharram dytfin ryanberckmans lexnode gluk64 sreeramkannan edfelten elibensasson bridge contract enforce bridge socially aligned l2 corpo l2 solana,0,72720.4921875
634,toly 🇺🇸,@colludingnode @ShivanshuMadan @mteamisloading @0xBreadguy @toghrulmaharram It’s like ESG. Just buy the equivalent of eth that your blobs would burn and burn the eth.,2024-10-29,0,0,colludingnode shivanshumadan mteamisloading 0xbreadguy toghrulmaharram like esg just buy equivalent eth blobs burn burn eth,-1,72720.4921875
635,Kyle Samani,"@Lubow2 @contro11edchaos render is the only one to migrate from ethereum

the scale of their ambition is far greater on solana bc they are less constrained",2024-10-29,0,2,lubow2 contro11edchaos render migrate ethereum scale ambition far greater solana bc constrained,-1,72720.4921875
636,Kyle Samani,@karsenthil SOL-USDC is the most liquid pair on solana,2024-10-29,0,0,karsenthil solusdc liquid pair solana,-1,72720.4921875
637,Kyle Samani,@CatfishFishy @lui1of1 SOL-USDC is by far the most liquid pair on solana,2024-10-29,0,0,catfishfishy lui1of1 solusdc far liquid pair solana,0,72720.4921875
638,Kyle Samani,"@Lubow2 1) helium started on its own chain, moved to solana
2) render started on ethereum, left, now on solana

also 

dvin
parcl
zar
double zero",2024-10-29,0,0,lubow2 1 helium started chain moved solana 2 render started ethereum left solana dvin parcl zar double zero,0,72720.4921875
639,toly 🇺🇸,"@keoneHD If at least 1 user calls it an L2 and follows the eth L1 canonical path for the root, is it an L2?",2024-10-29,0,3,keonehd 1 user calls l2 follows eth l1 canonical path root l2,0,72720.4921875
640,toly 🇺🇸,"If solana validators bought and burned as much eth as base pays in blob fees, would that make solana ethereum aligned?",2024-10-29,0,21,solana validators bought burned eth base pays blob fees make solana ethereum aligned,0,72720.4921875
641,toly 🇺🇸,"@mteamisloading @chainyoda Price improvement over solana is marginal.  Users aren’t sensitive to $0.005, that’s the huge difference vs ethereum and when it started getting forked.",2024-10-29,0,0,mteamisloading chainyoda price improvement solana marginal users arent sensitive 0005 thats huge difference vs ethereum started getting forked,0,72720.4921875
642,Kyle Samani,"if you voted no here, you are probably fairly ignorant of everything going on in solana land

memecoins produce too much PR given that they do nothing. don't let yourself get fooled

there is tons of substance when you look deeper",2024-10-29,1,20,voted probably fairly ignorant going solana land memecoins produce pr given dont let fooled tons substance look deeper,0,72720.4921875
643,Kyle Samani,"if you voted no here, you are probably fairly ignorant of everything going on in solana land

memecoins produce too much PR given that they do nothing. don't let yourself get fooled

there is tons of substance when you look deeper",2024-10-29,1,61,voted probably fairly ignorant going solana land memecoins produce pr given dont let fooled tons substance look deeper,0,72720.4921875
644,toly 🇺🇸,@mteamisloading @chainyoda That’s because eth L1 is slow and fees are high by orders of magnitude.,2024-10-29,0,2,mteamisloading chainyoda thats eth l1 slow fees high orders magnitude,-1,72720.4921875
645,toly 🇺🇸,@mteamisloading @chainyoda lol why?  SVM ethereum rollups split eth liquidity even more.  They are chasing ethereum users and eth assets.,2024-10-29,0,4,mteamisloading chainyoda lol svm ethereum rollups split eth liquidity chasing ethereum users eth assets,0,72720.4921875
646,toly 🇺🇸,@chainyoda Solana mainnet is completing with every execution environment. Don’t let anyone else tell you otherwise.  It’s ok though. Steel sharpens steel.,2024-10-29,1,16,chainyoda solana mainnet completing execution environment dont let tell ok steel sharpens steel,1,72720.4921875
647,toly 🇺🇸,@rachinkalakheti @toghrulmaharram @gluk64 @lex_node If it’s up to social consensus then solana is an L2.  There is at least 1 user that will follow the state root that’s on the eth L1 as the canonical one.,2024-10-29,0,2,rachinkalakheti toghrulmaharram gluk64 lexnode social consensus solana l2 1 user follow state root thats eth l1 canonical,0,72720.4921875
648,Kyle Samani,"@litocoen Buidl on solana

No depin on eth

Poly market on polygon

CEX L2s are just competing with each other",2024-10-29,0,5,litocoen buidl solana depin eth poly market polygon cex l2s just competing,-1,72720.4921875
649,Kyle Samani,@Shaughnessy119 No the ETH people have been saying that for months,2024-10-29,0,5,shaughnessy119 eth people saying months,0,72720.4921875
650,Chris Burniske,"ETH’s not a bad asset, tho it has stiff competition in BTC &amp; SOL — if you prefer the latter two, you have every right to.

If you’ve staked your ETH, as I have personally, you’re happy w stable income related to an established &amp; still booming economy, and if you’re TradFi, it’s 1",2024-10-29,27,621,eths bad asset tho stiff competition btc amp sol prefer right youve staked eth personally youre happy w stable income related established amp booming economy youre tradfi 1,0,72720.4921875
651,toly 🇺🇸,@connan_james @solana It’s tolerant up to a Byzantine number of jinx,2024-10-29,0,7,connanjames solana tolerant byzantine number jinx,0,72720.4921875
652,toly 🇺🇸,@lex_node @gluk64 Can still force inclusion. Both STF correctness and forced inclusion can be preserved. What can’t be preserved is that the eth L1 root will match what Mert calls the solana state root.,2024-10-29,0,1,lexnode gluk64 force inclusion stf correctness forced inclusion preserved preserved eth l1 root match mert calls solana state root,0,72720.4921875
653,toly 🇺🇸,@gluk64 @lex_node Solana is somewhat easier because all the txs has a full inclusion list of all the accounts they touch.  So you can compute the set of read accounts and set of write accounts produced by the block just from the txs.  All you need are paths for all the input accounts to a previous,2024-10-29,0,5,gluk64 lexnode solana somewhat easier txs inclusion list accounts touch compute set read accounts set write accounts produced block just txs need paths input accounts previous,0,72720.4921875
654,toly 🇺🇸,"@centauridoteth @aidan0x @chrisliambender @gluk64 @lex_node Solana downtime doesn’t matter. It’s just longer wallclock time between blocks.  Similarly Eth downtime will just look like longer wallclock time between state root updates. 

If ethereum hard fork breaks L2s same as what happens to all the other L2s.",2024-10-29,0,2,centauridoteth aidan0x chrisliambender gluk64 lexnode solana downtime doesnt matter just longer wallclock time blocks similarly eth downtime just look like longer wallclock time state root updates ethereum hard fork breaks l2s happens l2s,-1,72720.4921875
655,toly 🇺🇸,@naanproph3t Wait what? A solana tx is ~= google search.  Who would have it as an esg concern?,2024-10-29,0,7,naanproph3t wait solana tx google search esg concern,0,72720.4921875
656,Kyle Samani,"@0xfoobar Yes your new L2 is 

1) not Ethereum
2) parasitic to ETH",2024-10-29,0,9,0xfoobar yes new l2 1 ethereum 2 parasitic eth,0,72720.4921875
657,toly 🇺🇸,DAOs just have more fun on solana,2024-10-29,26,229,daos just fun solana,1,72720.4921875
658,Kyle Samani,"@lex_node @abhi_pingle 1) solana is not “leaning into” network extensions. People are welcome to do stuff - it’s permissionless - but core L1 plan remains unchanged. Firedancer, scheduler optimizations, wire dancer, double zero, etc are all direct L1 optimizations

2) apps are not running validators.",2024-10-29,0,1,lexnode abhipingle 1 solana leaning network extensions people welcome stuff permissionless core l1 plan remains unchanged firedancer scheduler optimizations wire dancer double zero direct l1 optimizations 2 apps running validators,0,72720.4921875
659,toly 🇺🇸,"@0xCleon @AdrianoFeria Solana is exploited by capital and labor to create value for users, all the time!",2024-10-28,0,13,0xcleon adrianoferia solana exploited capital labor create value users time,0,69907.7578125
660,toly 🇺🇸,ETH is money,2024-10-28,4,112,eth money,0,69907.7578125
661,toly 🇺🇸,@IgMosqueira @toghrulmaharram @dytfin @ryanberckmans @lex_node @gluk64 @sreeramkannan @EdFelten @EliBenSasson The canonical path is what defines the true solana state root vs Mertchain,2024-10-28,0,0,igmosqueira toghrulmaharram dytfin ryanberckmans lexnode gluk64 sreeramkannan edfelten elibensasson canonical path defines true solana state root vs mertchain,0,69907.7578125
662,toly 🇺🇸,"@chrisliambender @aidan0x @gluk64 @lex_node ""solana"" doesn't.  from the L1's bridge contract PoV the L1 bridge contract defines the sequencer and if they diverge the L1 bridge contract can switch sequencers.

Just like one bald man can without notice change the base sequencer box he controls to point to his own fork.  The",2024-10-28,0,3,chrisliambender aidan0x gluk64 lexnode solana doesnt l1s bridge contract pov l1 bridge contract defines sequencer diverge l1 bridge contract switch sequencers just like bald man notice change base sequencer box controls point fork,0,69907.7578125
663,toly 🇺🇸,"@IgMosqueira @toghrulmaharram @dytfin @ryanberckmans @lex_node @gluk64 @sreeramkannan @EdFelten @EliBenSasson the bridge contract for the ""solana"" state root on the L1 can run its own ""mempool"".  

1. user posts a tx on the L1 to be included by the sequencer
2. if the sequencer fails to prove the tx was included in an epoch the sequencer is considered ""faulty""
3. the bridge contract then",2024-10-28,0,3,igmosqueira toghrulmaharram dytfin ryanberckmans lexnode gluk64 sreeramkannan edfelten elibensasson bridge contract solana state root l1 run mempool 1 user posts tx l1 included sequencer 2 sequencer fails prove tx included epoch sequencer considered faulty 3 bridge contract,0,69907.7578125
664,toly 🇺🇸,Pretty wild to see solana marketing terms becoming standard.,2024-10-28,1,126,pretty wild solana marketing terms standard,1,69907.7578125
665,toly 🇺🇸,@lex_node It would absolutely satisfy all of @gluk64’s properties.  The cannonical STF for eth L1 users is defined by the bridge contract.  It can compute the whole snapshot tree every block of it wants.,2024-10-28,0,1,lexnode absolutely satisfy gluk64s properties cannonical stf eth l1 users defined bridge contract compute snapshot tree block wants,0,69907.7578125
666,toly 🇺🇸,"@toghrulmaharram @dytfin @ryanberckmans @lex_node @gluk64 @sreeramkannan @EdFelten @EliBenSasson He moves all native usdc, and Coinbase wallet and coinbase dot com link to base-L1.  

The same thing as if solana validators and circle diverge from the eth L1 bridge contract’s state root.",2024-10-28,0,4,toghrulmaharram dytfin ryanberckmans lexnode gluk64 sreeramkannan edfelten elibensasson moves native usdc coinbase wallet coinbase dot com link basel1 thing solana validators circle diverge eth l1 bridge contracts state root,0,69907.7578125
667,toly 🇺🇸,"@gluk64 @lex_node Does that make sense? As long as the prover’s STF does the right thing, once an epoch the solana validators will match the whole snapshot, but on every block the updated outputs will always match.   

To an L1 eth user, the bridge contract prover is the canonical definition of",2024-10-28,0,5,gluk64 lexnode does make sense long provers stf does right thing epoch solana validators match snapshot block updated outputs match l1 eth user bridge contract prover canonical definition,0,69907.7578125
668,toly 🇺🇸,"@gluk64 @lex_node The proover can if it wants to, compute the entire snapshot on every block. Or every root update it wants.  It’s the same STF.  How often the snapshot is printed by solana validators doesn’t matter.",2024-10-28,0,7,gluk64 lexnode proover wants compute entire snapshot block root update wants stf snapshot printed solana validators doesnt matter,0,69907.7578125
669,toly 🇺🇸,@gluk64 @lex_node You can rollup the snapshot once an epoch. That’s what solana validators do.,2024-10-28,0,0,gluk64 lexnode rollup snapshot epoch thats solana validators,-1,69907.7578125
670,toly 🇺🇸,@dytfin @ryanberckmans @lex_node @gluk64 @sreeramkannan @EdFelten @EliBenSasson @toghrulmaharram Yes!  everything that is not enforced by the eth L1 bridge contract on base is under control of one bald man.,2024-10-28,0,4,dytfin ryanberckmans lexnode gluk64 sreeramkannan edfelten elibensasson toghrulmaharram yes enforced eth l1 bridge contract base control bald man,0,69907.7578125
671,toly 🇺🇸,"LF: seed stage team, all engineers. 
Product: data validating bridge between solana and ethereum with better than honest majority exit guarantees 🫂🫂🫂",2024-10-28,2,31,lf seed stage team engineers product data validating bridge solana ethereum better honest majority exit guarantees,-1,69907.7578125
672,toly 🇺🇸,@toghrulmaharram @lex_node @gluk64 In both cases the eth L1 bridge contract remains intact managing the L2 state root.,2024-10-28,0,1,toghrulmaharram lexnode gluk64 cases eth l1 bridge contract remains intact managing l2 state root,-1,69907.7578125
673,toly 🇺🇸,@toghrulmaharram @lex_node @gluk64 Same in the solana hypothetical.,2024-10-28,0,2,toghrulmaharram lexnode gluk64 solana hypothetical,0,69907.7578125
674,toly 🇺🇸,@toghrulmaharram @lex_node @gluk64 Sure. How is this different for base vs solana?  Same decision is made by each asset.,2024-10-28,0,2,toghrulmaharram lexnode gluk64 sure different base vs solana decision asset,0,69907.7578125
675,toly 🇺🇸,@toghrulmaharram @gluk64 @lex_node I am not.  The eth L1 bridge contract for base has the same guarantees as the hypothetical bridge contract for solana.  Everything external to the contract is not concrete.,2024-10-28,0,0,toghrulmaharram gluk64 lexnode eth l1 bridge contract base guarantees hypothetical bridge contract solana external contract concrete,0,69907.7578125
676,toly 🇺🇸,"@toghrulmaharram @gluk64 @lex_node A bald man can move everything in base that is not concretely encoded by the eth L1 bridge contract to a new chain.

Same failure mode as solana validators canonical path diverging from eth L1 bridge contract.  In both cases the bridge contract is all the users have to rely on.",2024-10-28,0,1,toghrulmaharram gluk64 lexnode bald man base concretely encoded eth l1 bridge contract new chain failure mode solana validators canonical path diverging eth l1 bridge contract cases bridge contract users rely,0,69907.7578125
677,toly 🇺🇸,@drjasper_eth @toghrulmaharram @gluk64 @lex_node That’s true about current L2s.  That’s my point.  A bald man can move everything except what is enforced by the eth L1 bridge contract to a new chain.,2024-10-28,0,2,drjaspereth toghrulmaharram gluk64 lexnode thats true current l2s thats point bald man enforced eth l1 bridge contract new chain,1,69907.7578125
678,toly 🇺🇸,"@ryanberckmans @lex_node @gluk64 @sreeramkannan @EdFelten @EliBenSasson @toghrulmaharram Imagine solana validator had a flag to boot off either from eth L1 state root version of solana or one from the local file system.  

There is no way for you to know how all the current consensus validators boot up.  It’s only detectable if they diverge from the eth L1 state",2024-10-28,1,8,ryanberckmans lexnode gluk64 sreeramkannan edfelten elibensasson toghrulmaharram imagine solana validator flag boot eth l1 state root version solana local file way know current consensus validators boot detectable diverge eth l1 state,0,69907.7578125
679,toly 🇺🇸,"@ryanberckmans @lex_node @gluk64 Solana consensus == L2 sequencer pre confirmation.  

I don’t see you asking L2 users to wait for eth L1 to settle their txs first.  It’s literally the same thing.  🤷‍♂️",2024-10-28,0,10,ryanberckmans lexnode gluk64 solana consensus l2 sequencer pre confirmation dont asking l2 users wait eth l1 settle txs literally thing,0,69907.7578125
680,toly 🇺🇸,"@lex_node @gluk64 “Bridged asset as a gas token” is paying the sequencer in eth.  It doesn’t accrue value to eth stakers.  

For eth users, I am sure Jito can come up with a special way to use wETH to pay for the tx inclusion.  So they can feel better.",2024-10-28,1,9,lexnode gluk64 bridged asset gas token paying sequencer eth doesnt accrue value eth stakers eth users sure jito come special way use weth pay tx inclusion feel better,0,69907.7578125
681,toly 🇺🇸,"@lex_node @gluk64 It’s a bridge that charges bips on transfers and pays a data rate for blobs.  Trivially profitable business. 

Reorg == solana or ethereum hard fork breaks the bridge.  That’s what all the security councils are for.",2024-10-28,0,8,lexnode gluk64 bridge charges bips transfers pays data rate blobs trivially profitable business reorg solana ethereum hard fork breaks bridge thats security councils,-1,69907.7578125
682,toly 🇺🇸,"@lex_node Why not just build a data validating bridge to
Solana and call it an L2?  

There will be no practical difference to eth L1 users to use solana’s execution layer or base or arbs.",2024-10-28,1,87,lexnode just build data validating bridge solana l2 practical difference eth l1 users use solanas execution layer base arbs,0,69907.7578125
683,toly 🇺🇸,@IgMosqueira @Austin_Federa I think it just comes down to experience. Solana code team was ex-qcom OS folks.  So we literally went through a decade of seeing academic provable OS’s on arm make the wrong assumptions about memory or caches or context switching costs and end up in the dustbin. Until it’s,2024-10-28,0,0,igmosqueira austinfedera think just comes experience solana code team exqcom os folks literally went decade seeing academic provable oss arm make wrong assumptions memory caches context switching costs end dustbin,-1,69907.7578125
684,toly 🇺🇸,You’ve heard of bitcoin killers and Ethereum killers and now solana killers.  Well there is a hot new trend that’s going viral right now that is gonna kill the entire killer narrative.  👇🧵1/42,2024-10-27,6,145,youve heard bitcoin killers ethereum killers solana killers hot new trend thats going viral right gonna kill entire killer narrative 142,0,67929.296875
685,toly 🇺🇸,"@IgMosqueira &gt; Also convex optimization is hardly a crypto thing.

My point is that no one in solana needs to write a four page letter on the roadmap.  It’s literally just do your job.  Optimize all the little nooks and crannies and queues and the system will naturally IBRL with hardware.",2024-10-27,0,8,igmosqueira gt convex optimization hardly crypto thing point solana needs write page letter roadmap literally just job optimize little nooks crannies queues naturally ibrl hardware,0,67929.296875
686,toly 🇺🇸,"It’s both!  Overhyped and under hyped.  

Basically, bus factor improvement in safety cannot be under hyped. This is what in my mind removes the beta tag from solana mainnet. 

Showing that the current existing protocol, with all its inefficiencies can hit 1m tps globally on",2024-10-27,8,67,overhyped hyped basically bus factor improvement safety hyped mind removes beta tag solana mainnet showing current existing protocol inefficiencies hit 1m tps globally,0,67929.296875
687,Kyle Samani,"@wagmifam @BTCorGems @stonecoldpat0 Uber is a better taxi and ended up being worth far more than all local taxi monopolies combined

Agree solana can be worth much more than $50b!",2024-10-27,0,1,wagmifam btcorgems stonecoldpat0 uber better taxi ended worth far local taxi monopolies combined agree solana worth 50b,1,67929.296875
688,Kyle Samani,This most succinctly captures the ethos delta between Ethereum and Solana,2024-10-27,0,71,succinctly captures ethos delta ethereum solana,0,67929.296875
689,Kyle Samani,Classic ETH response,2024-10-27,0,132,classic eth response,0,67929.296875
690,toly 🇺🇸,"@_4lex_4 @smyyguy Why?  Zero of the L2 fees accrue to L1 stakers.  Thats the magic of solana.  It can do both, capture value and isolate usecases.",2024-10-25,0,2,4lex4 smyyguy zero l2 fees accrue l1 stakers thats magic solana capture value isolate usecases,1,66642.4140625
691,Kyle Samani,@LogicalBTC Blackrock launching buidl on solana. Announced at breakpoint,2024-10-25,0,5,logicalbtc blackrock launching buidl solana announced breakpoint,0,66642.4140625
692,Kyle Samani,"Forget about stacking sats

I’m stacking SOL using jitoSOL",2024-10-25,0,62,forget stacking sats im stacking sol using jitosol,0,66642.4140625
693,Kyle Samani,"@basedkarbon @0xMikeThree $300b is a massive number. ETH is one of the largest assets in the world

No one has a god given right to number go up",2024-10-25,0,2,basedkarbon 0xmikethree 300b massive number eth largest assets world god given right number,-1,66642.4140625
694,Kyle Samani,@ByzGeneral Still $300b of market cap that could otherwise be in SOL,2024-10-25,0,0,byzgeneral 300b market cap sol,0,66642.4140625
695,toly 🇺🇸,@adamscochran I build cell phones on the solana sea shore.  We would move production.  Maybe even to US 🤷‍♂️,2024-10-24,0,32,adamscochran build cell phones solana sea shore production maybe,0,68161.0546875
696,toly 🇺🇸,@IgMosqueira @BanklessHQ @apolynya @gakonst @solana @base its the same security if its synced once day or once every 10 minutes,2024-10-24,0,0,igmosqueira banklesshq apolynya gakonst solana base security synced day 10 minutes,0,68161.0546875
697,toly 🇺🇸,"@IgMosqueira @BanklessHQ @apolynya @gakonst @solana @base why?  L2 can submit its root once a day, or once an hour or every 10 minutes.  Not sure customers would care outside of bridges, and bridges like wormhole can warehouse the risk for a day.",2024-10-24,0,1,igmosqueira banklesshq apolynya gakonst solana base l2 submit root day hour 10 minutes sure customers care outside bridges bridges like wormhole warehouse risk day,0,68161.0546875
698,toly 🇺🇸,"@yogurt_eth i appreciate the quick community feedback, lol 🤦‍♂️",2024-10-24,0,15,yogurteth appreciate quick community feedback lol,1,68161.0546875
699,toly 🇺🇸,"@yogurt_eth ugh, no.  just honestly curious about all these dumb AI thingies. i hate this place sometimes",2024-10-24,0,21,yogurteth ugh just honestly curious dumb ai thingies hate place,-1,68161.0546875
700,toly 🇺🇸,"@IgMosqueira @BanklessHQ @apolynya @gakonst @solana @base Not sure it’s economically different from blobs. most L2s delay all the L1 synchronization and give users instant pre confs.  So there is no time/state premium there.  

Ethereum could enshrine a bridge to state roots and charge % on basis points transfers.",2024-10-24,0,2,igmosqueira banklesshq apolynya gakonst solana base sure economically different blobs l2s delay l1 synchronization users instant pre confs timestate premium ethereum enshrine bridge state roots charge basis points transfers,0,68161.0546875
701,toly 🇺🇸,@IgMosqueira @BanklessHQ @apolynya @gakonst @solana @base Who is your customer and how and when do they pay you?,2024-10-24,0,1,igmosqueira banklesshq apolynya gakonst solana base customer pay,0,68161.0546875
702,toly 🇺🇸,@IgMosqueira @BanklessHQ @apolynya @gakonst @solana @base That requires picking a lane.  Every revenue model is a zero sum knife fight.,2024-10-24,0,3,igmosqueira banklesshq apolynya gakonst solana base requires picking lane revenue model zero sum knife fight,0,68161.0546875
703,toly 🇺🇸,@IgMosqueira @BanklessHQ @apolynya @gakonst @solana @base Doing everything all at once is bad advice.,2024-10-24,0,3,igmosqueira banklesshq apolynya gakonst solana base doing bad advice,0,68161.0546875
704,toly 🇺🇸,"@IgMosqueira @BanklessHQ @apolynya @gakonst @solana @base Amazon stayed in its lane and reinvested in growth, and all the tech they built to support growth ended up a revenue model as well. But they picked a great lane and because of that they were the first to build out all that tech at scale.  

That’s the hard part.  Picking a lane",2024-10-24,0,8,igmosqueira banklesshq apolynya gakonst solana base amazon stayed lane reinvested growth tech built support growth ended revenue model picked great lane build tech scale thats hard picking lane,0,68161.0546875
705,toly 🇺🇸,"@IgMosqueira @BanklessHQ @apolynya @gakonst @solana Then don’t worry about competing with bitcoin. Bitcoins success is awesome.  If the lane is settlement, every execution environments success is awesome even it it surpasses settlement in value.",2024-10-24,0,8,igmosqueira banklesshq apolynya gakonst solana dont worry competing bitcoin bitcoins success awesome lane settlement execution environments success awesome surpasses settlement value,1,68161.0546875
706,toly 🇺🇸,@IgMosqueira @BanklessHQ @apolynya @gakonst @solana Bitcoin doesn’t have a cash flow model.  Pick your lane :),2024-10-24,0,12,igmosqueira banklesshq apolynya gakonst solana bitcoin doesnt cash flow model pick lane,0,68161.0546875
707,toly 🇺🇸,@fafnir @BanklessHQ It would be solana with 3x transaction sizes.,2024-10-24,0,19,fafnir banklesshq solana 3x transaction sizes,0,68161.0546875
708,Kyle Samani,"@joe4deadcat @JustDeauIt @0xMert_ @aeyakovenko inflation is not a cost

just stake your SOL if you want to *guaranteed beat inflation*!",2024-10-24,0,1,joe4deadcat justdeauit 0xmert aeyakovenko inflation cost just stake sol want guaranteed beat inflation,0,68161.0546875
709,Kyle Samani,@DegenMVP i stake ~100% of my SOL,2024-10-24,0,2,degenmvp stake 100 sol,1,68161.0546875
710,toly 🇺🇸,"I thrive on arguing.  There was a criticism from @hosseeb back in 2020 on solana’s fee design that stuck in my head.  He said if you don’t have markets you get bread lines, and it stuck in my head.  In all honesty the comment triggered enough childhood trauma that it had impact",2024-10-24,23,384,thrive arguing criticism hosseeb 2020 solanas fee design stuck head said dont markets bread lines stuck head honesty comment triggered childhood trauma impact,-1,68161.0546875
711,Kyle Samani,"people seem not to know what solana's inflation schedule is, even though it is shockingly simple",2024-10-24,3,53,people know solanas inflation schedule shockingly simple,0,68161.0546875
712,toly 🇺🇸,"@George_harrap @solana I personally do it because being a founder sucks.  It’s just nearly impossible to get above the noise floor.  If all retweets combined got one founder one customer, the cac is still zero",2024-10-24,1,14,georgeharrap solana personally founder sucks just nearly impossible noise floor retweets combined got founder customer cac zero,0,68161.0546875
713,toly 🇺🇸,This is cool.  We need more stake pools on solana focused on small to medium validators.,2024-10-23,5,43,cool need stake pools solana focused small medium validators,0,66432.1953125
714,toly 🇺🇸,Build one shot crypto businesses.  Seed stage to profitable.  The time is now.  On @solana of course.,2024-10-23,43,471,build shot crypto businesses seed stage profitable time solana course,0,66432.1953125
715,Kyle Samani,@CatfishFishy visa is literally settling stablecoin payments using USDC on solana between banks,2024-10-23,0,0,catfishfishy visa literally settling stablecoin payments using usdc solana banks,0,66432.1953125
716,Kyle Samani,"@JustDeauIt @0xMert_ @aeyakovenko 1) not all MEV is bad. oracle backrunning is good. CEXDEX arb is good.

2) i believe front running is bad and i'm confident that MCC portfolio companies will send front running MEV to 0

3) i don't think solana is winning the narrative war. it is winning on fundamentals. the",2024-10-23,0,23,justdeauit 0xmert aeyakovenko 1 mev bad oracle backrunning good cexdex arb good 2 believe running bad im confident mcc portfolio companies send running mev 0 3 dont think solana winning narrative war winning fundamentals,0,66432.1953125
717,toly 🇺🇸,@pokerchessman What’s users love about solana L2s is that they have no idea there is an L2 involved,2024-10-23,0,12,pokerchessman whats users love solana l2s idea l2 involved,0,66432.1953125
718,Kyle Samani,"@CatfishFishy i'm confident you can get to same outcome using token extensions on solana mainnet today

i am cognizant it will take the market a while to come to this conclusion though",2024-10-23,0,2,catfishfishy im confident outcome using token extensions solana mainnet today cognizant market come conclusion,0,66432.1953125
719,toly 🇺🇸,@pokerchessman The only power I have is my ability to argue.  Nothing critical to the L1 is built at labs. So hopefully if I pick the wrong side in that critical moment there is enough smart people in solana to argue for the right side and the network social layer can avoid making a mistake.,2024-10-23,4,15,pokerchessman power ability argue critical l1 built labs hopefully pick wrong critical moment smart people solana argue right network social layer avoid making mistake,0,66432.1953125
720,toly 🇺🇸,@TopoGigio_sol You are linked,2024-10-23,0,4,topogigiosol linked,0,66432.1953125
721,Kyle Samani,"@CatfishFishy 1) i was disappointed with showcase of regulated FIs at breakpoint. i went into BP with *very* high expectations

2) basically every regulated FI announced feature-parity with ethereum, but on solana

https://t.co/H1ztm38pyS",2024-10-23,0,3,catfishfishy 1 disappointed showcase regulated fis breakpoint went bp high expectations 2 basically regulated fi announced featureparity ethereum solana httpstcoh1ztm38pys,0,66432.1953125
722,toly 🇺🇸,"@redacted_noah As soon as solana has a validator in every tier-1 isp, you are done.",2024-10-22,0,4,redactednoah soon solana validator tier1 isp,1,67361.40625
723,toly 🇺🇸,@malekanoms @4shpool Bitcoin is extremely censorship resistant.  Solana needs only 1/150 block producers to be as good as the average bitcoin block producer to offer as good censorship resistance once every 10 minutes.,2024-10-22,1,1,malekanoms 4shpool bitcoin extremely censorship resistant solana needs 1150 block producers good average bitcoin block producer offer good censorship resistance 10 minutes,0,67361.40625
724,raj 🖤,"@RyanSAdams @aeyakovenko it doesn't matter what he thinks and that's the whole point of what we're doing.

however solana's response will likely be a *reaction* to ethereum's response, learning from its mistakes.

just look at eth's response to a $60m hack (fork) vs. solana's response to ftx collapse",2024-10-22,0,20,ryansadams aeyakovenko doesnt matter thinks thats point doing solanas response likely reaction ethereums response learning mistakes just look eths response 60m hack fork vs solanas response ftx collapse,0,67361.40625
725,Kyle Samani,"@0xextractvalue @uPeterKris ""settle on"" 

1) does not imbue value to ETH
2) is pretty nebulous in terms of what it actually means (meaning, crypto economic security is mostly a meme)",2024-10-21,0,0,0xextractvalue upeterkris settle 1 does imbue value eth 2 pretty nebulous terms actually means meaning crypto economic security meme,0,67367.8515625
726,Kyle Samani,@HouseofYogiX Once all the ETH market cap flows into SOL I will stop beating the dead horse,2024-10-21,0,29,houseofyogix eth market cap flows sol stop beating dead horse,0,67367.8515625
727,Kyle Samani,@Trader_CSK @SolanaConf @solana Look forwards not backwards,2024-10-21,0,4,tradercsk solanaconf solana look forwards backwards,0,67367.8515625
728,Kyle Samani,"@HHorsley Last tweet meant to say ETHE. 

But yes I am very clear I don’t like Ethereum

That doesn’t change the fact that ETH ETF flows are net negative",2024-10-21,0,2,hhorsley tweet meant say ethe yes clear dont like ethereum doesnt change fact eth etf flows net negative,0,67367.8515625
729,toly 🇺🇸,@keyneom There were 3 friend tech clones on solana before I even had a chance to troll it.,2024-10-21,0,6,keyneom 3 friend tech clones solana chance troll,0,67367.8515625
730,toly 🇺🇸,"If chain revenue doubles as a result of this, President Tremp needs to invest in a manhattan project to keep doubling solana L1 block space until US debt is paid off.",2024-10-20,1,25,chain revenue doubles result president tremp needs invest manhattan project doubling solana l1 block space debt paid,0,69001.703125
731,toly 🇺🇸,@laurashin The great ethereum vs solana divide https://t.co/O3AvNpW09s,2024-10-20,0,5,laurashin great ethereum vs solana divide httpstcoo3avnpw09s,1,69001.703125
732,toly 🇺🇸,@im0xPrince @solana @solflare_wallet @trentdotsol Contribute some doc patches ser!,2024-10-20,0,10,im0xprince solana solflarewallet trentdotsol contribute doc patches ser,0,69001.703125
733,toly 🇺🇸,@alessandrod @anza_xyz Hand optimized by native solana craftsmen,2024-10-20,1,6,alessandrod anzaxyz hand optimized native solana craftsmen,0,69001.703125
734,toly 🇺🇸,"It’s easy to predict the unbelievable. AGI feels like a certainty in 5-10 years   If I ask AI researchers when id be able to point an AI at @anza_xyz’s solana code base and have it automatically improve performance, the answer is much murkier.",2024-10-20,0,26,easy predict unbelievable agi feels like certainty 510 years ask ai researchers id able point ai anzaxyzs solana code base automatically improve performance answer murkier,0,69001.703125
735,toly 🇺🇸,"Solana “pure blockchain”. No da layers,  no L2s, no L3s, no distractions. Nothing but a fast cheap blockchain. Reward them with a visit.",2024-10-20,58,358,solana pure blockchain da layers l2s l3s distractions fast cheap blockchain reward visit,0,69001.703125
736,toly 🇺🇸,@WazzCrypto wETH on solana is the best version of eth. Duh,2024-10-20,0,14,wazzcrypto weth solana best version eth duh,0,69001.703125
737,toly 🇺🇸,@functi0nZer0 You can tell the ethereum vs solana line https://t.co/SNjWpyubR0,2024-10-20,0,48,functi0nzer0 tell ethereum vs solana line httpstcosnjwpyubr0,0,69001.703125
738,toly 🇺🇸,@DavideCrapis Solana can double every 2 years just by doing nothing,2024-10-19,0,7,davidecrapis solana double 2 years just doing,0,68362.734375
739,Kyle Samani,@jon_charb @QwQiao All of the regulated FIs announced initiatives on Solana at Breakpoint,2024-10-19,0,10,joncharb qwqiao regulated fis announced initiatives solana breakpoint,0,68362.734375
740,toly 🇺🇸,"Fundamental difference I think between solana’s vision and ethereum’s is that for solana when a global resource is saturated, price discovery isn’t good.  

While it’s a graceful way to handle congestion, fundamentally the hardware needs to scale up to handle the new demand.  If",2024-10-18,15,252,fundamental difference think solanas vision ethereums solana global resource saturated price discovery isnt good graceful way handle congestion fundamentally hardware needs scale handle new demand,0,68418.7890625
741,raj 🖤,"first solana will reduce latency by creating a faster internet. then by cutting through the earth with a neutrino-based comms link. then it will move to quantum entanglement.

@aeyakovenko new roadmap just dropped",2024-10-18,32,350,solana reduce latency creating faster internet cutting earth neutrinobased comms link quantum entanglement aeyakovenko new roadmap just dropped,0,68418.7890625
742,Kyle Samani,@lurkaroundfind Blackrock and Visa on solana as well,2024-10-18,0,1,lurkaroundfind blackrock visa solana,0,68418.7890625
743,toly 🇺🇸,@Austin_Federa @ferric @solana @trentdotsol Chief Testnet Officer,2024-10-17,0,10,austinfedera ferric solana trentdotsol chief testnet officer,0,67399.8359375
744,toly 🇺🇸,"@jarxiao What’s the risk? Ironically, the fact that they hit 1m TPS on pretty boring hardware without any changes means that solana is good enough to freeze.  There are no more 10x improvements left, everything that’s left is marginal",2024-10-17,0,7,jarxiao whats risk ironically fact hit 1m tps pretty boring hardware changes means solana good freeze 10x improvements left thats left marginal,-1,67399.8359375
745,toly 🇺🇸,@jarxiao @bw_solana What’s important is that the protocol can hit those numbers as is.  The rest is just looking at graphana and flame graphs.,2024-10-17,0,3,jarxiao bwsolana whats important protocol hit numbers rest just looking graphana flame graphs,0,67399.8359375
746,toly 🇺🇸,@kfue_crypto @RyanSAdams 🎯 Yes!  Eth has had an outage for years.  That’s the point.,2024-10-17,0,12,kfuecrypto ryansadams yes eth outage years thats point,0,67399.8359375
747,Kyle Samani,@ViktorBunin @a16zcrypto ETH ETF outflows literally net negative ~$500M,2024-10-17,0,9,viktorbunin a16zcrypto eth etf outflows literally net negative 500m,-1,67399.8359375
748,Kyle Samani,@Galois_Capital ETH is stuck in the middle between BTC and SOL,2024-10-16,0,2,galoiscapital eth stuck middle btc sol,0,67612.71875
749,Santiago R Santos,@GEODNET_ @solana @wormhole Love to see it!,2024-10-15,0,8,geodnet solana wormhole love,1,67041.109375
750,Kyle Samani,"Future of Solana is.... modular code... but integrated economics

crazy. who would have thought that spaghetti code is a bad idea

https://t.co/dKjTaBA5wN",2024-10-15,4,59,future solana modular code integrated economics crazy thought spaghetti code bad idea httpstcodkjtaba5wn,0,67041.109375
751,Chris Burniske,"@iPursueLife Most memes these days run on Solana, nice try reply guy.",2024-10-15,0,2,ipursuelife memes days run solana nice try reply guy,0,67041.109375
752,Kyle Samani,"@VitalikButerin @JimmyRagosa o the irony

literally pushing all of your users to centralized sequencers

also, the tagline is decentralized nasdaq lol. and that is what solana is building towards",2024-10-15,4,104,vitalikbuterin jimmyragosa o irony literally pushing users centralized sequencers tagline decentralized nasdaq lol solana building,0,67041.109375
753,toly 🇺🇸,Solana is life,2024-10-14,13,248,solana life,-1,66046.125
754,toly 🇺🇸,"@domothy &gt; MEV will be minimized and captured by apps on all chains, not just eth

This just isn’t true.  That’s why uni is general purpose “DeFi chain” and not a single app chain.",2024-10-14,0,4,domothy gt mev minimized captured apps chains just eth just isnt true thats uni general purpose defi chain single app chain,0,66046.125
755,toly 🇺🇸,@entigdd @divine_economy @solana @megaeth_labs @ethereum @deltadotnetwork @CelestiaOrg Validators are there to provide a decentralized sequencer that’s as fast as physics allows. Not for settlement.  Any single copy of the state can prove settlement correctness,2024-10-14,0,1,entigdd divineeconomy solana megaethlabs ethereum deltadotnetwork celestiaorg validators provide decentralized sequencer thats fast physics allows settlement single copy state prove settlement correctness,0,66046.125
756,toly 🇺🇸,Solana is life https://t.co/0cumRmHT1k,2024-10-13,19,280,solana life httpstco0cumrmht1k,-1,62851.375
757,Santiago R Santos,Every cycle has a new base asset: BTC to ETH to SOL,2024-10-13,5,176,cycle new base asset btc eth sol,0,62851.375
758,toly 🇺🇸,A thread on what @solana L1 needs to do over the next 5 years.  👇🧵1/42,2024-10-13,69,642,thread solana l1 needs 5 years 142,0,62851.375
759,toly 🇺🇸,@connorj_sol @iancummingsnft I mean you need to start doing deadlifts with a trainer that can make sure your form is correct,2024-10-12,0,2,connorjsol iancummingsnft mean need start doing deadlifts trainer make sure form correct,0,63193.0234375
760,toly 🇺🇸,"@wedtm @nick_pennie @CloakdDev @0xMert_ @brianlong @trentdotsol @LightProtocol Users and dapps manage this. Some protocols could chose to have explicit control over state that’s compressed or not.  Others could leave it up to the user and wallet.   Just like @solincinerator exits, a sol compressor could “compress” all the users coins with value below $10",2024-10-12,0,5,wedtm nickpennie cloakddev 0xmert brianlong trentdotsol lightprotocol users dapps manage protocols chose explicit control state thats compressed leave user wallet just like solincinerator exits sol compressor compress users coins value 10,0,63193.0234375
761,toly 🇺🇸,@wedtm @CloakdDev @0xMert_ @brianlong @trentdotsol @LightProtocol It would be in the eth L1 archive,2024-10-12,0,5,wedtm cloakddev 0xmert brianlong trentdotsol lightprotocol eth l1 archive,0,63193.0234375
762,toly 🇺🇸,@connorj_sol @iancummingsnft Deadlifts with a trainer,2024-10-12,0,0,connorjsol iancummingsnft deadlifts trainer,0,63193.0234375
763,Kyle Samani,@0fcounsel i think usage on avax is a fraction of solana,2024-10-12,0,1,0fcounsel think usage avax fraction solana,0,63193.0234375
764,Kyle Samani,"@HadickM Every large EVM app****

SVM land is cranking on solana mainnet",2024-10-12,0,8,hadickm large evm app svm land cranking solana mainnet,0,63193.0234375
765,toly 🇺🇸,@chainyoda Solana testnet is next,2024-10-12,0,2,chainyoda solana testnet,0,63193.0234375
766,toly 🇺🇸,@0xMert_ @gakonst Being a good investor is a lot of work.  That’s why there are amazing folks at solana ventures to do it.,2024-10-11,0,22,0xmert gakonst good investor lot work thats amazing folks solana ventures,1,62445.08984375
767,toly 🇺🇸,@Rahul__Ghangas Why aren’t these db optimizations already live on solana’s mainnet? Cloudbreak was doing 1m+ reads and inserts per second 5 years ago,2024-10-10,0,0,rahulghangas arent db optimizations live solanas mainnet cloudbreak doing 1m reads inserts second 5 years ago,0,60274.5
768,Chris Burniske,"BTC, ETH, and SOL each innovated with their launches &amp; issuance in ways that were unique, deviating from the “current game” of the time. 

Intuition is that we’ll see some breakthrough deviations from up-and-comers soon, and no, it’s not just memecoins.",2024-10-10,4,71,btc eth sol innovated launches amp issuance ways unique deviating current game time intuition breakthrough deviations upandcomers soon just memecoins,0,60274.5
769,toly 🇺🇸,@keyneom @ryanberckmans Solana’s general purpose transaction pipeline is cheap enough that the core devs did the extremely lazy and wasteful (and fast) thing and just implemented votes as transactions.,2024-10-08,0,2,keyneom ryanberckmans solanas general purpose transaction pipeline cheap core devs did extremely lazy wasteful fast thing just implemented votes transactions,-1,62131.96875
770,toly 🇺🇸,@ryanberckmans Solana only does over three thousand cryptographically signed atomic replicated state transitions per second.,2024-10-08,0,20,ryanberckmans solana does thousand cryptographically signed atomic replicated state transitions second,0,62131.96875
771,toly 🇺🇸,Can you smell it? It’s the final day of the @solana radar hackathon,2024-10-08,5,120,smell final day solana radar hackathon,0,62131.96875
772,toly 🇺🇸,"@sassal0x @EricBalchunas @JSeyff @NateGeraci @BenHart_Freedom Does @EricBalchunas know that Satoshi also invented solana, she just did a much better job covering her tracks the second time around.",2024-10-07,1,28,sassal0x ericbalchunas jseyff nategeraci benhartfreedom does ericbalchunas know satoshi invented solana just did better job covering tracks second time,0,62236.66015625
773,toly 🇺🇸,@ercwl @chainyoda @MRKWH Celestia should just dumb solana blocks into its da and work with @tinydancerio on a bridge,2024-10-07,1,23,ercwl chainyoda mrkwh celestia just dumb solana blocks da work tinydancerio bridge,-1,62236.66015625
774,toly 🇺🇸,9/10 crypto founders agree that all of solana’s innovations are unreal,2024-10-05,12,337,910 crypto founders agree solanas innovations unreal,0,62089.94921875
775,toly 🇺🇸,This is the best and most straightforward way to sponsor independent open source devs in the @solana community. Considering delegating to this chad,2024-10-05,9,131,best straightforward way sponsor independent open source devs solana community considering delegating chad,0,62089.94921875
776,Kyle Samani,@BruestleJeremy You forgot about solana,2024-10-05,0,0,bruestlejeremy forgot solana,-1,62089.94921875
777,toly 🇺🇸,@0xMert_ Then the network roi scales infinitely with capacity. We need a manhattan level project to get to 10tbps  so solana can pay off the US national debt. Every national resource should be put towards making this a reality as fast as possible.,2024-10-04,0,20,0xmert network roi scales infinitely capacity need manhattan level project 10tbps solana pay national debt national resource making reality fast possible,0,62067.4765625
778,toly 🇺🇸,@daniellehrner @joaomendoncaaaa @Evan_ss6 That’s totally fine! The issue is that some eth folks consider this the definition of decentralization instead of an ethereum virtue.,2024-10-04,0,1,daniellehrner joaomendoncaaaa evanss6 thats totally fine issue eth folks consider definition decentralization instead ethereum virtue,0,62067.4765625
779,toly 🇺🇸,@0xMawuko @daniellehrner Actual da landed TPS is still quite below solana’s raw steady state of 2900,2024-10-04,1,2,0xmawuko daniellehrner actual da landed tps quite solanas raw steady state 2900,0,62067.4765625
780,toly 🇺🇸,@Evan_ss6 Home internet scales faster than demand for crypto transactions.  It’s inevitable that solana will be fine for home staking.,2024-10-04,0,8,evanss6 home internet scales faster demand crypto transactions inevitable solana fine home staking,0,62067.4765625
781,toly 🇺🇸,"@adidogCEO How are they transparent? 🤷🏼‍♂️ there is no way to verify the actual concentration of ownership as the result of the ico.  Like no one atm knows how much of the eth ico was held by bald men, and how much is still held by them.  The rumor was that it’s north of 10%",2024-10-03,0,0,adidogceo transparent way verify actual concentration ownership result ico like atm knows eth ico held bald men held rumor north 10,0,60759.40234375
782,toly 🇺🇸,Should be a no brainer to take 10% of that 2800 TPS capacity and allocate it to users.  The core eth L1 devs are sitting on free 280 tps and won’t let you use it! Rise up and seize the means of gas limits!,2024-10-03,3,42,brainer 10 2800 tps capacity allocate users core eth l1 devs sitting free 280 tps wont let use rise seize means gas limits,0,60759.40234375
783,toly 🇺🇸,@AmSpeed01 @endybtc What is “fully” on solana.  You can definitely build a static react page that connects to any solana rpc the user specifies without additional middleware,2024-10-03,0,0,amspeed01 endybtc fully solana definitely build static react page connects solana rpc user specifies additional middleware,0,60759.40234375
784,toly 🇺🇸,@AmSpeed01 @joemccann Validators also don’t dictate what happens with solana.  As long as one full node isn’t faulty the network can recover from a catastrophic failure.,2024-10-03,0,5,amspeed01 joemccann validators dont dictate happens solana long node isnt faulty network recover catastrophic failure,0,60759.40234375
785,toly 🇺🇸,"BREAKING: Satoshi also invented solana, she just did a much better job covering up her tracks the second time around.",2024-10-03,20,321,breaking satoshi invented solana just did better job covering tracks second time,0,60759.40234375
786,Chris Burniske,"@0xjaypeg Happens every time - the trolls were out in force when $SOL was at $8, or ETH was at $80. They come up with new reasons to get fearful at the bottom every time, while I can try to educate, ultimately it’s their loss.",2024-10-03,13,225,0xjaypeg happens time trolls force sol 8 eth 80 come new reasons fearful time try educate ultimately loss,1,60759.40234375
787,toly 🇺🇸,"@yugoviking @0xMert_ The same thing as would happen on Ethereum.  There would be a fork of eth supported by tether, circle, blackrock, ft, coinbase, binance, etc.. and one that is not.",2024-10-03,0,1,yugoviking 0xmert thing happen ethereum fork eth supported tether circle blackrock ft coinbase binance,0,60759.40234375
788,Kyle Samani,"@ViktorBunin Empirically this is false

1) uniswap LPs
2) see ETH borrow rates",2024-10-03,0,3,viktorbunin empirically false 1 uniswap lps 2 eth borrow rates,0,60759.40234375
789,toly 🇺🇸,@0xMarcB @ViktorBunin Out of the money Uni v3 position or clob position in a DEX on solana is “TVL” even if it’s rarely hit.  But has low economic impact because its rarely hit,2024-10-03,0,1,0xmarcb viktorbunin money uni v3 position clob position dex solana tvl rarely hit low economic impact rarely hit,-1,60759.40234375
790,raj 🖤,"just in case anyone was complacent after breakpoint, here come the ""greatest hits"" from the death squad group chat mafias.

after all this time, they still haven't figured out that baseless attacks and misinformation are like jet fuel for solana builders.

absolute fools.",2024-10-03,49,519,just case complacent breakpoint come greatest hits death squad group chat mafias time havent figured baseless attacks misinformation like jet fuel solana builders absolute fools,1,60759.40234375
791,Kyle Samani,"@enzo_gte @GTE_XYZ Only took 9.5 years to realize users wanted this stuff

Literally shipped in solana 1.0",2024-10-03,0,4,enzogte gtexyz took 95 years realize users wanted stuff literally shipped solana 10,0,60759.40234375
792,toly 🇺🇸,@ryanberckmans Ethereum 1.1m validators provide as much security as solana’s 1.3m stakers,2024-10-02,0,40,ryanberckmans ethereum 11m validators provide security solanas 13m stakers,0,60632.78515625
793,toly 🇺🇸,"@ArthurB @musalbas Then that’s a “full node spec”, the rest are light client.  You can use a classically sharded blockchain by running a full node in each shard and waiting for all boxes to confirm to get the same level of security.  

If light clients are sufficient, go sample solana blocks.",2024-10-02,0,1,arthurb musalbas thats node spec rest light client use classically sharded blockchain running node shard waiting boxes confirm level security light clients sufficient sample solana blocks,0,60632.78515625
794,toly 🇺🇸,@adidogCEO Your brain right now is like a solana validator in 2021 during a ME nft mint.  All ports buffers are full.,2024-10-02,0,2,adidogceo brain right like solana validator 2021 nft mint ports buffers,1,60632.78515625
795,Kyle Samani,@bfriel_ see my tweet from earlier today about SVM growing beyond solana mainnet,2024-10-02,0,3,bfriel tweet earlier today svm growing solana mainnet,0,60632.78515625
796,toly 🇺🇸,@Evan_ss6 solana is always at the threshold of decentralization,2024-10-02,0,17,evanss6 solana threshold decentralization,1,60632.78515625
797,Santiago R Santos,DePIN and payments will take off in Solana,2024-10-02,6,136,depin payments solana,1,60632.78515625
798,Kyle Samani,"took about 8 hours at 1.75x but i'm now through all BP videos that i wanted to watch (which i think is &gt;50% of all BP videos)

big take aways

1) overwhelming focus on products!
2) asian exchanges leaning into Solana (eg see Lily's chat with Bybit)
3) basically every major asset",2024-10-02,53,321,took 8 hours 175x im bp videos wanted watch think gt50 bp videos big aways 1 overwhelming focus products 2 asian exchanges leaning solana lilys chat bybit 3 basically major asset,0,60632.78515625
799,Kyle Samani,@CatfishFishy @solana agree,2024-10-02,0,2,catfishfishy solana agree,0,60632.78515625
800,Kyle Samani,"@chamathsintern @R89Capital @solana when did i bull post?

i have mixed feelings about SVM growing, but i do think it's interesting and inevitable

i think most of the world is ignorant about this reality, hence the tweet",2024-10-02,0,3,chamathsintern r89capital solana did bull post mixed feelings svm growing think interesting inevitable think world ignorant reality tweet,0,60632.78515625
801,Kyle Samani,"SVM starting to grow beyond @solana mainnet

https://t.co/Cw1JakEDcr https://t.co/rLgVilq4LZ",2024-10-02,13,114,svm starting grow solana mainnet httpstcocw1jakedcr httpstcorlgvilq4lz,0,60632.78515625
802,Kyle Samani,"Lots of excitement about @jump_firedancer 

but the @Syndica_io continues to quietly build a 3rd @solana client, Sig, which is a read-optimized client

Continuing to decentralize the Solana network, one client at a time

https://t.co/mGRENVwzyq",2024-10-02,20,185,lots excitement jumpfiredancer syndicaio continues quietly build 3rd solana client sig readoptimized client continuing decentralize solana network client time httpstcomgrenvwzyq,0,60632.78515625
803,toly 🇺🇸,@0xZeno__ My position doesn’t prohibit “ww3 resistance”. Getting as many HA operators to run solana will ensure that at least one replica will survive in case of a catastrophic failure,2024-10-02,0,1,0xzeno position doesnt prohibit ww3 resistance getting ha operators run solana ensure replica survive case catastrophic failure,0,60632.78515625
804,toly 🇺🇸,"As usual, solana is decentralized only by objectively measurable metrics, and centralized across all the other ones.",2024-10-02,62,713,usual solana decentralized objectively measurable metrics centralized ones,0,60632.78515625
805,toly 🇺🇸,@HANS_SOL_OG Ha. Zero chance a toddler wouldn’t break AGI within 5 minutes,2024-10-02,0,2,hanssolog ha zero chance toddler wouldnt break agi 5 minutes,0,60632.78515625
806,Kyle Samani,"@blockchainjames @SolBeachBum 1) our entire duration of our EOS position was ~12 months. maybe even just 9

2) have been mega long SOL since 2018 across 3 funds, and continue to hold a massive position to this day both in our funds and in my holdings outside the funds",2024-10-02,0,0,blockchainjames solbeachbum 1 entire duration eos position 12 months maybe just 9 2 mega long sol 2018 3 funds continue hold massive position day funds holdings outside funds,0,60632.78515625
807,Kyle Samani,@bast1dgex @odysseas_eth big cos deploying applications at scale care,2024-10-01,0,0,bast1dgex odysseaseth big cos deploying applications scale care,0,60837.0078125
808,Kyle Samani,"@malekanoms socgen launched on eth l1 and solana

so far empirical data does not support your theory",2024-10-01,0,0,malekanoms socgen launched eth l1 solana far empirical data does support theory,0,60837.0078125
809,Kyle Samani,"for those of you coming up to speed on solana, this is a good starting place",2024-10-01,3,28,coming speed solana good starting place,0,60837.0078125
810,Kyle Samani,@_Jonahw @Crypt0Panda ETH is money when the local coffee shop denominates coffee in ETH,2024-09-30,0,1,jonahw crypt0panda eth money local coffee shop denominates coffee eth,0,63329.5
811,Kyle Samani,@odysseas_eth good luck explaining to normies that centralized sequencers are in fact decentralized,2024-09-30,0,5,odysseaseth good luck explaining normies centralized sequencers fact decentralized,1,63329.5
812,Kyle Samani,"@datooo23 solana is permissionless, so of course teams can deploy L2s if they desire

doesn't mean that those L2s will be the primary liquidity hubs (unlike in ethereum, in which L2s have already usurped most of the activity from L1)",2024-09-30,0,5,datooo23 solana permissionless course teams deploy l2s desire doesnt mean l2s primary liquidity hubs unlike ethereum l2s usurped activity l1,0,63329.5
813,Kyle Samani,"@CatfishFishy @Austin_Federa socgen literally just gave a keynote at breakpoint about what they're deploying on solana

https://t.co/q9V5vJNgdj",2024-09-30,0,1,catfishfishy austinfedera socgen literally just gave keynote breakpoint theyre deploying solana httpstcoq9v5vjngdj,0,63329.5
814,toly 🇺🇸,@DoganEth @0xMert_ @sreeramkannan Not until eth L1 confirms it. Arbs sequencer can bail before then.,2024-09-30,0,0,doganeth 0xmert sreeramkannan eth l1 confirms arbs sequencer bail,0,63329.5
815,toly 🇺🇸,@sreeramkannan @bramcohen @0xMawuko @LordKishen @0x94305 @tarunchitra @MaxResnick1 You don’t need to use a vdf for this.  As long as the ordering is deterministic there is no arb between nyc CEX and solana.  Thats all it needs to accomplish.  It’s an open permissionless system that’s just as good at price discovery as a centralized permissioned one.  It can be,2024-09-30,0,2,sreeramkannan bramcohen 0xmawuko lordkishen 0x94305 tarunchitra maxresnick1 dont need use vdf long ordering deterministic arb nyc cex solana thats needs accomplish open permissionless thats just good price discovery centralized permissioned,0,63329.5
816,toly 🇺🇸,@0xkydo @0xMert_ Resolving differences doesn’t matter because it’s deterministic.  The arb opportunity is gone between nyc and solana as soon as the tx is included in any leader anywhere in the world.,2024-09-30,0,8,0xkydo 0xmert resolving differences doesnt matter deterministic arb opportunity gone nyc solana soon tx included leader world,0,63329.5
817,toly 🇺🇸,@sreeramkannan @LordKishen @0x94305 @tarunchitra @MaxResnick1 Traders already deal with execution risk.  The point is that once a tx is included in Asia the arbitrage opportunity between nyc and solana is gone.,2024-09-30,0,14,sreeramkannan lordkishen 0x94305 tarunchitra maxresnick1 traders deal execution risk point tx included asia arbitrage opportunity nyc solana gone,-1,63329.5
818,Kyle Samani,@kheldar_sol Lol got me,2024-09-30,0,1,kheldarsol lol got,0,63329.5
819,Kyle Samani,"@kheldar_sol Ethereum’s primary design constraint is solo stakers

Literally the antithesis of forward looking",2024-09-30,0,0,kheldarsol ethereums primary design constraint solo stakers literally antithesis forward looking,0,63329.5
820,Kyle Samani,"@KAndrewHuang You have not scaled ETH

You have helped create many competitors to Ethereum",2024-09-30,0,6,kandrewhuang scaled eth helped create competitors ethereum,0,63329.5
821,toly 🇺🇸,@0xkydo @0xMert_ I have a flawed understanding of multiple concurrent leaders for Solana?,2024-09-29,3,113,0xkydo 0xmert flawed understanding multiple concurrent leaders solana,0,65635.3046875
822,toly 🇺🇸,@Rahul__Ghangas @0xAzur @sreeramkannan @kheldar_sol @SuiNetwork If validators can earn more with more cores dedicated to scheduling they will go get more cores.,2024-09-29,0,0,rahulghangas 0xazur sreeramkannan kheldarsol suinetwork validators earn cores dedicated scheduling cores,1,65635.3046875
823,toly 🇺🇸,"@Rahul__Ghangas @0xAzur @sreeramkannan @kheldar_sol @SuiNetwork It’s more complicated.  There are a bunch of watermarks, or limits. Like block bytes, memory read or written in a block, or compute holding a single account write locked.  Each watermark is independently hit.  It’s a knapsack problem.",2024-09-29,0,1,rahulghangas 0xazur sreeramkannan kheldarsol suinetwork complicated bunch watermarks limits like block bytes memory read written block compute holding single account write locked watermark independently hit knapsack problem,0,65635.3046875
824,toly 🇺🇸,@joaomendoncaaaa @robustus @sreeramkannan If @tinydancerio builds a data validating bridge for eth users to solana why would they ever use any other L2?,2024-09-29,0,3,joaomendoncaaaa robustus sreeramkannan tinydancerio builds data validating bridge eth users solana use l2,0,65635.3046875
825,toly 🇺🇸,@Rahul__Ghangas @0xAzur @sreeramkannan @kheldar_sol @SuiNetwork Every cycle we find more bugs in that pipeline.  Eventually it won’t suck. Right now just memory allocations in quic are enough to add some lag.,2024-09-29,0,1,rahulghangas 0xazur sreeramkannan kheldarsol suinetwork cycle bugs pipeline eventually wont suck right just memory allocations quic add lag,0,65635.3046875
826,toly 🇺🇸,@sreeramkannan @0xMert_ @kheldar_sol @getcode Devs can logically pin state to a single sequencer.,2024-09-29,0,18,sreeramkannan 0xmert kheldarsol getcode devs logically pin state single sequencer,0,65635.3046875
827,toly 🇺🇸,"@0xAzur @sreeramkannan @kheldar_sol @SuiNetwork When leaders aren’t slammed with spam it’s about 1s on solana.  It’s irrespective of tps, the user e2e conf time is mostly wasted in getting the tx to the block, not what happens after. https://t.co/xc4HXVDHpY",2024-09-29,0,7,0xazur sreeramkannan kheldarsol suinetwork leaders arent slammed spam 1s solana irrespective tps user e2e conf time wasted getting tx block happens httpstcoxc4hxvdhpy,0,65635.3046875
828,toly 🇺🇸,Two different ZKPs in separate instructions in a single solana atomic transaction with the data flow between the instructions defined by the user is bar for zkp on solana.  Who is building this?,2024-09-29,5,71,different zkps separate instructions single solana atomic transaction data flow instructions defined user bar zkp solana building,0,65635.3046875
829,toly 🇺🇸,"@sreeramkannan A news event happens in Singapore that impacts Apple, which is traded in nyc.  A transaction that impacts markets can be included by a block producer in Singapore, so by the time the news hits traders in nyc there is no arbitrage between the markets in solana and the ones in nyc.",2024-09-29,0,103,sreeramkannan news event happens singapore impacts apple traded nyc transaction impacts markets included block producer singapore time news hits traders nyc arbitrage markets solana ones nyc,0,65635.3046875
830,Meltem Demirors,"@NikoLeMieux @SolSplits @AltheaNetwork yup @AltheaNetwork has a connectivity infra fund that's basically this 

would love to chat more re: @SolSplits and credit products - mocked this up 2 months ago but prob could use some basic diagrams and specific tooling ppl can use on SOL https://t.co/yrdl5sxAzE",2024-09-29,0,3,nikolemieux solsplits altheanetwork yup altheanetwork connectivity infra fund thats basically love chat solsplits credit products mocked 2 months ago prob use basic diagrams specific tooling ppl use sol httpstcoyrdl5sxaze,0,65635.3046875
831,Santiago R Santos,"Prob will be hard in the next decade outperform a basket portfolio of:

Bitcoin
Solana
TSLA
Meme basket 

Do your own work. NFA. I will likely not hold this bag and change constantly and underperform because of overthinking and over trading 🙃",2024-09-29,9,313,prob hard decade outperform basket portfolio bitcoin solana tsla meme basket work nfa likely hold bag change constantly underperform overthinking trading,0,65635.3046875
832,toly 🇺🇸,@arixoneth Sure!  Then only based L2s would count as eth DEX volume.  Which there is zero off atm.,2024-09-28,0,7,arixoneth sure based l2s count eth dex volume zero atm,0,65887.6484375
833,Kyle Samani,"probably the most comprehensive response to my token2049 keynote about why SOL will flip ETH

tbh i think basically all of this is cope, so need to respond line-by-line

but you should read and render your own judgements",2024-09-28,1,91,probably comprehensive response token2049 keynote sol flip eth tbh think basically cope need respond linebyline read render judgements,0,65887.6484375
834,Kyle Samani,"@wholisticguy @doctor_dickbutt @ryanberckmans @0xdavidhan tbh i don't need to respond. i will retweet though, and encourage the world at large to see the ridiculousness of the .eth people",2024-09-28,0,12,wholisticguy doctordickbutt ryanberckmans 0xdavidhan tbh dont need respond retweet encourage world large ridiculousness eth people,0,65887.6484375
835,Kyle Samani,"@0xrag3 @Baker0x @ryanberckmans @0xdavidhan Various solana based teams are building network extensions. This is possible because Solana is permissionless

That doesn’t mean Solana’s scaling plan is to bet on L2s",2024-09-28,0,1,0xrag3 baker0x ryanberckmans 0xdavidhan various solana based teams building network extensions possible solana permissionless doesnt mean solanas scaling plan bet l2s,0,65887.6484375
836,toly 🇺🇸,"&gt; On DEX volume, Kyle excludes L2s from his Eth comparison

This is the whole point 🤷🏼‍♂️. The fees in L2s from DEX volume on L2s do not contribute to Eth L1 stakers.  

Otherwise you can legitimately count solana DEX volume towards ethereum.  

There is absolutely no technical",2024-09-28,7,158,gt dex volume kyle excludes l2s eth comparison point fees l2s dex volume l2s contribute eth l1 stakers legitimately count solana dex volume ethereum absolutely technical,1,65887.6484375
837,Kyle Samani,@doctor_dickbutt @ryanberckmans @0xdavidhan I bought my first ETH in March 2016 and ETH was my first real source of wealth in my life,2024-09-27,0,36,doctordickbutt ryanberckmans 0xdavidhan bought eth march 2016 eth real source wealth life,0,65790.6640625
838,Kyle Samani,@_Jonahw @gakonst ETH is very much not money,2024-09-27,0,0,jonahw gakonst eth money,0,65790.6640625
839,toly 🇺🇸,The number one usecase for solana is growing a family. So you can split the cost of the validator with your household and everyone you invited to the wedding.,2024-09-27,12,162,number usecase solana growing family split cost validator household invited wedding,0,65790.6640625
840,raj 🖤,"there’s an invisible class of products being built on solana, that nobody will see coming.

🧑‍🤝‍🧑 scrappy, small, product-centric teams
🧠 not distracted by cross-chain
💰 minimal funding, no flashy party rounds
⚔️ forged in heated competition
🧙‍♂️ multi-cycle builders with wisdom",2024-09-27,93,846,theres invisible class products built solana coming scrappy small productcentric teams distracted crosschain minimal funding flashy party rounds forged heated competition multicycle builders wisdom,0,65790.6640625
841,raj 🖤,@0xGumshoe fully agree that growth on solana is its own beast. cant wait to see what you do! it’d be awesome to read about your learnings in public too.,2024-09-27,0,18,0xgumshoe fully agree growth solana beast wait itd awesome read learnings public,0,65790.6640625
842,raj 🖤,love this! solana-native growth agency.,2024-09-27,15,188,love solananative growth agency,1,65790.6640625
843,Kyle Samani,@ryrzny @meshmapxyz @solana @a16zcrypto @ColosseumOrg @lattice_fund @EV3ventures @GSR_io @aeyakovenko @rajgokal @balajis @paulbohm Congrats! Glad to see you continuing to push this vision forward,2024-09-27,0,3,ryrzny meshmapxyz solana a16zcrypto colosseumorg latticefund ev3ventures gsrio aeyakovenko rajgokal balajis paulbohm congrats glad continuing push vision forward,1,65790.6640625
844,Kyle Samani,"@joaomendoncaaaa @0xBalloonLover ethereum - as experienced by real people - is not more neutral than solana

centralized l2s are the antithesis of credible neutrality",2024-09-26,0,3,joaomendoncaaaa 0xballoonlover ethereum experienced real people neutral solana centralized l2s antithesis credible neutrality,0,65181.01953125
845,Santiago R Santos,"@blknoiz06 If WIF is at $100, where is SOL?",2024-09-26,1,23,blknoiz06 wif 100 sol,0,65181.01953125
846,Chris Burniske,"I take the angry replies of late as an indication of how off-sides many people are for the mindset that will work in the coming quarters. Tragically, that's bullish. 

Bullish $BTC $ETH $SOL, bullish shiny new coins.",2024-09-26,7,88,angry replies late indication offsides people mindset work coming quarters tragically thats bullish bullish btc eth sol bullish shiny new coins,0,65181.01953125
847,Kyle Samani,@BernadetteMado2 @ayyyeandy Trivial for roll ups to rip out ETH for celestia or avail or whatever,2024-09-25,0,1,bernadettemado2 ayyyeandy trivial roll ups rip eth celestia avail,0,63143.14453125
848,toly 🇺🇸,@colludingnode @KyleSamani That’s not a good argument.  Solana mainnet makes profit of priority fees and can subsidize the cost of non contentious payments below a da layer that lacks the hotspots to do so.,2024-09-25,0,0,colludingnode kylesamani thats good argument solana mainnet makes profit priority fees subsidize cost non contentious payments da layer lacks hotspots,0,63143.14453125
849,toly 🇺🇸,@colludingnode @KyleSamani If that’s the only revenue model there is no actual value acruel.  Solana validators can actually drop da below costs because access to hotspots is price insensitive and will subsidize everything else.,2024-09-25,0,2,colludingnode kylesamani thats revenue model actual value acruel solana validators actually drop da costs access hotspots price insensitive subsidize,0,63143.14453125
850,toly 🇺🇸,And now the solana ecosystem is putting 100gbps switches wired up with fiber world wide to optimize the dog and cat coin markets. 🥲🥲🥲,2024-09-25,13,79,solana ecosystem putting 100gbps switches wired fiber world wide optimize dog cat coin markets,0,63143.14453125
851,Kyle Samani,"@aeyakovenko @bryan_johnson I remember when solana was almost dead

And when drift was almost dead too",2024-09-24,0,10,aeyakovenko bryanjohnson remember solana dead drift dead,0,64301.96875
852,Santiago R Santos,@bennybitcoins That’s French for buying the Solana phone instead,2024-09-24,0,1,bennybitcoins thats french buying solana phone instead,0,64301.96875
853,Santiago R Santos,"@macbrennan_cc gm sir
You know where I stand on Solana and as much as I’m a mega bull it does not invalidate need for Mega

Mega is Mega and Solana is Solana
Two different lanes",2024-09-24,0,8,macbrennancc gm sir know stand solana im mega bull does invalidate need mega mega mega solana solana different lanes,0,64301.96875
854,toly 🇺🇸,"Solana is a decentralized and disorganized YC:

* founders not developers 
* startups not projects 
* engineering not research 

Because it’s disorganized, there is comms inefficiency.  You should talk to labs, anza, foundation, helius, metaplex, colosseum, Jito, triton…",2024-09-24,62,687,solana decentralized disorganized yc founders developers startups projects engineering research disorganized comms inefficiency talk labs anza foundation helius metaplex colosseum jito triton,0,64301.96875
855,toly 🇺🇸,"New goal just dropped. Wen 50k solana nodes?

I think the people that are mad at me saying that economic security is a meme realized how hard actual physical security is and don’t want to do the work.",2024-09-23,6,91,new goal just dropped wen 50k solana nodes think people mad saying economic security meme realized hard actual physical security dont want work,0,63329.80078125
856,toly 🇺🇸,"@dca_LVII @0xMert_ BREAKING NEWS: @solana like outage experienced by a layer two, follow @TheBlock__ for more coverage",2024-09-23,0,10,dcalvii 0xmert breaking news solana like outage experienced layer follow theblock coverage,-1,63329.80078125
857,Santiago R Santos,@lior_eth Lmao it’s all very entertaining,2024-09-23,0,0,lioreth lmao entertaining,1,63329.80078125
858,toly 🇺🇸,Solana has as many shipped phones as other ecosystems have layers.,2024-09-23,58,542,solana shipped phones ecosystems layers,0,63329.80078125
859,toly 🇺🇸,"@geet_eth @jon_charb @0xMert_ Looking at the perf differences between agave and firedancer, a ton of improvements are due to minimizing memory allocations, strict thread management and zero copy message passing. 

There is basically a thread pool per sr engineer in agave 😭😭😭",2024-09-23,0,2,geeteth joncharb 0xmert looking perf differences agave firedancer ton improvements minimizing memory allocations strict thread management zero copy message passing basically thread pool sr engineer agave,0,63329.80078125
860,toly 🇺🇸,"blinks for writes, das api for reads == 🧈🧈🧈

If you are a @solana smart contract dev, your job isn’t done until an external developer can use every feature through blinks and das.",2024-09-23,49,320,blinks writes das api reads solana smart contract dev job isnt external developer use feature blinks das,1,63329.80078125
861,toly 🇺🇸,"@0x_Osprey @toghrulmaharram 💯Chain verification costs are higher on solana, but the difference is negligible in practice.  

The economic barrier to participate in the quorum  are 10-20x smaller at the moment on ethereum. That was the big payoff from all the bls optimizations the eth core devs implemented.",2024-09-22,0,9,0xosprey toghrulmaharram chain verification costs higher solana difference negligible practice economic barrier participate quorum 1020x smaller moment ethereum big payoff bls optimizations eth core devs implemented,0,63648.7109375
862,Santiago R Santos,"We’re entering the consumer application phase of crypto and it will become very clear the “have” and “have nots” 

This has been my thesis all along for Solana. I see a clear path for broader adoption from payments to DePIN, and if you think it’s all meme coins you’re in for a",2024-09-22,27,267,entering consumer application phase crypto clear nots thesis solana clear path broader adoption payments depin think meme coins youre,0,63648.7109375
863,toly 🇺🇸,Can we get an @artemis__xyz dashboard for TTSP - time to solana in a podcast.,2024-09-22,1,25,artemisxyz dashboard ttsp time solana podcast,0,63648.7109375
864,toly 🇺🇸,"@geet_eth @jon_charb @0xMert_ lol, that reads really of terse. My bad.",2024-09-22,0,2,geeteth joncharb 0xmert lol reads really terse bad,0,63648.7109375
865,raj 🖤,"@solanasteve_ @solana @SolanaConf I feel like I’m on your shit list after I ran away from you in the mall. I was late for my network state talk, please don’t hate me!

fully agree fwiw",2024-09-22,0,12,solanasteve solana solanaconf feel like im shit list ran away mall late network state talk dont hate fully agree fwiw,-1,63648.7109375
866,Kyle Samani,@sgoldfed agree! the only problem with L2s is that they're bad for ETH,2024-09-22,0,1,sgoldfed agree problem l2s theyre bad eth,0,63648.7109375
867,Kyle Samani,@holdmybirra @solana @SolanaConf that talk is from token2049 not breakpoint. will share YT link when i get it from conference organizers,2024-09-22,0,1,holdmybirra solana solanaconf talk token2049 breakpoint share yt link conference organizers,1,63648.7109375
868,Kyle Samani,"videos from @solana @SolanaConf are all live on youtube! tons of alpha to be found

https://t.co/Zgaj0uODPU",2024-09-22,13,122,videos solana solanaconf live youtube tons alpha httpstcozgaj0uodpu,0,63648.7109375
869,toly 🇺🇸,@geet_eth @jon_charb @0xMert_ If you can’t read the code the analysis won’t mean anything to you,2024-09-22,0,2,geeteth joncharb 0xmert read code analysis wont mean,0,63648.7109375
870,Santiago R Santos,@0xSamHogan @bonham_sol Can always count on Sam leaking alpha,2024-09-22,0,2,0xsamhogan bonhamsol count sam leaking alpha,0,63648.7109375
871,Chris Burniske,"@Apeds_eth I have, also impressive",2024-09-21,0,1,apedseth impressive,1,63394.83984375
872,toly 🇺🇸,Kain was one of the first guests on the solana podcast ages ago.  Finally get to jam together.,2024-09-21,0,50,kain guests solana podcast ages ago finally jam,0,63394.83984375
873,toly 🇺🇸,@chainyoda @solana @brianlong Zaki was right!,2024-09-21,0,4,chainyoda solana brianlong zaki right,0,63394.83984375
874,raj 🖤,"solana is a global network state.

it runs on a light speed state machine.

it seeks to be faster, cheaper, bigger.

this is just the beginning.",2024-09-21,173,1159,solana global network state runs light speed state machine seeks faster cheaper bigger just beginning,0,63394.83984375
875,raj 🖤,"we need someone like this for @solana

DM’s are open! https://t.co/0BM6d2Y33m",2024-09-21,30,311,need like solana dms open httpstco0bm6d2y33m,0,63394.83984375
876,raj 🖤,@farokh @solana this one is gonna cost you a lot,2024-09-21,0,11,farokh solana gonna cost lot,0,63394.83984375
877,raj 🖤,"@Bocsta1 @farokh @solana it’s the opposite, farokh pays me for the right to post about solana",2024-09-21,2,14,bocsta1 farokh solana opposite farokh pays right post solana,0,63394.83984375
878,Santiago R Santos,"All the @SolanaConf Day 1 videos are up on YouTube. Here’s the Solana vs Ethereum debate icymi:

https://t.co/Xam7JLtxuJ",2024-09-20,1,38,solanaconf day 1 videos youtube heres solana vs ethereum debate icymi httpstcoxam7jltxuj,0,63192.9765625
879,Kyle Samani,@chainyoda @zmanian Her was indeed early to solana,2024-09-20,0,4,chainyoda zmanian early solana,0,63192.9765625
880,Santiago R Santos,About to go on stage @SolanaConf . Who will win the Solana vs Ethereum debate and take the Breakpoint award? https://t.co/ZrmwgRHY3g,2024-09-20,9,184,stage solanaconf win solana vs ethereum debate breakpoint award httpstcozrmwgrhy3g,0,63192.9765625
881,Kyle Samani,"@0xtuba @pythianism OP implied BERA/SOL is going up a lot from current 1/40 ratio

I’ll take the under at 1/5 ratio",2024-09-20,0,3,0xtuba pythianism op implied berasol going lot current 140 ratio ill 15 ratio,0,63192.9765625
882,toly 🇺🇸,Congratulations!!! Mert is one of the hardest working founders I have ever met. His energy and product obsession has been an inspiration to the whole solana ecosystem.  🦾🦾🦾,2024-09-20,35,657,congratulations mert hardest working founders met energy product obsession inspiration solana ecosystem,1,63192.9765625
883,Chris Burniske,$SOL's turn to go meow?,2024-09-20,25,559,sols turn meow,0,63192.9765625
884,Chris Burniske,".@solana fam is more quiet than I would have expected during #Breakpoint2024, though $SOL is doing some talking of its own - is it so good in SG that there's no time to post the goodness? https://t.co/08lAqQ16HK",2024-09-19,6,360,solana fam quiet expected breakpoint2024 sol doing talking good sg theres time post goodness httpstco08laqq16hk,0,62940.45703125
885,Kyle Samani,@pythianism BERA/SOL price 18 months after TGE,2024-09-19,0,21,pythianism berasol price 18 months tge,0,62940.45703125
886,Kyle Samani,@daddysether L2s explicitly take value in the form of MEV and execution costs away from ETH,2024-09-19,0,4,daddysether l2s explicitly value form mev execution costs away eth,0,62940.45703125
887,toly 🇺🇸,@ClodsireSol @m_it It’s an original solana saga. There is no “saga 2” atm,2024-09-17,0,1,clodsiresol mit original solana saga saga 2 atm,0,60308.5390625
888,Chris Burniske,"@isellchoco @bonesawtrades @CelestiaOrg Innovation comes before revenue, has for every major chain (Bitcoin, Ethereum, Solana, etc), and every major company. 

Follow a single metric on metronome, without critical thinking, and get rekt.",2024-09-17,0,10,isellchoco bonesawtrades celestiaorg innovation comes revenue major chain bitcoin ethereum solana major company follow single metric metronome critical thinking rekt,0,60308.5390625
889,toly 🇺🇸,@FigoETH The value isn’t based on that guarantee. The value comes from access to the update in relation to some other trade.  If all the trades move from the eth L1 it just won’t matter when the oracle gets an update,2024-09-16,0,1,figoeth value isnt based guarantee value comes access update relation trade trades eth l1 just wont matter oracle gets update,0,58192.5078125
890,toly 🇺🇸,@FigoETH The oracle provider can do this with just SSL and dns. It’s just as true on tron or eth L1 or solana or any L2.  So there is no premium fees to capture.,2024-09-16,0,2,figoeth oracle provider just ssl dns just true tron eth l1 solana l2 premium fees capture,0,58192.5078125
891,toly 🇺🇸,"@FigoETH The mev searcher that bundles the oracle update and pays a premium fee is paying to be first to execute a trade, not for “security of the oracle update”. 

That trade doesn’t depend on the security of the L1.  It can be just as lucrative on any L2 or solana and the oracle update",2024-09-16,0,5,figoeth mev searcher bundles oracle update pays premium fee paying execute trade security oracle update trade doesnt depend security l1 just lucrative l2 solana oracle update,0,58192.5078125
892,Kyle Samani,"@gajeshnaik Gas fees were so bad in 2020 and 2021 that it forced activity off of Ethereum

Activity migrated mostly to SOLUNAVAX

But only Solana remains relevant

Primary reason is SVM so there is no EVM copy pasta. I have been adamantly opposed to EVM support for this reason",2024-09-16,0,36,gajeshnaik gas fees bad 2020 2021 forced activity ethereum activity migrated solunavax solana remains relevant primary reason svm evm copy pasta adamantly opposed evm support reason,-1,58192.5078125
893,Chris Burniske,"@panicselling Easy to be wrong short term, but longer term it’s clear we’re going higher and someone else can try to help those who are shorting tia or sol here",2024-09-15,2,80,panicselling easy wrong short term longer term clear going higher try help shorting tia sol,0,59182.8359375
894,toly 🇺🇸,@WazzCrypto @wholisticguy @hildobby_ Usdt on tron has the same security as eth mainnet usdt or solana usdt.,2024-09-15,0,0,wazzcrypto wholisticguy hildobby usdt tron security eth mainnet usdt solana usdt,0,59182.8359375
895,toly 🇺🇸,"@FigoETH There are no “high value” txs. Native USDT on tron is the same value in eth L1 or solana.  The fees are due to congestion, not value or security.  So there is no way to discriminate on price by “tx value” and no rational person will.",2024-09-15,0,2,figoeth high value txs native usdt tron value eth l1 solana fees congestion value security way discriminate price tx value rational person,0,59182.8359375
896,toly 🇺🇸,"@FigoETH The gap in logic there is why would eth L1 blockspace be so valuable? 

DA has no content or time premium. Users get soft confirmations from the L2, so there is no premium to pay for faster synchronization to L1 or premium to access specific state since all da blobs are fungible.",2024-09-15,0,3,figoeth gap logic eth l1 blockspace valuable da content time premium users soft confirmations l2 premium pay faster synchronization l1 premium access specific state da blobs fungible,0,59182.8359375
897,toly 🇺🇸,@FigoETH USD has value because US people make globally competitive products and services and are taxed in USD regardless of what currency they sell their products in. US based L2s that earn revenue in eth with sequencer fees pay taxes in USD on those eth earnings.  They add more value to,2024-09-15,1,9,figoeth usd value people make globally competitive products services taxed usd regardless currency sell products based l2s earn revenue eth sequencer fees pay taxes usd eth earnings add value,0,59182.8359375
898,toly 🇺🇸,@0xMert_ @baalazamon Solana already has the most ai2ai transactions.,2024-09-15,6,47,0xmert baalazamon solana ai2ai transactions,1,59182.8359375
899,toly 🇺🇸,@andrewhong5297 @ryanberckmans Also for some reason only solana failed txs are excluded and no other ones.  🤷🏼‍♂️ https://t.co/zjOuDsMozb,2024-09-15,0,4,andrewhong5297 ryanberckmans reason solana failed txs excluded ones httpstcozjoudsmozb,-1,59182.8359375
900,Chris Burniske,"7/ Some context on that bullish December 2020 $SOL unlock, when 80% of SOL's supply was unleashed in one go: https://t.co/yCa02WApYl",2024-09-15,5,62,7 context bullish december 2020 sol unlock 80 sols supply unleashed httpstcoyca02wapyl,-1,59182.8359375
901,Chris Burniske,"6/ I'm sure the paid groups and bottom trolls will jump all over my back for this thread, and that alone is a good sign. They're anxious in expensive shorts. 

They'll bring up the VC rounds, the selling of staking rewards, how this is different from $SOL's bullish unlock in",2024-09-15,0,66,6 im sure paid groups trolls jump thread good sign theyre anxious expensive shorts theyll bring vc rounds selling staking rewards different sols bullish unlock,0,59182.8359375
902,Chris Burniske,"4/ What $TIA bottom trolls aren't grasping:

1) @CelestiaOrg as an ecosystem is firing on all cylinders, with an ideologically committed &amp; diverse set of builders experimenting with zeal. Reminds me of early Bitcoin, Ethereum and Solana energy. 

2) The ""evil VCs"" that're given",2024-09-15,10,128,4 tia trolls arent grasping 1 celestiaorg ecosystem firing cylinders ideologically committed amp diverse set builders experimenting zeal reminds early bitcoin ethereum solana energy 2 evil vcs thatre given,0,59182.8359375
903,toly 🇺🇸,@GwartyGwart @_charlienoyes Solana is a bitcoin L2 endorsed but not backed by Satoshi.  She just did a much better job covering her tracks this time around.,2024-09-15,2,8,gwartygwart charlienoyes solana bitcoin l2 endorsed backed satoshi just did better job covering tracks time,1,59182.8359375
904,toly 🇺🇸,"@ryanberckmans @0xBanana @norbertbodziony Capacity != load.  Then load on solana often includes the worst case txs.  Presently that’s ORE mining, which is onchain pow mining that takes up a bunch of CUs. Ironically, it’s outbidding the other worst case txs which are arbs that lockup the maximum number of markets and",2024-09-14,2,11,ryanberckmans 0xbanana norbertbodziony capacity load load solana includes worst case txs presently thats ore mining onchain pow mining takes bunch cus ironically outbidding worst case txs arbs lockup maximum number markets,-1,60005.12109375
905,Kyle Samani,"@crypto_noodles Huh

I literally staked SOL in epoch 0. It was permissionless

In a world with 100+ permissionless hl validators running EVM rotating leaders frequently I think all the performance gains go away? What is the specific case that they don’t?",2024-09-14,0,15,cryptonoodles huh literally staked sol epoch 0 permissionless world 100 permissionless hl validators running evm rotating leaders frequently think performance gains away specific case dont,0,60005.12109375
906,Kyle Samani,"solana and hyperliquid are apples-oranges

solana was permissionless from day 1

HL achieves the performance it does bc its permissioned",2024-09-14,6,167,solana hyperliquid applesoranges solana permissionless day 1 hl achieves performance does bc permissioned,0,60005.12109375
907,Kyle Samani,"@ipopflop Drift product experience is dramatically better since solana 1.18 went live and they switched to pyth pull oracles. Try using it now

By going full stack and permissioning the validator set HL can obviously deliver a better product experience in a very narrow sense

As of now",2024-09-13,4,29,ipopflop drift product experience dramatically better solana 118 went live switched pyth pull oracles try using going stack permissioning validator set hl obviously deliver better product experience narrow sense,0,60571.30078125
908,Chris Burniske,@daejesse @CelestiaOrg @Aptos @movementlabsxyz @SuiNetwork @ethereum @solana @Sagaxyz__ is definitely an up-and-coming innovation environment worthy of mention here,2024-09-12,0,6,daejesse celestiaorg aptos movementlabsxyz suinetwork ethereum solana sagaxyz definitely upandcoming innovation environment worthy mention,0,58127.01171875
909,Chris Burniske,"Contagious enthusiasm coming from up-and-coming ecosystems like that of @CelestiaOrg or Move (@Aptos @movementlabsxyz @SuiNetwork), while the majors of #Bitcoin, @ethereum &amp; @solana continue getting after it - eyes on $10T, don’t get shook 🫡",2024-09-12,1,96,contagious enthusiasm coming upandcoming ecosystems like celestiaorg aptos movementlabsxyz suinetwork majors bitcoin ethereum amp solana continue getting eyes 10t dont shook,-1,58127.01171875
910,toly 🇺🇸,You don’t need any changes from solana to build a data validating bridge with economic guarantees or even validity proofs or fraud proofs.,2024-09-12,2,31,dont need changes solana build data validating bridge economic guarantees validity proofs fraud proofs,-1,58127.01171875
911,toly 🇺🇸,"@gluk64 No, because there is nothing all the validators can do to convince circle to wire out usdc that’s on solana.  Circles single full node would reject the invalid state transition.  

Enough of the token holders to create a quorum and enough of the “professional security council”",2024-09-12,0,16,gluk64 validators convince circle wire usdc thats solana circles single node reject invalid state transition token holders create quorum professional security council,0,58127.01171875
912,Tushar Jain,"8/ The first product demo for Fuse will be revealed next week at Breakpoint, Solana’s annual developer conference.",2024-09-12,0,7,8 product demo fuse revealed week breakpoint solanas annual developer conference,0,58127.01171875
913,toly 🇺🇸,@deanmlittle @SolPlay_jonas @solana That’s only because you don’t have a good llvm build/test environment,2024-09-12,0,1,deanmlittle solplayjonas solana thats dont good llvm buildtest environment,1,58127.01171875
914,toly 🇺🇸,@SolPlay_jonas @solana Add these optimizations to llvm.  It’s not that hard,2024-09-12,0,8,solplayjonas solana add optimizations llvm hard,0,58127.01171875
915,Kyle Samani,"@fiege_max @crypto_noodles There is a pretty major difference between solana 2020 and hl 2024

Hl achieves its performance bc it’s permissioned. Solana has been permissionless consensus from day 1",2024-09-12,0,0,fiegemax cryptonoodles pretty major difference solana 2020 hl 2024 hl achieves performance bc permissioned solana permissionless consensus day 1,1,58127.01171875
916,toly 🇺🇸,@arixoneth solana is already a based L2 via the wormhole eigenlayer,2024-09-11,0,2,arixoneth solana based l2 wormhole eigenlayer,0,57343.171875
917,Kyle Samani,@soyboy_sol @DriftProtocol We own a lot of both,2024-09-11,0,1,soyboysol driftprotocol lot,0,57343.171875
918,Santiago R Santos,And fwiw it was a big contributor in my process of re-underwriting my Solana thesis last year…,2024-09-09,0,12,fwiw big contributor process reunderwriting solana thesis year,0,57019.53515625
919,Chris Burniske,"@kingtrippy5116 And a year from now you’ll say, “sol was $129 sir”",2024-09-09,0,9,kingtrippy5116 year youll say sol 129 sir,1,57019.53515625
920,toly 🇺🇸,@sgoldfed @BanklessHQ Nothing about ethereum alignment would change in solana.  No core protocol changes would be needed and there isn’t anything that solana devs could do to stop someone with a solana full node from building this bridge.,2024-09-09,1,10,sgoldfed banklesshq ethereum alignment change solana core protocol changes needed isnt solana devs stop solana node building bridge,0,57019.53515625
921,toly 🇺🇸,@sgoldfed @BanklessHQ I am a technology optimist as well.  Eventually eth L1 will trivially have capacity for solana data and a zkp or fraud proof can be used to guarantee the state root and if the solana quorum ever censors an ethereum user the quorum that runs the STF for the state root that holds,2024-09-09,1,16,sgoldfed banklesshq technology optimist eventually eth l1 trivially capacity solana data zkp fraud proof used guarantee state root solana quorum censors ethereum user quorum runs stf state root holds,-1,57019.53515625
922,toly 🇺🇸,"@sgoldfed @BanklessHQ wETH in an L2 has the same honest majority risk ask wormhole eth or binance multisig eth.  Security of the system is measured by the worst case link, not the average case.",2024-09-09,0,5,sgoldfed banklesshq weth l2 honest majority risk ask wormhole eth binance multisig eth security measured worst case link average case,-1,57019.53515625
923,toly 🇺🇸,@sgoldfed @BanklessHQ How is wETH on arbitrum growing ethereum more than wETH on solana or binance?,2024-09-09,0,7,sgoldfed banklesshq weth arbitrum growing ethereum weth solana binance,0,57019.53515625
924,toly 🇺🇸,@sgoldfed @BanklessHQ What other ethereum supporters have created as much new technology options for ethereum users as the solana ecosystem?,2024-09-09,0,2,sgoldfed banklesshq ethereum supporters created new technology options ethereum users solana ecosystem,0,57019.53515625
925,toly 🇺🇸,@sgoldfed @BanklessHQ Phantom and backpack natively support ethereum. Fat chance of fox wallet ever adding native solana support.,2024-09-09,0,7,sgoldfed banklesshq phantom backpack natively support ethereum fat chance fox wallet adding native solana support,1,57019.53515625
926,toly 🇺🇸,@sgoldfed @BanklessHQ Solana is trying to grow Ethereum. Wormhole wrapped Eth on solana is the cheapest fastest eth on the planet 🦾🦾🦾,2024-09-09,3,70,sgoldfed banklesshq solana trying grow ethereum wormhole wrapped eth solana cheapest fastest eth planet,0,57019.53515625
927,Chris Burniske,"Signs of strength in the long-tail while $BTC &amp; $ETH consolidate and sentiment would make you think Satoshi died. All the while, blockchains continue seeping into the social fabric, even if none of it is fast enough for the impatient. Future is bright, of this I’m not uncertain.",2024-09-08,80,1042,signs strength longtail btc amp eth consolidate sentiment make think satoshi died blockchains continue seeping social fabric fast impatient future bright im uncertain,0,54841.56640625
928,Chris Burniske,@nancmc111 @eking_eth Not yet,2024-09-07,0,1,nancmc111 ekingeth,0,54139.6875
929,Chris Burniske,@eking_eth Hanging in there,2024-09-07,0,3,ekingeth hanging,0,54139.6875
930,Kyle Samani,"the best thing about the ETH thesis is that it is not falsifiable 

how do you validate or invalidate the ""ETH is money"" thesis?",2024-09-06,2,75,best thing eth thesis falsifiable validate invalidate eth money thesis,0,53948.75390625
931,Kyle Samani,"@SolBeachBum Comparing across time is not possible

Solana could have never launched at a high price then because it was anathema to the rest of crypto",2024-09-06,0,4,solbeachbum comparing time possible solana launched high price anathema rest crypto,1,53948.75390625
932,raj 🖤,stablecoins soar on solana,2024-09-04,48,491,stablecoins soar solana,0,57971.5390625
933,toly 🇺🇸,"Arb/OP style superchain L2s that use solana L1 as the DA layer don’t make a ton of sense on solana because worst case median fees during the highest volatility event over the last year hit $0.005

There are very few business models that are blocked by this.  

What’s more is that",2024-09-04,6,58,arbop style superchain l2s use solana l1 da layer dont make ton sense solana worst case median fees highest volatility event year hit 0005 business models blocked whats,-1,57971.5390625
934,toly 🇺🇸,@pokerchessman It’s just funny that in 12 months a definition of ethereum stretched to the point to include the wormhole eigenlayer DA might pass a low tps moment for solana.,2024-09-04,0,2,pokerchessman just funny 12 months definition ethereum stretched point include wormhole eigenlayer da pass low tps moment solana,0,57971.5390625
935,Chris Burniske,Long $BTC. Long $ETH. Long $SOL.,2024-09-04,198,2549,long btc long eth long sol,0,57971.5390625
936,toly 🇺🇸,"@nope_sol @WazzCrypto If no one is shitposting about them, do they even exist?",2024-09-04,0,4,nopesol wazzcrypto shitposting exist,0,57971.5390625
937,toly 🇺🇸,"@eawosikaa @0xZeno__ @smyyguy So years from now, Ethereum might get to parity to solana, with the hope that it won’t require users to give up custody to a multisig.",2024-09-03,0,0,eawosikaa 0xzeno smyyguy years ethereum parity solana hope wont require users custody multisig,0,57431.0234375
938,Kyle Samani,@0xLewis_gg @kankanivishal @hosseeb i mean if they want to fork out ETH or SOL balances or whatever,2024-09-03,0,2,0xlewisgg kankanivishal hosseeb mean want fork eth sol balances,0,57431.0234375
939,toly 🇺🇸,"@justsayuluvjo @pythianism @Austin_Federa Pyth is a great example of this.  Pyth is awesome, creates a ton of value for solana dapps that far exceeds the value of the transaction fees that occur on the pyth side chain.  Same with the Code wallet. 

It would still be better if mainnet was good enough that it was a no",2024-09-03,9,45,justsayuluvjo pythianism austinfedera pyth great example pyth awesome creates ton value solana dapps far exceeds value transaction fees occur pyth chain code wallet better mainnet good,1,57431.0234375
940,toly 🇺🇸,@justsayuluvjo @pythianism @Austin_Federa I am all for forking SVM.  It’s the best VM for trustless compute.  But txs that get sequenced by non solana stake weighted validators are lost revenue for those validators.  So it’s competitive with mainnet. Which is fine. Competition is great.,2024-09-03,5,24,justsayuluvjo pythianism austinfedera forking svm best vm trustless compute txs sequenced non solana stake weighted validators lost revenue validators competitive mainnet fine competition great,0,57431.0234375
941,Kyle Samani,"2/ i was thinking about pavel's arrest

what if USG forks ethereum/solana codebase and mainnet

and just 0s out some accounts (eg known north korea accounts or something)",2024-09-03,0,8,2 thinking pavels arrest usg forks ethereumsolana codebase mainnet just 0s accounts known north korea accounts,-1,57431.0234375
942,toly 🇺🇸,"@EliBenSasson @KyleSamani @toghrulmaharram @mhonkasalo @cubexch @Backpack @Starknet @solana Compressed NFTs on @metaplex, @LightProtocol generalized zk compression",2024-09-03,0,2,elibensasson kylesamani toghrulmaharram mhonkasalo cubexch backpack starknet solana compressed nfts metaplex lightprotocol generalized zk compression,1,57431.0234375
943,toly 🇺🇸,@0xZeno__ @smyyguy Solana is an Ethereum network extension over the wormhole eigenlayer,2024-09-03,0,3,0xzeno smyyguy solana ethereum network extension wormhole eigenlayer,0,57431.0234375
944,Kyle Samani,"@crypto_y2k people will build L2s and network extensions on solana

1) i don't think general purpose EVM/SVM roll ups will be a thing at all on solana; which is obviously not true of ethereum

2) we'll see if any app-specific network extensions gain meaningful adoption

3) to the extent they",2024-09-03,0,2,cryptoy2k people build l2s network extensions solana 1 dont think general purpose evmsvm roll ups thing solana obviously true ethereum 2 appspecific network extensions gain meaningful adoption 3 extent,0,57431.0234375
945,toly 🇺🇸,@ayyyeandy @KyleSamani Solana’s compressed NFTs host over 500m NFTs across 5000 “L2s”.  Solana has more L2s than all the other chains combined. (By like a factor of 10?),2024-09-03,0,2,ayyyeandy kylesamani solanas compressed nfts host 500m nfts 5000 l2s solana l2s chains combined like factor 10,-1,57431.0234375
946,Kyle Samani,"@ayyyeandy @Terminaxyz we are not investors in termina

we've been long SOL since it was possible to be long SOL bc of focus on scaling L1. what gravity are we fighting?",2024-09-03,0,4,ayyyeandy terminaxyz investors termina weve long sol possible long sol bc focus scaling l1 gravity fighting,0,57431.0234375
947,toly 🇺🇸,@WazzCrypto Compressed NFTs are “L2s”. There is over 5000 of L2s managing over 500m NFTs already on solana. Solana is by far the largest L2 ecosystem already and has more L2s than all the other chains combined.,2024-09-03,0,30,wazzcrypto compressed nfts l2s 5000 l2s managing 500m nfts solana solana far largest l2 ecosystem l2s chains combined,-1,57431.0234375
948,toly 🇺🇸,"@KyleSamani @EliBenSasson @toghrulmaharram @mhonkasalo @cubexch @Backpack @Starknet @solana If two starks can compose atomically in 1 solana tx, then it’s just another program that’s using cryptography for optimizations.  No different than zk compression.",2024-09-03,0,3,kylesamani elibensasson toghrulmaharram mhonkasalo cubexch backpack starknet solana starks compose atomically 1 solana tx just program thats using cryptography optimizations different zk compression,0,57431.0234375
949,Kyle Samani,"@ayyyeandy that is def wrong

agave and firedancer codebases are very integrated

solana is permissionless so sure 3rd parties can do whatever they want

but so far there is 0 evidence that general purpose EVM/SVM roll ups matter on solana",2024-09-03,0,9,ayyyeandy def wrong agave firedancer codebases integrated solana permissionless sure 3rd parties want far 0 evidence general purpose evmsvm roll ups matter solana,0,57431.0234375
950,Kyle Samani,@laemD8 @aeyakovenko @toghrulmaharram @mhonkasalo @cubexch @Backpack @Neon_EVM i don't think EVM on solana mainnet solves any problems,2024-09-03,0,1,laemd8 aeyakovenko toghrulmaharram mhonkasalo cubexch backpack neonevm dont think evm solana mainnet solves problems,-1,57431.0234375
951,toly 🇺🇸,@jon_charb The token with the most monetary premium needs the highest level of economic security. L2 bridged eth TVL needs to increase.,2024-09-03,0,1,joncharb token monetary premium needs highest level economic security l2 bridged eth tvl needs increase,0,57431.0234375
952,toly 🇺🇸,"Credit to @smyyguy 

Network fees when the users need them most:

Max median fee, max avg fee, total fees (5hrs)
Ethereum: $157, $336, $7.6m
Solana: $0.0044, $0.1770, $232k",2024-09-03,15,178,credit smyyguy network fees users need max median fee max avg fee total fees 5hrs ethereum 157 336 76m solana 00044 01770 232k,0,57431.0234375
953,toly 🇺🇸,"@RyanSAdams &gt; There's no way the apps on Solana are going to let SOL holders rent seek their MEV - not a sustainable equilibrium.

MEV and priority fees are a fraction of App revenue, since Apps can trivially charge basis points on volume.  

If composability drives App revenue, giving up",2024-09-03,0,29,ryansadams gt theres way apps solana going let sol holders rent seek mev sustainable equilibrium mev priority fees fraction app revenue apps trivially charge basis points volume composability drives app revenue giving,0,57431.0234375
954,toly 🇺🇸,"“L2ish” thing that I think would be cool.  Add an sdk to @jito_sol so devs could build small off chain order books using the 0x relayer matching model that operate within a smaller light cone than mainnet.   So a Tokyo one, one in Ireland one in Singapore, etc….  these should",2024-09-03,1,38,l2ish thing think cool add sdk jitosol devs build small chain order books using 0x relayer matching model operate smaller light cone mainnet tokyo ireland singapore,0,57431.0234375
955,toly 🇺🇸,@getsqt @sreeramkannan @toghrulmaharram Yep! That’s the core reason to call arb/op competitive with eth L1,2024-09-03,0,0,getsqt sreeramkannan toghrulmaharram yep thats core reason arbop competitive eth l1,0,57431.0234375
956,Kyle Samani,"if we're all in sudden agreement that various blockchain designs are converging, then the question is

can ethereum become more like solana faster than solana can become.... wait that's not right

this is a one-way imitation",2024-09-03,5,173,sudden agreement various blockchain designs converging question ethereum like solana faster solana wait thats right oneway imitation,0,57431.0234375
957,toly 🇺🇸,@Sol_omo_n @nickwh8te Only one vm. But your program can function as an interpreter or vm I suppose.,2024-09-03,0,7,solomon nickwh8te vm program function interpreter vm suppose,0,57431.0234375
958,toly 🇺🇸,"@Sol_omo_n @nickwh8te That’s the whole point.  It’s impossible to stop apps from going their own way, but the network must not give them a technical reason to do so.",2024-09-03,0,6,solomon nickwh8te thats point impossible stop apps going way network technical reason,0,57431.0234375
959,Kyle Samani,"If you can build a better overall UX using a sovereign app chain, or L2, instead of Solana mainnet

you should

and yes, that's parasitic to Solana relative to the counterfactual in which the app lives on solana mainnet",2024-09-03,0,28,build better overall ux using sovereign app chain l2 instead solana mainnet yes thats parasitic solana relative counterfactual app lives solana mainnet,0,57431.0234375
960,toly 🇺🇸,"@nickwh8te 🙄, solana is home to more L2s than celestia and ethereum combined.",2024-09-03,0,22,nickwh8te solana home l2s celestia ethereum combined,0,57431.0234375
961,toly 🇺🇸,@StaleOracle @toghrulmaharram How can an L2 have its own L2s though? Solana has been an eth L2 via the wormhole eigenlayer for ages,2024-09-02,0,2,staleoracle toghrulmaharram l2 l2s solana eth l2 wormhole eigenlayer ages,0,59112.48046875
962,toly 🇺🇸,"@toghrulmaharram @joaomendoncaaaa @mhonkasalo @magicblock @getgrass_io @OREsupply @PythNetwork You are trying to land a point that everything that isn’t on solana mainnet is parasitic.  

Great 👍. 

No one cares because no one aggregates those metrics into a bs narrative about “monetary premium”.",2024-09-02,0,3,toghrulmaharram joaomendoncaaaa mhonkasalo magicblock getgrassio oresupply pythnetwork trying land point isnt solana mainnet parasitic great cares aggregates metrics bs narrative monetary premium,1,59112.48046875
963,toly 🇺🇸,"@toghrulmaharram @joaomendoncaaaa @mhonkasalo @magicblock @getgrass_io @OREsupply @PythNetwork In that context of discussing the Ethereum ecosystem it’s fair to push back on those claims and say that L2s aren’t adding value to eth, and in fact the relationship might resemble something more parasitic.",2024-09-02,0,1,toghrulmaharram joaomendoncaaaa mhonkasalo magicblock getgrassio oresupply pythnetwork context discussing ethereum ecosystem fair push claims say l2s arent adding value eth fact relationship resemble parasitic,0,59112.48046875
964,toly 🇺🇸,@toghrulmaharram @joaomendoncaaaa @mhonkasalo @magicblock @getgrass_io @OREsupply @PythNetwork 🙄 no one is adding cube and backpack activity into “solana” metrics and shilling it as one giant thing that creates “monetary premium” like Ethereum KOLs do for eth.,2024-09-02,0,3,toghrulmaharram joaomendoncaaaa mhonkasalo magicblock getgrassio oresupply pythnetwork adding cube backpack activity solana metrics shilling giant thing creates monetary premium like ethereum kols eth,1,59112.48046875
965,Kyle Samani,"@0xBreadguy 1) sure solana has L2s bc its permissionless. But they have 0 market share today

2) moneyness thesis is unfalsifiable, and circular. And is predicated on being a special snowflake. Maybe bitcoin is a special snowflake. Ethereum and Solana are not",2024-09-02,0,1,0xbreadguy 1 sure solana l2s bc permissionless 0 market share today 2 moneyness thesis unfalsifiable circular predicated special snowflake maybe bitcoin special snowflake ethereum solana,0,59112.48046875
966,Kyle Samani,"@aeyakovenko @toghrulmaharram @mhonkasalo @cubexch @Backpack Anything that doesn’t happen on L1 that could’ve happened on L1 is by definition parasitic

i don’t find EVM/SVM roll ups interesting for this reason. It’s literally the same thing as L1. I am very skeptical any of these copy-paste L2s will take off on solana bc L1 is good enough",2024-09-02,5,84,aeyakovenko toghrulmaharram mhonkasalo cubexch backpack doesnt happen l1 couldve happened l1 definition parasitic dont evmsvm roll ups interesting reason literally thing l1 skeptical copypaste l2s solana bc l1 good,-1,59112.48046875
967,toly 🇺🇸,"@toghrulmaharram @mhonkasalo @cubexch @Backpack @KyleSamani Sure. Apps that move their users to their own L2 or L1 in a zero sum way are obviously moving revenue of the L1.  That’s no good either.  

It makes no difference to me if they inherit solana security or not.  wtf would I care, I want to use the mainnet version.",2024-09-02,0,15,toghrulmaharram mhonkasalo cubexch backpack kylesamani sure apps users l2 l1 zero sum way obviously moving revenue l1 thats good makes difference inherit solana security wtf care want use mainnet version,0,59112.48046875
968,toly 🇺🇸,"@40xmiles @toghrulmaharram @mhonkasalo @cubexch @Backpack @KyleSamani ZK compression is “l2 like technology” that any L1 app on solana can use.  It’s not moving a bunch of users from the L1.  For the apps that can leverage this, it’s saving costs (so validators earn less) but is
also growing users that pay those same validators (so validators are",2024-09-02,0,0,40xmiles toghrulmaharram mhonkasalo cubexch backpack kylesamani zk compression l2 like technology l1 app solana use moving bunch users l1 apps leverage saving costs validators earn growing users pay validators validators,0,59112.48046875
969,toly 🇺🇸,@toghrulmaharram @mhonkasalo Sure. But that doesn’t help growing solana mainnet activity.  Thats a separate thing like @cubexch or @Backpack.,2024-09-02,0,8,toghrulmaharram mhonkasalo sure doesnt help growing solana mainnet activity thats separate thing like cubexch backpack,-1,59112.48046875
970,toly 🇺🇸,"@toghrulmaharram @mhonkasalo Every eth KOL is shilling this narrative that Ethereum’s growth is eth + L2s, which is dumb.  

I don’t care about the growth of solana “L2s” unless it results in more priority txs for solana mainnet validators.  

Zk state compression 🤌
Ore mining of chain 🤌
State channels 🤷🏼‍♂️",2024-09-02,1,44,toghrulmaharram mhonkasalo eth kol shilling narrative ethereums growth eth l2s dumb dont care growth solana l2s unless results priority txs solana mainnet validators zk state compression ore mining chain state channels,-1,59112.48046875
971,toly 🇺🇸,"@toghrulmaharram @mhonkasalo If the solana ecosystem were to cripple L1 execution optimizations in favor of “arb/op” general purpose L2 stack to handle all the user txs, it would be parasitic to solana’s mainnet. It’s not that hard to think through this.",2024-09-02,0,30,toghrulmaharram mhonkasalo solana ecosystem cripple l1 execution optimizations favor arbop general purpose l2 stack handle user txs parasitic solanas mainnet hard think,0,59112.48046875
972,toly 🇺🇸,@armaniferrante Eclipse doesn’t inherit solana or ethereum security. Ironically.,2024-09-02,0,11,armaniferrante eclipse doesnt inherit solana ethereum security ironically,0,59112.48046875
973,toly 🇺🇸,"@Evan_ss6 @R89Capital 🙄 eth high fees are bad, does that mean all high fees are bad? 

No, obviously not.  Charging a high fee for a hotspot concurrently with a low fee for everyone else is great.  High average fees + low median fees and dynamic price discrimination by local state is great.

Arb and",2024-09-02,0,2,evanss6 r89capital eth high fees bad does mean high fees bad obviously charging high fee hotspot concurrently low fee great high average fees low median fees dynamic price discrimination local state great arb,-1,59112.48046875
974,toly 🇺🇸,@eawosikaa I am 100% for &gt; 33% of eth moving into L2s asap.  Maximizing that L2 bridged ethereum TVL should be the number 1 priority for the ethereum ecosystem and the only way to measure its growth and value.,2024-09-02,0,2,eawosikaa 100 gt 33 eth moving l2s asap maximizing l2 bridged ethereum tvl number 1 priority ethereum ecosystem way measure growth value,0,59112.48046875
975,Kyle Samani,@DegenMVP There are many things that solana mainnet cannot do!,2024-09-02,0,2,degenmvp things solana mainnet,0,59112.48046875
976,Kyle Samani,"strongly agree

most of the L2-type things on Solana are not just SVM-environments that settle to Solana mainnet

they actually do new things that are not possible on mainnet!",2024-09-02,7,172,strongly agree l2type things solana just svmenvironments settle solana mainnet actually new things possible mainnet,0,59112.48046875
977,toly 🇺🇸,"Tell toranaga-sama that solana validator requirements are too high. It’s the equivalent of a running a whole datacenter to validate the chain.  

The anjin uses a MacBook that his parents bought him",2024-09-02,4,88,tell toranagasama solana validator requirements high equivalent running datacenter validate chain anjin uses macbook parents bought,0,59112.48046875
978,toly 🇺🇸,"@eawosikaa How is it implemented? In EVM itself? Or exogenous to the state machine that executes smart contracts?

Votes on solana go through the vm. So almost everything is captured inside the vm.  ZKP of the vm STF would be 99.99% of the load",2024-09-02,0,4,eawosikaa implemented evm exogenous state machine executes smart contracts votes solana vm captured inside vm zkp vm stf 9999 load,0,59112.48046875
979,toly 🇺🇸,@eawosikaa How much of eth is exogenous state to the state entirely computed in EVM?,2024-09-02,0,2,eawosikaa eth exogenous state state entirely computed evm,-1,59112.48046875
980,toly 🇺🇸,@joaomendoncaaaa @eawosikaa @ngmingmingmi @0xBreadguy @luigidemeo @SIGNAL_RETURN @sreeramkannan @solana There is no way they will get to two gigabits though.,2024-09-02,0,1,joaomendoncaaaa eawosikaa ngmingmingmi 0xbreadguy luigidemeo signalreturn sreeramkannan solana way gigabits,0,59112.48046875
981,toly 🇺🇸,@eawosikaa @ngmingmingmi @0xBreadguy @luigidemeo @SIGNAL_RETURN @sreeramkannan @solana I has data center https://t.co/OA7zzPRSfn,2024-09-02,0,1,eawosikaa ngmingmingmi 0xbreadguy luigidemeo signalreturn sreeramkannan solana data center httpstcooa7zzprsfn,-1,59112.48046875
982,toly 🇺🇸,"@eawosikaa @0xBreadguy @luigidemeo @SIGNAL_RETURN @sreeramkannan @ngmingmingmi @solana But they were all deceived, for there was another superchain multisig that could force its own state transitions. https://t.co/Y8kz2VX1HC",2024-09-02,0,4,eawosikaa 0xbreadguy luigidemeo signalreturn sreeramkannan ngmingmingmi solana deceived superchain multisig force state transitions httpstcoy8kz2vx1hc,0,59112.48046875
983,toly 🇺🇸,"@luigidemeo @SIGNAL_RETURN @0xBreadguy @eawosikaa @sreeramkannan @ngmingmingmi @solana if your usecase is simply hodling and not transacting, then minimizing the cost of the box that verifies that no one has messed with the rest of the state makes sense as a priority.  

total cost to users:

(cost of box + cost of fees to household sharing the box)

if all you are",2024-09-02,0,2,luigidemeo signalreturn 0xbreadguy eawosikaa sreeramkannan ngmingmingmi solana usecase simply hodling transacting minimizing cost box verifies messed rest state makes sense priority total cost users cost box cost fees household sharing box,0,59112.48046875
984,toly 🇺🇸,@SIGNAL_RETURN @sreeramkannan @ngmingmingmi @solana US bankruptcy court rules are not what Celsius users expect when they deposit into an L2,2024-09-01,0,4,signalreturn sreeramkannan ngmingmingmi solana bankruptcy court rules celsius users expect deposit l2,0,57325.48828125
985,toly 🇺🇸,@eawosikaa @dankrad @lex_node Yes! That’s the wormhole eigenlayer.  Thats why solana should be included in ethereum metrics.,2024-09-01,0,4,eawosikaa dankrad lexnode yes thats wormhole eigenlayer thats solana included ethereum metrics,1,57325.48828125
986,toly 🇺🇸,"@SIGNAL_RETURN @sreeramkannan @ngmingmingmi @solana If everyone upgraded then how is this an invalid upgrade? 

Social consensus is the “free market”. The bug is that bridge guardians or L2 security council can go against the free market.",2024-09-01,0,9,signalreturn sreeramkannan ngmingmingmi solana upgraded invalid upgrade social consensus free market bug bridge guardians l2 security council free market,0,57325.48828125
987,toly 🇺🇸,"@SIGNAL_RETURN @sreeramkannan @ngmingmingmi @solana Can’t instantly force an upgrade to all the full nodes.  That’s the point.  If the majority by stake upgrades, but circle/cb/binance/wormhole/mert rpc’s etc… do not, and a transaction that would diverge the chain is executed, it looks like a liveness failure.",2024-09-01,0,7,signalreturn sreeramkannan ngmingmingmi solana instantly force upgrade nodes thats point majority stake upgrades circlecbbinancewormholemert rpcs transaction diverge chain executed looks like liveness failure,0,57325.48828125
988,toly 🇺🇸,@sreeramkannan @solana That’s great.  Get it to prod and compete.,2024-09-01,5,94,sreeramkannan solana thats great prod compete,1,57325.48828125
989,toly 🇺🇸,"@sreeramkannan @ngmingmingmi @solana Multisig councils force all the users of the L2s to commingle the assets and risk with the security council.

Simply holding or transferring assets in an L2 is as risky as LPing into an upgradable lending protocol.",2024-09-01,0,15,sreeramkannan ngmingmingmi solana multisig councils force users l2s commingle assets risk security council simply holding transferring assets l2 risky lping upgradable lending protocol,-1,57325.48828125
990,toly 🇺🇸,@sreeramkannan @solana I would be ecstatic with payments and RWAs and all the forex between them as pmf,2024-09-01,0,20,sreeramkannan solana ecstatic payments rwas forex pmf,0,57325.48828125
991,toly 🇺🇸,@sreeramkannan @solana Can’t even do that on an L2 🤷🏼‍♂️,2024-09-01,0,23,sreeramkannan solana l2,0,57325.48828125
992,Kyle Samani,"@digitalartchick If you stake your SOL (or ETH), you are *guaranteed* to beat inflation",2024-09-01,0,1,digitalartchick stake sol eth guaranteed beat inflation,1,57325.48828125
993,toly 🇺🇸,@eawosikaa @dnrcsii @udiWertheimer @lex_node It’s not complicated to implement an auction. Whoever burns the most Eth can sequence the root for an epoch or until censorship has been proven.,2024-09-01,0,0,eawosikaa dnrcsii udiwertheimer lexnode complicated implement auction burns eth sequence root epoch censorship proven,-1,57325.48828125
994,toly 🇺🇸,"@eawosikaa @dnrcsii @udiWertheimer @lex_node You can do the same thing with solana ledger data.  It just needs to have enough to recover the root and to detect censorship.  

State root voted by solana validators isn’t the correct one.  They only confirm the root.  The correct one is one that follows the correct",2024-09-01,0,2,eawosikaa dnrcsii udiwertheimer lexnode thing solana ledger data just needs recover root detect censorship state root voted solana validators isnt correct confirm root correct follows correct,0,57325.48828125
995,toly 🇺🇸,"@eawosikaa @dnrcsii @udiWertheimer @lex_node &gt; If I take ETH to Solana in 2031, its security depends on the external bridge and Solana consensus.

Thats not true. 

1. Dump solana ledger data into eth blobs
2. Post a proof of a state root 
3. Have a failsafe sequencer election if solana validators censor eth users txs",2024-09-01,0,1,eawosikaa dnrcsii udiwertheimer lexnode gt eth solana 2031 security depends external bridge solana consensus thats true 1 dump solana ledger data eth blobs 2 post proof state root 3 failsafe sequencer election solana validators censor eth users txs,-1,57325.48828125
996,toly 🇺🇸,@udiWertheimer @dnrcsii @eawosikaa @lex_node L2 eth TVL is the most important metric for L2 adoption.  Bridge 33% of eth to the security council of your choice asap.,2024-09-01,0,2,udiwertheimer dnrcsii eawosikaa lexnode l2 eth tvl important metric l2 adoption bridge 33 eth security council choice asap,1,57325.48828125
997,toly 🇺🇸,"@eawosikaa @BSmokes_ @dankrad @lex_node Don’t equate that with honest majority risk.  As a competitor, I am all for bridging &gt; 33% of eth to the security council of your choosing.",2024-09-01,0,0,eawosikaa bsmokes dankrad lexnode dont equate honest majority risk competitor bridging gt 33 eth security council choosing,-1,57325.48828125
998,toly 🇺🇸,"@eawosikaa @udiWertheimer @lex_node As a competitor, I am 100% for bridging &gt;33% of eth into the security council of your choice asap.",2024-09-01,0,2,eawosikaa udiwertheimer lexnode competitor 100 bridging gt33 eth security council choice asap,0,57325.48828125
999,toly 🇺🇸,"@eawosikaa @dankrad @lex_node I ain’t reading all that.  What’s the actual average fee over the last year? 

I can split the cost of a single solana validator for everyone in my household, or everyone that came to my wedding.  I can’t split the fees.  There will always be some group where (Cost of box + fees)",2024-09-01,0,1,eawosikaa dankrad lexnode aint reading whats actual average fee year split cost single solana validator household came wedding split fees group cost box fees,0,57325.48828125
1000,toly 🇺🇸,@udiWertheimer @lex_node @eawosikaa Bridge &gt;33% of eth into any L2 and see what happens to the security council.,2024-09-01,0,1,udiwertheimer lexnode eawosikaa bridge gt33 eth l2 happens security council,0,57325.48828125
1001,toly 🇺🇸,"@BSmokes_ @dankrad @lex_node @eawosikaa Average eth L1 network fees over the past year were much higher than $0.05, much higher even recently during a spike in demand, when everyone needed to transact.",2024-09-01,0,1,bsmokes dankrad lexnode eawosikaa average eth l1 network fees past year higher 005 higher recently spike demand needed transact,0,57325.48828125
1002,Kyle Samani,@tokenterminal @coinbase What’s wrong with solana,2024-09-01,0,9,tokenterminal coinbase whats wrong solana,-1,57325.48828125
1003,toly 🇺🇸,"@dankrad @lex_node @eawosikaa Ethereum is too expensive for me though.  

(Cost of solana hardware + solana fees) &lt; (cost of ethereum hardware + ethereum fees)

There will always be a set of users for which this is true as long as increasing hardware costs reduces network fees.",2024-09-01,0,2,dankrad lexnode eawosikaa ethereum expensive cost solana hardware solana fees lt cost ethereum hardware ethereum fees set users true long increasing hardware costs reduces network fees,0,57325.48828125
1004,toly 🇺🇸,"@lex_node @eawosikaa @dankrad As a competitor, I am all for &gt;33% of eth bridging to base.",2024-09-01,3,64,lexnode eawosikaa dankrad competitor gt33 eth bridging base,0,57325.48828125
